PID,AID,Date,Open,High,Low,Close,Adj Close,Volume,YMD,day,qty_chg_1,mv_1,cum_cost_1,return_1
P1,CRM,2018-05-01,120.879997,123.32,120.41999799999999,123.110001,123.110001,3873900,2018-05-01,01,8.122816926952995,1000.0000000000001,1000.0000000000001,1.0
P1,CRM,2018-05-02,122.290001,123.970001,121.739998,122.82,122.82,3671000,2018-05-02,02,0.0,997.6443749683667,1000.0000000000001,0.9976443749683666
P1,CRM,2018-05-03,122.620003,125.0,121.66999799999999,124.410004,124.410004,4435600,2018-05-03,03,0.0,1010.5596863734897,1000.0000000000001,1.0105596863734896
P1,CRM,2018-05-04,124.379997,125.839996,122.980003,125.120003,125.120003,6341200,2018-05-04,04,0.0,1016.3268782688094,1000.0000000000001,1.0163268782688093
P1,CRM,2018-05-07,125.790001,127.690002,125.459999,126.970001,126.970001,4342000,2018-05-07,07,0.0,1031.3540733380387,1000.0000000000001,1.0313540733380386
P1,CRM,2018-05-08,126.589996,128.96000700000002,126.5,128.75,128.75,4467800,2018-05-08,08,0.0,1045.8126793451981,1000.0000000000001,1.045812679345198
P1,CRM,2018-05-09,128.880005,129.740005,127.33000200000001,129.729996,129.729996,4605300,2018-05-09,09,0.0,1053.7730074423444,1000.0000000000001,1.0537730074423441
P1,CRM,2018-05-10,129.949997,131.0,129.050003,130.619995,130.619995,3772400,2018-05-10,10,0.0,1061.0023063845154,1000.0000000000001,1.0610023063845153
P1,CRM,2018-05-11,130.0,130.850006,128.889999,130.630005,130.630005,3233200,2018-05-11,11,0.0,1061.0836157819544,1000.0000000000001,1.0610836157819543
P1,CRM,2018-05-14,130.78999299999998,131.0,127.160004,127.690002,127.690002,4169800,2018-05-14,14,0.0,1037.2025096482619,1000.0000000000001,1.0372025096482618
P1,CRM,2018-05-15,126.93,128.58999599999999,126.089996,128.130005,128.130005,2933100,2018-05-15,15,0.0,1040.776573464572,1000.0000000000001,1.040776573464572
P1,CRM,2018-05-16,128.71000700000002,128.970001,127.91999799999999,128.770004,128.770004,2439900,2018-05-16,16,0.0,1045.975168175005,1000.0000000000001,1.0459751681750047
P1,CRM,2018-05-17,129.190002,129.46000700000002,125.550003,126.050003,126.050003,5557000,2018-05-17,17,0.0,1023.8810980108758,1000.0000000000001,1.0238810980108757
P1,CRM,2018-05-18,126.059998,127.720001,125.870003,126.959999,126.959999,3612300,2018-05-18,18,0.0,1031.2728289231352,1000.0000000000001,1.031272828923135
P1,CRM,2018-05-21,128.0,128.350006,126.0,126.370003,126.370003,2887200,2018-05-21,21,0.0,1026.4803994275007,1000.0000000000001,1.0264803994275007
P1,CRM,2018-05-22,126.660004,127.050003,125.260002,125.440002,125.440002,2789800,2018-05-22,22,0.0,1018.9261715626176,1000.0000000000001,1.0189261715626174
P1,CRM,2018-05-23,124.879997,128.08999599999999,124.58000200000001,128.08999599999999,128.08999599999999,4209400,2018-05-23,23,0.0,1040.4515876821413,1000.0000000000001,1.0404515876821412
P1,CRM,2018-05-24,128.809998,129.380005,127.389999,128.740005,128.740005,5972400,2018-05-24,24,0.0,1045.731491790013,1000.0000000000001,1.045731491790013
P1,CRM,2018-05-25,128.729996,129.25,127.620003,127.959999,127.959999,4031800,2018-05-25,25,0.0,1039.3956458500882,1000.0000000000001,1.0393956458500881
P1,CRM,2018-05-29,126.75,127.540001,126.120003,126.879997,126.879997,8141900,2018-05-29,29,0.0,1030.6229873233451,1000.0000000000001,1.030622987323345
P1,CRM,2018-05-30,132.300003,132.550003,127.839996,129.300003,129.300003,14170900,2018-05-30,30,0.0,1050.280253023473,1000.0000000000001,1.050280253023473
P1,CRM,2018-05-31,129.369995,130.990005,128.41000400000001,129.330002,129.330002,6408300,2018-05-31,31,0.0,1050.5239294084647,1000.0000000000001,1.0505239294084645
P1,CRM,2018-06-01,129.880005,130.869995,128.350006,130.520004,130.520004,6132800,2018-06-01,01,7.661660813311038,2060.1900977971727,2000.0,1.0300950488985863
P1,CRM,2018-06-04,130.389999,132.800003,129.600006,132.649994,132.649994,4860700,2018-06-04,04,0.0,2093.8108775391574,2000.0,1.0469054387695786
P1,CRM,2018-06-05,133.139999,134.630005,132.970001,134.119995,134.119995,5123200,2018-06-05,05,0.0,2117.014075601823,2000.0,1.0585070378009116
P1,CRM,2018-06-06,134.330002,135.71000700000002,134.119995,135.550003,135.550003,4766900,2018-06-06,06,0.0,2139.586005046223,2000.0,1.0697930025231115
P1,CRM,2018-06-07,135.550003,135.75,130.729996,132.91000400000001,132.91000400000001,6564100,2018-06-07,07,0.0,2097.914999596404,2000.0,1.048957499798202
P1,CRM,2018-06-08,131.699997,133.679993,130.820007,133.529999,133.529999,3486600,2018-06-08,08,0.0,2107.7012968729787,2000.0,1.0538506484364893
P1,CRM,2018-06-11,133.880005,134.669998,133.259995,133.979996,133.979996,3443100,2018-06-11,11,0.0,2114.8042645026644,2000.0,1.0574021322513323
P1,CRM,2018-06-12,134.96000700000002,137.5,134.649994,136.259995,136.259995,5319900,2018-06-12,12,0.0,2150.792857965989,2000.0,1.0753964289829945
P1,CRM,2018-06-13,136.369995,137.490005,135.600006,136.5,136.5,5809300,2018-06-13,13,0.0,2154.581211546041,2000.0,1.0772906057730205
P1,CRM,2018-06-14,137.0,139.75,136.889999,138.41000400000001,138.41000400000001,6494900,2018-06-14,14,0.0,2184.729627167856,2000.0,1.0923648135839281
P1,CRM,2018-06-15,138.070007,138.949997,136.800003,138.41000400000001,138.41000400000001,7711100,2018-06-15,15,0.0,2184.729627167856,2000.0,1.0923648135839281
P1,CRM,2018-06-18,137.009995,140.190002,136.91000400000001,139.800003,139.800003,4202400,2018-06-18,18,0.0,2206.670035442345,2000.0,1.1033350177211725
P1,CRM,2018-06-19,138.080002,139.71000700000002,137.229996,139.520004,139.520004,4833700,2018-06-19,19,0.0,2202.250397459549,2000.0,1.1011251987297743
P1,CRM,2018-06-20,140.0,142.119995,138.820007,138.940002,138.940002,5341400,2018-06-20,20,0.0,2193.09536880124,2000.0,1.0965476844006201
P1,CRM,2018-06-21,139.070007,140.059998,137.119995,137.880005,137.880005,3912800,2018-06-21,21,0.0,2176.3638697499937,2000.0,1.0881819348749968
P1,CRM,2018-06-22,137.259995,137.300003,133.949997,135.009995,135.009995,7466000,2018-06-22,22,0.0,2131.0622607906585,2000.0,1.0655311303953292
P1,CRM,2018-06-25,134.240005,134.889999,131.669998,133.190002,133.190002,6969800,2018-06-25,25,0.0,2102.334621794722,2000.0,1.051167310897361
P1,CRM,2018-06-26,134.759995,137.169998,133.820007,135.479996,135.479996,7043100,2018-06-26,26,0.0,2138.4809811130604,2000.0,1.0692404905565303
P1,CRM,2018-06-27,136.679993,137.419998,133.100006,133.220001,133.220001,6851600,2018-06-27,27,0.0,2102.808140342452,2000.0,1.0514040701712262
P1,CRM,2018-06-28,133.990005,135.889999,133.190002,135.119995,135.119995,6333700,2018-06-28,28,0.0,2132.7985533420874,2000.0,1.0663992766710437
P1,CRM,2018-06-29,136.279999,137.71000700000002,135.899994,136.399994,136.399994,5229500,2018-06-29,29,0.0,2153.0026690651475,2000.0,1.0765013345325738
P1,CRM,2018-07-02,136.149994,140.470001,135.300003,140.429993,140.429993,6399200,2018-07-02,02,0.0,2216.614098573934,2000.0,1.1083070492869669
P1,CRM,2018-07-03,140.600006,140.75,137.71000700000002,137.83999599999999,137.83999599999999,3164700,2018-07-03,03,0.0,2175.7323485800835,2000.0,1.0878661742900417
P1,CRM,2018-07-05,139.259995,139.889999,138.220001,139.770004,139.770004,5576700,2018-07-05,05,0.0,2206.196516894615,2000.0,1.1030982584473075
P1,CRM,2018-07-06,140.190002,141.729996,139.009995,141.399994,141.399994,5045800,2018-07-06,06,0.0,2231.925057766468,2000.0,1.115962528883234
P1,CRM,2018-07-09,142.649994,142.869995,139.880005,141.759995,141.759995,5183100,2018-07-09,09,0.0,2237.607485537441,2000.0,1.1188037427687205
P1,CRM,2018-07-10,142.300003,143.509995,141.509995,142.449997,142.449997,3643700,2018-07-10,10,0.0,2248.498806747178,2000.0,1.124249403373589
P1,CRM,2018-07-11,141.21000700000002,145.639999,141.020004,145.25,145.25,6168000,2018-07-11,11,0.0,2292.695391773351,2000.0,1.1463476958866754
P1,CRM,2018-07-12,145.800003,148.699997,145.800003,148.16000400000001,148.16000400000001,4681000,2018-07-12,12,0.0,2338.6282851354304,2000.0,1.1693141425677152
P1,CRM,2018-07-13,147.75,148.0,145.41000400000001,147.610001,147.610001,3941800,2018-07-13,13,0.0,2329.946775024852,2000.0,1.164973387512426
P1,CRM,2018-07-16,147.83999599999999,148.690002,146.820007,146.96000700000002,146.96000700000002,3592100,2018-07-16,16,0.0,2319.686959200547,2000.0,1.1598434796002735
P1,CRM,2018-07-17,145.41000400000001,147.440002,143.080002,147.020004,147.020004,5133900,2018-07-17,17,0.0,2320.6339805115294,2000.0,1.1603169902557646
P1,CRM,2018-07-18,147.020004,148.190002,145.759995,147.83999599999999,147.83999599999999,2908100,2018-07-18,18,0.0,2333.5771259827234,2000.0,1.1667885629913617
P1,CRM,2018-07-19,147.0,148.0,146.610001,147.16000400000001,147.16000400000001,3590600,2018-07-19,19,0.0,2322.8438073951666,2000.0,1.1614219036975832
P1,CRM,2018-07-20,147.440002,147.919998,146.690002,146.869995,146.869995,2462200,2018-07-20,20,0.0,2318.26616679019,2000.0,1.1591330833950948
P1,CRM,2018-07-23,146.869995,147.639999,144.800003,147.559998,147.559998,2538100,2018-07-23,23,0.0,2329.1575037844054,2000.0,1.1645787518922026
P1,CRM,2018-07-24,148.550003,148.850006,145.179993,146.0,146.0,4052300,2018-07-24,24,0.0,2304.533750078549,2000.0,1.1522668750392746
P1,CRM,2018-07-25,146.130005,149.350006,146.0,148.869995,148.869995,4056900,2018-07-25,25,0.0,2349.835122270718,2000.0,1.1749175611353588
P1,CRM,2018-07-26,147.979996,148.75,145.679993,147.570007,147.570007,3414300,2018-07-26,26,0.0,2329.3154906221075,2000.0,1.1646577453110538
P1,CRM,2018-07-27,148.25,148.279999,142.380005,143.91000400000001,143.91000400000001,5924400,2018-07-27,27,0.0,2271.544254739308,2000.0,1.1357721273696542
P1,CRM,2018-07-30,143.53999299999998,143.729996,135.520004,138.029999,138.029999,9522000,2018-07-30,30,0.0,2178.731446704167,2000.0,1.0893657233520835
P1,CRM,2018-07-31,138.679993,139.78999299999998,135.389999,137.149994,137.149994,7442900,2018-07-31,31,0.0,2164.8410273703457,2000.0,1.0824205136851728
P1,CRM,2018-08-01,138.0,140.899994,137.509995,137.679993,137.679993,5098100,2018-08-01,01,7.263219427967287,3173.2067847882076,3000.0,1.0577355949294025
P1,CRM,2018-08-02,137.050003,141.300003,136.75,141.139999,141.139999,3779200,2018-08-02,02,0.0,3252.951955276471,3000.0,1.0843173184254904
P1,CRM,2018-08-03,141.529999,141.740005,138.419998,141.03999299999998,141.03999299999998,3463500,2018-08-03,03,0.0,3250.6470472734645,3000.0,1.0835490157578216
P1,CRM,2018-08-06,140.889999,142.850006,140.649994,142.71000700000002,142.71000700000002,3247300,2018-08-06,06,0.0,3289.1370242121725,3000.0,1.096379008070724
P1,CRM,2018-08-07,143.529999,144.610001,142.729996,144.440002,144.440002,3928300,2018-08-07,07,0.0,3329.009425074726,3000.0,1.1096698083582421
P1,CRM,2018-08-08,144.46000700000002,145.639999,143.16000400000001,145.169998,145.169998,3026700,2018-08-08,08,0.0,3345.8341518167463,3000.0,1.1152780506055822
P1,CRM,2018-08-09,145.300003,146.850006,145.08999599999999,145.820007,145.820007,3572600,2018-08-09,09,0.0,3360.815362405371,3000.0,1.1202717874684571
P1,CRM,2018-08-10,144.929993,147.0,144.350006,145.509995,145.509995,2748500,2018-08-10,10,0.0,3353.6702997108537,3000.0,1.1178900999036179
P1,CRM,2018-08-13,145.630005,147.179993,144.220001,144.449997,144.449997,2779300,2018-08-13,13,0.0,3329.2397868079224,3000.0,1.1097465956026409
P1,CRM,2018-08-14,146.179993,146.770004,144.570007,146.570007,146.570007,3474700,2018-08-14,14,0.0,3378.101135281545,3000.0,1.126033711760515
P1,CRM,2018-08-15,146.080002,147.880005,143.600006,145.03999299999998,145.03999299999998,4476900,2018-08-15,15,0.0,3342.83783594639,3000.0,1.1142792786487967
P1,CRM,2018-08-16,146.509995,146.91000400000001,145.220001,145.729996,145.729996,3704000,2018-08-16,16,0.0,3358.7408161355615,3000.0,1.1195802720451873
P1,CRM,2018-08-17,145.5,146.009995,143.949997,145.020004,145.020004,2865600,2018-08-17,17,0.0,3342.3771355276945,3000.0,1.114125711842565
P1,CRM,2018-08-20,145.21000700000002,146.059998,144.320007,145.71000700000002,145.71000700000002,2882200,2018-08-20,20,0.0,3358.280115716866,3000.0,1.1194267052389553
P1,CRM,2018-08-21,146.41000400000001,148.78999299999998,145.360001,145.529999,145.529999,4063700,2018-08-21,21,0.0,3354.1313458450068,3000.0,1.1180437819483355
P1,CRM,2018-08-22,145.58999599999999,147.199997,145.050003,146.46000700000002,146.46000700000002,4245300,2018-08-22,22,0.0,3375.5658885930397,3000.0,1.1251886295310132
P1,CRM,2018-08-23,146.830002,148.33999599999999,146.070007,147.830002,147.830002,6196300,2018-08-23,23,0.0,3407.1411184750305,3000.0,1.1357137061583436
P1,CRM,2018-08-24,148.5,152.380005,148.5,152.300003,152.300003,4882000,2018-08-24,24,0.0,3510.1643478647215,3000.0,1.170054782621574
P1,CRM,2018-08-27,154.71000700000002,154.880005,150.199997,151.679993,151.679993,5814800,2018-08-27,27,0.0,3495.8745451434465,3000.0,1.1652915150478156
P1,CRM,2018-08-28,152.029999,153.399994,151.559998,152.990005,152.990005,5266900,2018-08-28,28,0.0,3526.0673050061955,3000.0,1.1753557683353986
P1,CRM,2018-08-29,153.330002,154.970001,153.050003,154.800003,154.800003,9018600,2018-08-29,29,0.0,3567.7835907853,3000.0,1.1892611969284332
P1,CRM,2018-08-30,151.119995,153.740005,149.5,152.139999,152.139999,14441000,2018-08-30,30,0.0,3506.4766241270154,3000.0,1.1688255413756719
P1,CRM,2018-08-31,152.139999,153.869995,151.899994,152.679993,152.679993,6210500,2018-08-31,31,0.0,3518.9222423116776,3000.0,1.172974080770559
P1,CRM,2018-09-04,152.110001,153.33999599999999,151.509995,153.21000700000002,153.21000700000002,5310900,2018-09-04,04,0.0,3531.137844478601,3000.0,1.1770459481595337
P1,CRM,2018-09-05,152.389999,152.779999,147.080002,148.649994,148.649994,7287400,2018-09-05,05,0.0,3426.0400457714027,3000.0,1.1420133485904675
P1,CRM,2018-09-06,148.75,149.16000400000001,147.080002,148.830002,148.830002,4190300,2018-09-06,06,0.0,3430.188815643262,3000.0,1.1433962718810873
P1,CRM,2018-09-07,147.83999599999999,151.41000400000001,147.5,150.429993,150.429993,3866800,2018-09-07,07,0.0,3467.0649236831573,3000.0,1.1556883078943858
P1,CRM,2018-09-10,150.0,151.580002,148.0,151.320007,151.320007,3872300,2018-09-10,10,0.0,3487.5776968306436,3000.0,1.1625258989435479
P1,CRM,2018-09-11,151.080002,153.75,150.619995,152.83999599999999,152.83999599999999,4151000,2018-09-11,11,0.0,3522.609943001686,3000.0,1.1742033143338955
P1,CRM,2018-09-12,152.83999599999999,155.770004,151.809998,155.369995,155.369995,5180800,2018-09-12,12,0.0,3580.920593789614,3000.0,1.1936401979298714
P1,CRM,2018-09-13,155.869995,158.779999,155.820007,158.179993,158.179993,6213500,2018-09-13,13,0.0,3645.68457673695,3000.0,1.21522819224565
P1,CRM,2018-09-14,157.949997,158.78999299999998,156.320007,157.490005,157.490005,4615300,2018-09-14,14,0.0,3629.7819422632365,3000.0,1.2099273140877456
P1,CRM,2018-09-17,157.0,158.429993,154.619995,154.919998,154.919998,3899600,2018-09-17,17,0.0,3570.5491992070015,3000.0,1.1901830664023338
P1,CRM,2018-09-18,154.759995,158.029999,154.75,156.0,156.0,3749600,2018-09-18,18,0.0,3595.440758244086,3000.0,1.1984802527480287
P1,CRM,2018-09-19,156.369995,157.330002,152.389999,152.899994,152.899994,5546000,2018-09-19,19,0.0,3523.9927587363854,3000.0,1.1746642529121285
P1,CRM,2018-09-20,153.28999299999998,156.070007,151.649994,155.5,155.5,4655600,2018-09-20,20,0.0,3583.9169096599703,3000.0,1.1946389698866569
P1,CRM,2018-09-21,157.070007,157.96000700000002,154.96000700000002,155.520004,155.520004,17991600,2018-09-21,21,0.0,3584.3779557941234,3000.0,1.1947926519313745
P1,CRM,2018-09-24,155.380005,158.91000400000001,153.330002,158.779999,158.779999,5082100,2018-09-24,24,0.0,3659.513333324072,3000.0,1.2198377777746907
P1,CRM,2018-09-25,159.0,159.139999,157.169998,158.869995,158.869995,5699600,2018-09-25,25,0.0,3661.5875338784235,3000.0,1.2205291779594745
P1,CRM,2018-09-26,159.059998,159.929993,157.350006,158.330002,158.330002,4079700,2018-09-26,26,0.0,3649.1419387414594,3000.0,1.2163806462471531
P1,CRM,2018-09-27,159.050003,161.080002,158.929993,160.429993,160.429993,3930300,2018-09-27,27,0.0,3697.5418953654703,3000.0,1.2325139651218233
P1,CRM,2018-09-28,160.0,160.860001,158.940002,159.029999,159.029999,4607700,2018-09-28,28,0.0,3665.2752576161297,3000.0,1.2217584192053765
P1,CRM,2018-10-01,160.110001,161.190002,159.020004,159.860001,159.860001,4297600,2018-10-01,01,6.255473500215979,4684.404892361156,4000.0,1.171101223090289
P1,CRM,2018-10-02,159.270004,159.580002,156.699997,157.259995,157.259995,4137000,2018-10-02,02,0.0,4608.216472804169,4000.0,1.1520541182010422
P1,CRM,2018-10-03,158.559998,159.759995,157.020004,159.100006,159.100006,3561600,2018-10-03,03,0.0,4662.13462916899,4000.0,1.1655336572922474
P1,CRM,2018-10-04,158.199997,158.83999599999999,153.779999,154.899994,154.899994,6206400,2018-10-04,04,0.0,4539.060960723463,4000.0,1.1347652401808657
P1,CRM,2018-10-05,154.860001,156.600006,152.470001,155.070007,155.070007,4963600,2018-10-05,05,0.0,4544.0428806783175,4000.0,1.1360107201695793
P1,CRM,2018-10-08,154.240005,154.619995,145.600006,148.649994,148.649994,10238700,2018-10-08,08,0.0,4355.916144045667,4000.0,1.0889790360114169
P1,CRM,2018-10-09,148.320007,150.869995,147.21000700000002,148.5,148.5,5593300,2018-10-09,09,0.0,4351.520844264424,4000.0,1.087880211066106
P1,CRM,2018-10-10,147.520004,147.58999599999999,137.53999299999998,137.809998,137.809998,13660600,2018-10-10,10,0.0,4038.2698912123815,4000.0,1.0095674728030954
P1,CRM,2018-10-11,137.440002,142.16000400000001,136.449997,139.240005,139.240005,10499300,2018-10-11,11,0.0,4080.1736303904554,4000.0,1.020043407597614
P1,CRM,2018-10-12,145.770004,148.75,143.220001,146.740005,146.740005,9371700,2018-10-12,12,0.0,4299.94741040381,4000.0,1.0749868526009525
P1,CRM,2018-10-15,146.699997,146.699997,141.320007,141.949997,141.949997,6040800,2018-10-15,15,0.0,4159.584988476582,4000.0,1.0398962471191455
P1,CRM,2018-10-16,145.470001,147.91000400000001,144.009995,147.440002,147.440002,5383100,2018-10-16,16,0.0,4320.459541962211,4000.0,1.0801148854905527
P1,CRM,2018-10-17,148.350006,148.350006,145.419998,147.009995,147.009995,3377900,2018-10-17,17,0.0,4307.858973452584,4000.0,1.076964743363146
P1,CRM,2018-10-18,146.08999599999999,147.58999599999999,141.429993,142.83999599999999,142.83999599999999,5338200,2018-10-18,18,0.0,4185.664781068329,4000.0,1.0464161952670823
P1,CRM,2018-10-19,143.610001,145.369995,140.380005,140.490005,140.490005,5141600,2018-10-19,19,0.0,4116.8025937260145,4000.0,1.0292006484315037
P1,CRM,2018-10-22,141.699997,143.800003,139.199997,142.949997,142.949997,4234900,2018-10-22,22,0.0,4188.88815914503,4000.0,1.0472220397862575
P1,CRM,2018-10-23,139.320007,141.970001,137.779999,140.66000400000001,140.66000400000001,6462000,2018-10-23,23,0.0,4121.78410343648,4000.0,1.03044602585912
P1,CRM,2018-10-24,141.229996,141.5,133.0,133.259995,133.259995,7251500,2018-10-24,24,0.0,3904.940376761434,4000.0,0.9762350941903585
P1,CRM,2018-10-25,133.690002,141.690002,133.669998,140.800003,140.800003,7792900,2018-10-25,25,0.0,4125.886518026892,4000.0,1.031471629506723
P1,CRM,2018-10-26,135.75,139.21000700000002,132.610001,135.520004,135.520004,7457000,2018-10-26,26,0.0,3971.165806200661,4000.0,0.9927914515501652
P1,CRM,2018-10-29,138.100006,139.550003,128.529999,130.990005,130.990005,9212500,2018-10-29,29,0.0,3838.422472375765,4000.0,0.9596056180939413
P1,CRM,2018-10-30,130.440002,132.990005,128.029999,132.169998,132.169998,10037900,2018-10-30,30,0.0,3873.0000086423383,4000.0,0.9682500021605845
P1,CRM,2018-10-31,134.919998,138.71000700000002,134.770004,137.240005,137.240005,6666400,2018-10-31,31,0.0,4021.5672890535607,4000.0,1.0053918222633902
P1,CRM,2018-11-01,138.399994,139.800003,136.41000400000001,139.58999599999999,139.58999599999999,4668800,2018-11-01,01,7.16383715635324,5090.429476395875,5000.0,1.018085895279175
P1,CRM,2018-11-02,140.139999,140.550003,136.100006,136.78999299999998,136.78999299999998,4481400,2018-11-02,02,0.0,4988.32174508541,5000.0,0.997664349017082
P1,CRM,2018-11-05,137.33999599999999,137.33999599999999,133.46000700000002,135.440002,135.440002,4629900,2018-11-05,05,0.0,4939.091612725,5000.0,0.987818322545
P1,CRM,2018-11-06,135.399994,138.0,132.979996,133.949997,133.949997,4667100,2018-11-06,06,0.0,4884.755588731009,5000.0,0.9769511177462018
P1,CRM,2018-11-07,136.850006,142.309998,136.429993,141.78999299999998,141.78999299999998,5804000,2018-11-07,07,0.0,5170.656784209413,5000.0,1.0341313568418826
P1,CRM,2018-11-08,143.220001,143.630005,140.679993,141.869995,141.869995,3986700,2018-11-08,08,0.0,5173.574217769413,5000.0,1.0347148435538827
P1,CRM,2018-11-09,141.059998,141.059998,135.050003,136.919998,136.919998,5252500,2018-11-09,09,0.0,4993.062638437674,5000.0,0.9986125276875347
P1,CRM,2018-11-12,135.740005,136.66000400000001,130.080002,130.5,130.5,7571200,2018-11-12,12,0.0,4758.94452113647,5000.0,0.951788904227294
P1,CRM,2018-11-13,131.479996,133.770004,128.949997,132.16000400000001,132.16000400000001,6176300,2018-11-13,13,0.0,4819.479899993671,5000.0,0.9638959799987342
P1,CRM,2018-11-14,134.21000700000002,134.940002,128.580002,129.350006,129.350006,5729600,2018-11-14,14,0.0,4717.007680939997,5000.0,0.9434015361879994
P1,CRM,2018-11-15,129.199997,132.949997,126.300003,132.490005,132.490005,6468700,2018-11-15,15,0.0,4831.514049042862,5000.0,0.9663028098085724
P1,CRM,2018-11-16,131.850006,133.470001,130.080002,132.550003,132.550003,5126900,2018-11-16,16,0.0,4833.701996578335,5000.0,0.9667403993156669
P1,CRM,2018-11-19,131.600006,132.259995,120.41999799999999,121.010002,121.010002,14284700,2018-11-19,19,0.0,4412.872689813129,5000.0,0.8825745379626257
P1,CRM,2018-11-20,114.33000200000001,124.940002,113.599998,120.66999799999999,120.66999799999999,13829500,2018-11-20,20,0.0,4400.473761284665,5000.0,0.8800947522569329
P1,CRM,2018-11-21,124.199997,125.75,121.610001,123.589996,123.589996,7311300,2018-11-21,21,0.0,4506.9573511990675,5000.0,0.9013914702398135
P1,CRM,2018-11-23,121.33000200000001,123.709999,120.709999,122.029999,122.029999,3009600,2018-11-23,23,0.0,4450.0689283934025,5000.0,0.8900137856786805
P1,CRM,2018-11-26,124.480003,126.949997,123.660004,126.410004,126.410004,9321200,2018-11-26,26,0.0,4609.794605001068,5000.0,0.9219589210002136
P1,CRM,2018-11-27,125.150002,127.610001,123.720001,127.540001,127.540001,10558800,2018-11-27,27,0.0,4651.002214442069,5000.0,0.9302004428884139
P1,CRM,2018-11-28,138.479996,140.889999,131.970001,140.639999,140.639999,25705400,2018-11-28,28,0.0,5128.71994401294,5000.0,1.0257439888025879
P1,CRM,2018-11-29,139.850006,142.880005,139.270004,139.720001,139.720001,7763000,2018-11-29,29,0.0,5095.170369748139,5000.0,1.0190340739496278
P1,CRM,2018-11-30,138.889999,143.220001,138.279999,142.759995,142.759995,9401400,2018-11-30,30,0.0,5206.029854733486,5000.0,1.0412059709466972
P1,CRM,2018-12-03,146.300003,147.070007,142.559998,144.149994,144.149994,7358900,2018-12-03,03,0.0,5256.718959142951,5000.0,1.0513437918285902
P1,CRM,2018-12-04,142.729996,145.199997,138.800003,139.240005,139.240005,6978400,2018-12-04,04,0.0,5077.666351860266,5000.0,1.0155332703720532
P1,CRM,2018-12-06,134.800003,142.059998,132.75,142.059998,142.059998,9186600,2018-12-06,06,0.0,5180.503058657149,5000.0,1.0361006117314298
P1,CRM,2018-12-07,141.899994,142.369995,134.740005,135.949997,135.949997,6225300,2018-12-07,07,0.0,4957.68960438061,5000.0,0.991537920876122
P1,CRM,2018-12-10,135.16000400000001,139.490005,133.179993,137.270004,137.270004,5897000,2018-12-10,10,0.0,5005.826309978402,5000.0,1.0011652619956803
P1,CRM,2018-12-11,140.58999599999999,140.699997,135.58999599999999,136.78999299999998,136.78999299999998,4548700,2018-12-11,11,0.0,4988.32174508541,5000.0,0.997664349017082
P1,CRM,2018-12-12,141.78999299999998,144.029999,139.550003,140.08999599999999,140.08999599999999,6794300,2018-12-12,12,0.0,5108.662980308276,5000.0,1.0217325960616552
P1,CRM,2018-12-13,141.5,143.630005,139.580002,141.139999,141.139999,5122800,2018-12-13,13,0.0,5146.95344792534,5000.0,1.029390689585068
P1,CRM,2018-12-14,138.880005,140.71000700000002,136.380005,137.03999299999998,137.03999299999998,5354400,2018-12-14,14,0.0,4997.43849704161,5000.0,0.999487699408322
P1,CRM,2018-12-17,134.309998,135.5,129.970001,130.830002,130.830002,8392400,2018-12-17,17,0.0,4770.978706652671,5000.0,0.9541957413305341
P1,CRM,2018-12-18,132.139999,133.679993,130.130005,132.320007,132.320007,6668400,2018-12-18,18,0.0,4825.314730646663,5000.0,0.9650629461293325
P1,CRM,2018-12-19,131.979996,136.5,129.5,131.16000400000001,131.16000400000001,7350700,2018-12-19,19,0.0,4783.01289216887,5000.0,0.956602578433774
P1,CRM,2018-12-20,129.25,132.330002,122.639999,127.730003,127.730003,12265100,2018-12-20,20,0.0,4657.931018862796,5000.0,0.9315862037725592
P1,CRM,2018-12-21,128.570007,129.389999,122.459999,122.910004,122.910004,12568600,2018-12-21,21,0.0,4482.160077614266,5000.0,0.8964320155228532
P1,CRM,2018-12-24,121.139999,124.839996,120.160004,121.33000200000001,121.33000200000001,4721500,2018-12-24,24,0.0,4424.542132317066,5000.0,0.8849084264634132
P1,CRM,2018-12-26,122.519997,130.899994,122.120003,130.83999599999999,130.83999599999999,8110900,2018-12-26,26,0.0,4771.343157928871,5000.0,0.9542686315857741
P1,CRM,2018-12-27,128.800003,135.199997,127.839996,135.199997,135.199997,7967700,2018-12-27,27,0.0,4930.33934851201,5000.0,0.9860678697024019
P1,CRM,2018-12-28,136.0,136.880005,132.610001,134.679993,134.679993,7276200,2018-12-28,28,0.0,4911.376358575082,5000.0,0.9822752717150164
P1,CRM,2018-12-31,136.0,137.970001,134.490005,136.970001,136.970001,5467700,2018-12-31,31,0.0,4994.8860982299375,5000.0,0.9989772196459875
P1,CRM,2019-01-02,133.399994,136.830002,133.050003,135.550003,135.550003,4783900,2019-01-02,02,0.0,4943.103020052737,5000.0,0.9886206040105473
P1,CRM,2019-01-03,133.479996,134.779999,130.100006,130.399994,130.399994,6365700,2019-01-03,03,0.0,4755.297601551943,5000.0,0.9510595203103887
P1,CRM,2019-01-04,133.5,139.320007,132.220001,137.96000700000002,137.96000700000002,6650600,2019-01-04,04,0.0,5030.988654778538,5000.0,1.0061977309557075
P1,CRM,2019-01-07,141.020004,143.389999,138.78999299999998,142.220001,142.220001,9064800,2019-01-07,07,0.0,5186.337889310141,5000.0,1.0372675778620282
P1,CRM,2019-01-08,144.729996,146.46000700000002,142.889999,145.720001,145.720001,9057300,2019-01-08,08,0.0,5313.972416696943,5000.0,1.0627944833393885
P1,CRM,2019-01-09,146.889999,147.5,144.529999,145.990005,145.990005,5445900,2019-01-09,09,0.0,5323.81865467767,5000.0,1.064763730935534
P1,CRM,2019-01-10,143.770004,147.21000700000002,143.759995,147.03999299999998,147.03999299999998,5116900,2019-01-10,10,0.0,5362.108575289616,5000.0,1.0724217150579232
P1,CRM,2019-01-11,146.559998,148.029999,145.610001,147.550003,147.550003,5185200,2019-01-11,11,0.0,5380.707113950343,5000.0,1.0761414227900687
P1,CRM,2019-01-14,145.75,146.729996,144.699997,146.050003,146.050003,5815500,2019-01-14,14,0.0,5326.006602213142,5000.0,1.0652013204426285
P1,CRM,2019-01-15,146.350006,149.860001,145.800003,149.190002,149.190002,5350400,2019-01-15,15,0.0,5440.512970316008,5000.0,1.0881025940632016
P1,CRM,2019-01-16,149.149994,149.78999299999998,147.800003,148.53999299999998,148.53999299999998,3936800,2019-01-16,16,0.0,5416.809087026817,5000.0,1.0833618174053634
P1,CRM,2019-01-17,148.53999299999998,150.720001,147.690002,149.820007,149.820007,3743200,2019-01-17,17,0.0,5463.487367580672,5000.0,1.0926974735161343
P1,CRM,2019-01-18,151.830002,153.270004,150.240005,152.509995,152.509995,6151200,2019-01-18,18,0.0,5561.583181025291,5000.0,1.1123166362050583
P1,CRM,2019-01-22,150.33999599999999,151.380005,147.399994,148.949997,148.949997,5203300,2019-01-22,22,0.0,5431.760706103017,5000.0,1.0863521412206034
P1,CRM,2019-01-23,149.729996,150.800003,147.649994,149.75,149.75,3335400,2019-01-23,23,0.0,5460.934421763881,5000.0,1.0921868843527762
P1,CRM,2019-01-24,149.949997,150.5,146.520004,146.869995,146.869995,6734700,2019-01-24,24,0.0,5355.909256893416,5000.0,1.071181851378683
P1,CRM,2019-01-25,148.529999,149.889999,147.550003,149.740005,149.740005,4600800,2019-01-25,25,0.0,5460.569934020672,5000.0,1.0921139868041343
P1,CRM,2019-01-28,148.169998,148.199997,146.100006,147.330002,147.330002,4054700,2019-01-28,28,0.0,5372.684335761879,5000.0,1.0745368671523758
P1,CRM,2019-01-29,147.070007,148.0,144.639999,145.179993,145.179993,3915100,2019-01-29,29,0.0,5294.279940735488,5000.0,1.0588559881470976
P1,CRM,2019-01-30,147.190002,149.690002,146.080002,149.16000400000001,149.16000400000001,4653400,2019-01-30,30,0.0,5439.419033015281,5000.0,1.087883806603056
P1,CRM,2019-01-31,149.020004,153.380005,148.71000700000002,151.970001,151.970001,8615900,2019-01-31,31,0.0,5541.891215601946,5000.0,1.1083782431203892
P1,CRM,2019-02-01,152.399994,155.949997,151.070007,155.869995,155.869995,5959200,2019-02-01,01,6.4156029516777755,6684.11232731662,6000.0,1.1140187212194368
P1,CRM,2019-02-04,156.020004,158.899994,155.41000400000001,157.720001,157.720001,5264700,2019-02-04,04,0.0,6763.445414548771,6000.0,1.1272409024247951
P1,CRM,2019-02-05,158.33999599999999,159.880005,157.820007,158.990005,158.990005,4575600,2019-02-05,05,0.0,6817.906501765341,6000.0,1.1363177502942234
P1,CRM,2019-02-06,159.0,159.100006,155.080002,158.130005,158.130005,4205100,2019-02-06,06,0.0,6781.027456497571,6000.0,1.1301712427495951
P1,CRM,2019-02-07,155.96000700000002,157.059998,153.360001,154.929993,154.929993,4545500,2019-02-07,07,0.0,6643.80258742151,6000.0,1.1073004312369183
P1,CRM,2019-02-08,152.91000400000001,156.699997,152.71000700000002,156.669998,156.669998,3018700,2019-02-08,08,0.0,6718.418544585636,6000.0,1.119736424097606
P1,CRM,2019-02-11,158.199997,161.5,157.570007,159.91000400000001,159.91000400000001,7125500,2019-02-11,11,0.0,6857.3584607970915,6000.0,1.1428930767995154
P1,CRM,2019-02-12,161.25,163.389999,160.029999,162.78999299999998,162.78999299999998,5631700,2019-02-12,12,0.0,6980.859908124628,6000.0,1.1634766513541048
P1,CRM,2019-02-13,163.440002,163.570007,160.270004,160.399994,160.399994,5296000,2019-02-13,13,0.0,6878.370511251457,6000.0,1.1463950852085762
P1,CRM,2019-02-14,159.470001,160.440002,156.71000700000002,159.470001,159.470001,5061100,2019-02-14,14,0.0,6838.489983407608,6000.0,1.1397483305679346
P1,CRM,2019-02-15,160.990005,161.220001,158.08999599999999,159.050003,159.050003,5282000,2019-02-15,15,0.0,6820.479372646709,6000.0,1.1367465621077848
P1,CRM,2019-02-19,159.66000400000001,161.479996,159.139999,160.610001,160.610001,3883200,2019-02-19,19,0.0,6887.376159692793,6000.0,1.1478960266154656
P1,CRM,2019-02-20,160.330002,161.490005,157.21000700000002,158.53999299999998,158.53999299999998,7047200,2019-02-20,20,0.0,6798.608812324596,6000.0,1.1331014687207661
P1,CRM,2019-02-21,157.699997,160.479996,157.300003,159.630005,159.630005,4463000,2019-02-21,21,0.0,6845.351372662288,6000.0,1.1408918954437146
P1,CRM,2019-02-22,160.470001,161.71000700000002,160.199997,161.309998,161.309998,4175000,2019-02-22,22,0.0,6917.393858588496,6000.0,1.152898976431416
P1,CRM,2019-02-25,162.509995,163.059998,160.929993,161.360001,161.360001,5076700,2019-02-25,25,0.0,6919.538117775152,6000.0,1.1532563529625255
P1,CRM,2019-02-26,160.809998,163.380005,159.869995,163.0,163.0,4496300,2019-02-26,26,0.0,6989.865556565966,6000.0,1.1649775927609942
P1,CRM,2019-02-27,162.28999299999998,163.529999,160.5,163.119995,163.119995,4278300,2019-02-27,27,0.0,6995.011255446088,6000.0,1.1658352092410147
P1,CRM,2019-02-28,163.0,164.600006,162.169998,163.649994,163.649994,6908100,2019-02-28,28,0.0,7017.738996275011,6000.0,1.1696231660458352
P1,CRM,2019-03-01,165.149994,166.149994,161.75,164.529999,164.529999,6919900,2019-03-01,01,6.077918957502698,8055.475908171366,7000.0,1.1507822725959096
P1,CRM,2019-03-04,165.559998,165.78999299999998,155.419998,158.5,158.5,17886300,2019-03-04,04,0.0,7760.243962835991,7000.0,1.1086062804051415
P1,CRM,2019-03-05,159.919998,160.880005,154.800003,156.970001,156.970001,16042900,2019-03-05,05,0.0,7685.334401303529,7000.0,1.0979049144719328
P1,CRM,2019-03-06,157.130005,160.25,156.279999,156.78999299999998,156.78999299999998,7436300,2019-03-06,06,0.0,7676.521114267174,7000.0,1.0966458734667393
P1,CRM,2019-03-07,156.08999599999999,157.58999599999999,154.809998,155.600006,155.600006,6916500,2019-03-07,07,0.0,7618.258720370624,7000.0,1.0883226743386607
P1,CRM,2019-03-08,152.020004,155.41000400000001,150.25,155.059998,155.059998,4800700,2019-03-08,08,0.0,7591.8196426300365,7000.0,1.0845456632328623
P1,CRM,2019-03-11,155.899994,157.770004,153.429993,157.649994,157.649994,5699500,2019-03-11,11,0.0,7718.627218798928,7000.0,1.1026610312569898
P1,CRM,2019-03-12,158.0,159.369995,157.16000400000001,158.279999,158.279999,4082100,2019-03-12,12,0.0,7749.472597333985,7000.0,1.107067513904855
P1,CRM,2019-03-13,158.850006,162.0,158.610001,159.809998,159.809998,5230600,2019-03-13,13,0.0,7824.382158866447,7000.0,1.1177688798380638
P1,CRM,2019-03-14,160.949997,161.58999599999999,159.740005,160.669998,160.669998,3247200,2019-03-14,14,0.0,7866.48821443767,7000.0,1.1237840306339528
P1,CRM,2019-03-15,160.639999,162.179993,159.190002,161.509995,161.509995,6743700,2019-03-15,15,0.0,7907.614912532625,7000.0,1.1296592732189463
P1,CRM,2019-03-18,161.399994,163.330002,160.880005,161.949997,161.949997,3575500,2019-03-18,18,0.0,7929.157643536635,7000.0,1.1327368062195193
P1,CRM,2019-03-19,162.520004,164.619995,161.600006,163.929993,163.929993,4379000,2019-03-19,19,0.0,8026.099296567799,7000.0,1.1465856137953998
P1,CRM,2019-03-20,163.83999599999999,164.949997,161.509995,163.509995,163.509995,4391000,2019-03-20,20,0.0,8005.535972000587,7000.0,1.1436479960000838
P1,CRM,2019-03-21,163.169998,166.990005,162.75,166.949997,166.949997,4277800,2019-03-21,21,0.0,8173.9602922065405,7000.0,1.1677086131723629
P1,CRM,2019-03-22,165.96000700000002,166.490005,161.350006,161.5,161.5,5614300,2019-03-22,22,0.0,7907.125552037934,7000.0,1.1295893645768476
P1,CRM,2019-03-25,160.229996,161.600006,159.220001,160.880005,160.880005,3795400,2019-03-25,25,0.0,7876.770268405515,7000.0,1.1252528954865022
P1,CRM,2019-03-26,161.429993,162.070007,157.389999,159.399994,159.399994,6910300,2019-03-26,26,0.0,7804.3081458333945,7000.0,1.1149011636904849
P1,CRM,2019-03-27,159.0,159.300003,152.369995,155.119995,155.119995,8218700,2019-03-27,27,0.0,7594.757127532485,7000.0,1.084965303933212
P1,CRM,2019-03-28,155.690002,156.479996,153.509995,155.179993,155.179993,4424800,2019-03-28,28,0.0,7597.694661395465,7000.0,1.0853849516279235
P1,CRM,2019-03-29,156.869995,158.5,155.429993,158.369995,158.369995,4911700,2019-03-29,29,0.0,7753.878849167923,7000.0,1.1076969784525605
P1,TEAM,2018-05-01,55.599998,56.259997999999996,55.110001000000004,56.240002000000004,56.240002000000004,933600,2018-05-01,01,17.78093820124686,1000.0,1000.0,1.0
P1,TEAM,2018-05-02,56.369999,57.0,55.93,56.470001,56.470001,721100,2018-05-02,02,0.0,1004.0895980053485,1000.0,1.0040895980053486
P1,TEAM,2018-05-03,56.459998999999996,58.5,56.279999,58.490002000000004,58.490002000000004,1323800,2018-05-03,03,0.0,1040.0071109528053,1000.0,1.0400071109528053
P1,TEAM,2018-05-04,58.009997999999996,60.025002,57.599998,59.990002000000004,59.990002000000004,1571500,2018-05-04,04,0.0,1066.6785182546757,1000.0,1.0666785182546756
P1,TEAM,2018-05-07,60.400002,62.825001,60.185001,62.610001000000004,62.610001000000004,1613100,2018-05-07,07,0.0,1113.2645585610044,1000.0,1.1132645585610044
P1,TEAM,2018-05-08,62.139998999999996,63.59,62.110001000000004,63.18,63.18,1328200,2018-05-08,08,0.0,1123.3996755547766,1000.0,1.1233996755547766
P1,TEAM,2018-05-09,63.099998,64.489998,62.869999,64.290001,64.290001,1755300,2018-05-09,09,0.0,1143.136534739099,1000.0,1.143136534739099
P1,TEAM,2018-05-10,64.290001,65.66999799999999,64.019997,65.290001,65.290001,1725900,2018-05-10,10,0.0,1160.9174729403458,1000.0,1.1609174729403458
P1,TEAM,2018-05-11,65.43,66.0,64.714996,64.870003,64.870003,1477900,2018-05-11,11,0.0,1153.4495144576986,1000.0,1.1534495144576986
P1,TEAM,2018-05-14,64.879997,64.949997,62.330002,62.48,62.48,1550700,2018-05-14,14,0.0,1110.9530188139038,1000.0,1.1109530188139038
P1,TEAM,2018-05-15,61.880001,62.25,60.32,61.799999,61.799999,1334400,2018-05-15,15,0.0,1098.861963056118,1000.0,1.0988619630561178
P1,TEAM,2018-05-16,61.549999,62.720001,60.669998,61.77,61.77,856500,2018-05-16,16,0.0,1098.3285526910188,1000.0,1.0983285526910187
P1,TEAM,2018-05-17,61.759997999999996,62.189999,61.189999,61.639998999999996,61.639998999999996,638600,2018-05-17,17,0.0,1096.0170129439182,1000.0,1.0960170129439182
P1,TEAM,2018-05-18,61.84,63.560001,61.66,63.400002,63.400002,952600,2018-05-18,18,0.0,1127.3115175209275,1000.0,1.1273115175209276
P1,TEAM,2018-05-21,63.400002,64.0,60.82,61.490002000000004,61.490002000000004,1537200,2018-05-21,21,0.0,1093.349925556546,1000.0,1.093349925556546
P1,TEAM,2018-05-22,61.580002,62.200001,61.43,61.66,61.66,1006900,2018-05-22,22,0.0,1096.3726494888815,1000.0,1.0963726494888815
P1,TEAM,2018-05-23,60.880001,63.040001000000004,60.880001,62.939999,62.939999,1077400,2018-05-23,23,0.0,1119.1322326055392,1000.0,1.1191322326055393
P1,TEAM,2018-05-24,62.799999,64.470001,62.139998999999996,63.919998,63.919998,1122000,2018-05-24,24,0.0,1136.557534261823,1000.0,1.136557534261823
P1,TEAM,2018-05-25,63.450001,63.84,62.849998,62.939999,62.939999,707400,2018-05-25,25,0.0,1119.1322326055392,1000.0,1.1191322326055393
P1,TEAM,2018-05-29,62.310001,62.810001,60.540001000000004,62.709998999999996,62.709998999999996,2132200,2018-05-29,29,0.0,1115.0426168192525,1000.0,1.1150426168192527
P1,TEAM,2018-05-30,62.68,63.790001000000004,62.139998999999996,63.419998,63.419998,1319900,2018-05-30,30,0.0,1127.6670651611996,1000.0,1.1276670651611995
P1,TEAM,2018-05-31,63.450001,64.800003,63.040001000000004,63.790001000000004,63.790001000000004,1466500,2018-05-31,31,0.0,1134.2460656384756,1000.0,1.1342460656384756
P1,TEAM,2018-06-01,64.050003,65.43,63.259997999999996,64.010002,64.010002,1936700,2018-06-01,01,15.622558487031448,2138.157889823688,2000.0,1.069078944911844
P1,TEAM,2018-06-04,64.0,64.480003,62.549999,64.41999799999999,64.41999799999999,2181900,2018-06-04,04,0.0,2151.853189851895,2000.0,1.0759265949259476
P1,TEAM,2018-06-05,64.510002,66.894997,64.510002,66.66999799999999,66.66999799999999,1917100,2018-06-05,05,0.0,2227.011057400521,2000.0,1.1135055287002606
P1,TEAM,2018-06-06,67.099998,68.749001,66.559998,67.82,67.82,1964200,2018-06-06,06,0.0,2265.4251453990346,2000.0,1.1327125726995173
P1,TEAM,2018-06-07,68.0,68.0,62.450001,63.779999,63.779999,2148200,2018-06-07,07,0.0,2130.474985374894,2000.0,1.065237492687447
P1,TEAM,2018-06-08,64.0,64.730003,63.009997999999996,64.279999,64.279999,674000,2018-06-08,08,0.0,2147.176733719033,2000.0,1.0735883668595165
P1,TEAM,2018-06-11,64.540001,64.72399899999999,63.830002,64.349998,64.349998,694300,2018-06-11,11,0.0,2149.5149450837157,2000.0,1.0747574725418578
P1,TEAM,2018-06-12,64.400002,66.290001,64.349998,66.209999,66.209999,1230600,2018-06-12,12,0.0,2211.6454823274103,2000.0,1.1058227411637052
P1,TEAM,2018-06-13,66.300003,67.470001,65.521004,66.139999,66.139999,791600,2018-06-13,13,0.0,2209.307237559231,2000.0,1.1046536187796154
P1,TEAM,2018-06-14,66.639999,67.599998,66.08000200000001,66.489998,66.489998,966500,2018-06-14,14,0.0,2220.9984279966316,2000.0,1.1104992139983159
P1,TEAM,2018-06-15,66.279999,66.290001,65.220001,66.120003,66.120003,1125500,2018-06-15,15,0.0,2208.639301239452,2000.0,1.104319650619726
P1,TEAM,2018-06-18,65.800003,67.629997,65.425003,66.610001,66.610001,741400,2018-06-18,18,0.0,2225.006947809715,2000.0,1.1125034739048574
P1,TEAM,2018-06-19,65.589996,65.589996,63.220001,65.040001,65.040001,1301400,2018-06-19,19,0.0,2172.563458009118,2000.0,1.0862817290045592
P1,TEAM,2018-06-20,65.639999,66.126999,64.940002,65.529999,65.529999,801900,2018-06-20,20,0.0,2188.931104579381,2000.0,1.0944655522896904
P1,TEAM,2018-06-21,65.800003,65.970001,64.389999,65.589996,65.589996,934100,2018-06-21,21,0.0,2190.9352141701875,2000.0,1.0954676070850937
P1,TEAM,2018-06-22,65.510002,65.510002,62.610001000000004,64.190002,64.190002,2128200,2018-06-22,22,0.0,2144.170519227578,2000.0,1.072085259613789
P1,TEAM,2018-06-25,63.549999,63.939999,61.18,62.380001,62.380001,1055900,2018-06-25,25,0.0,2083.7101568182975,2000.0,1.0418550784091487
P1,TEAM,2018-06-26,62.869999,63.59,62.400002,63.25,63.25,1106400,2018-06-26,26,0.0,2112.771165533603,2000.0,1.0563855827668014
P1,TEAM,2018-06-27,63.369999,63.529999,60.75,60.75,60.75,685800,2018-06-27,27,0.0,2029.2624238129074,2000.0,1.0146312119064538
P1,TEAM,2018-06-28,60.689999,62.459998999999996,60.389998999999996,62.119999,62.119999,712900,2018-06-28,28,0.0,2075.025180872352,2000.0,1.037512590436176
P1,TEAM,2018-06-29,62.419998,63.209998999999996,62.09,62.52,62.52,532100,2018-06-29,29,0.0,2088.38661295116,2000.0,1.04419330647558
P1,TEAM,2018-07-02,62.029999,63.52,61.66,63.349998,63.349998,521800,2018-07-02,02,0.0,2116.1114483954375,2000.0,1.0580557241977187
P1,TEAM,2018-07-03,63.369999,64.25,62.59,62.98,62.98,490200,2018-07-03,03,0.0,2103.752221427768,2000.0,1.0518761107138839
P1,TEAM,2018-07-05,63.02,63.869999,62.5,63.400002,63.400002,1168300,2018-07-05,05,0.0,2117.781756843838,2000.0,1.058890878421919
P1,TEAM,2018-07-06,63.299999,65.400002,63.205002,65.230003,65.230003,591000,2018-07-06,06,0.0,2178.910189186884,2000.0,1.089455094593442
P1,TEAM,2018-07-09,65.739998,66.370003,63.610001000000004,64.779999,64.779999,728300,2018-07-09,09,0.0,2163.878482063172,2000.0,1.081939241031586
P1,TEAM,2018-07-10,64.889999,65.25,64.101997,64.699997,64.699997,534700,2018-07-10,10,0.0,2161.2061355211163,2000.0,1.080603067760558
P1,TEAM,2018-07-11,64.010002,65.599998,64.0,65.33000200000001,65.33000200000001,460500,2018-07-11,11,0.0,2182.2505054522157,2000.0,1.091125252726108
P1,TEAM,2018-07-12,65.610001,68.769997,65.339996,68.260002,68.260002,1439500,2018-07-12,12,0.0,2280.1227507488707,2000.0,1.1400613753744353
P1,TEAM,2018-07-13,68.57,68.675003,67.089996,67.190002,67.190002,1170600,2018-07-13,13,0.0,2244.381009292413,2000.0,1.1221905046462066
P1,TEAM,2018-07-16,67.519997,68.400002,66.739998,66.860001,66.860001,670300,2018-07-16,16,0.0,2233.3578219817846,2000.0,1.1166789109908923
P1,TEAM,2018-07-17,66.089996,68.099998,65.150002,67.879997,67.879997,671700,2018-07-17,17,0.0,2267.429254989842,2000.0,1.133714627494921
P1,TEAM,2018-07-18,67.959999,68.5,67.290001,68.220001,68.220001,589200,2018-07-18,18,0.0,2278.786577477843,2000.0,1.1393932887389215
P1,TEAM,2018-07-19,68.230003,68.980003,67.809998,67.860001,67.860001,702000,2018-07-19,19,0.0,2266.761318670063,2000.0,1.1333806593350313
P1,TEAM,2018-07-20,67.849998,68.660004,67.5,67.870003,67.870003,1198900,2018-07-20,20,0.0,2267.095420443939,2000.0,1.1335477102219695
P1,TEAM,2018-07-23,67.489998,67.980003,65.511002,66.400002,66.400002,1383200,2018-07-23,23,0.0,2217.992246908673,2000.0,1.1089961234543366
P1,TEAM,2018-07-24,67.110001,67.110001,64.43,64.489998,64.489998,926900,2018-07-24,24,0.0,2154.1914346200747,2000.0,1.0770957173100373
P1,TEAM,2018-07-25,64.779999,67.120003,64.779999,67.050003,67.050003,803100,2018-07-25,25,0.0,2239.704553159551,2000.0,1.1198522765797754
P1,TEAM,2018-07-26,66.089996,67.769997,65.33000200000001,66.83000200000001,66.83000200000001,1460300,2018-07-26,26,0.0,2232.355750484633,2000.0,1.1161778752423166
P1,TEAM,2018-07-27,77.93,79.82,72.5,73.839996,73.839996,7461900,2018-07-27,27,0.0,2466.5140618484834,2000.0,1.2332570309242417
P1,TEAM,2018-07-30,73.0,75.0,69.129997,71.08000200000001,71.08000200000001,2577300,2018-07-30,30,0.0,2374.3206114098157,2000.0,1.1871603057049078
P1,TEAM,2018-07-31,70.779999,73.809998,70.5,72.410004,72.410004,2057800,2018-07-31,31,0.0,2418.747328812219,2000.0,1.2093736644061095
P1,TEAM,2018-08-01,72.5,74.555,72.410004,73.290001,73.290001,1364600,2018-08-01,01,13.644426065705742,3448.142305687414,3000.0,1.1493807685624713
P1,TEAM,2018-08-02,73.0,75.555,72.864998,74.91999799999999,74.91999799999999,1059300,2018-08-02,02,0.0,3524.8302786326394,3000.0,1.1749434262108798
P1,TEAM,2018-08-03,75.199997,75.199997,73.314003,74.120003,74.120003,934700,2018-08-03,03,0.0,3487.1921756690663,3000.0,1.1623973918896888
P1,TEAM,2018-08-06,74.349998,76.129997,74.309998,75.550003,75.550003,1518000,2018-08-06,06,0.0,3554.4707052072636,3000.0,1.184823568402421
P1,TEAM,2018-08-07,75.910004,76.610001,75.510002,75.980003,75.980003,1086800,2018-08-07,07,0.0,3574.7013119914764,3000.0,1.1915671039971587
P1,TEAM,2018-08-08,75.620003,76.699997,75.247002,76.16999799999999,76.16999799999999,689600,2018-08-08,08,0.0,3583.6401820751194,3000.0,1.1945467273583732
P1,TEAM,2018-08-09,76.199997,78.739998,75.660004,78.309998,78.309998,1234400,2018-08-09,09,0.0,3684.3227367686454,3000.0,1.228107578922882
P1,TEAM,2018-08-10,77.519997,78.699997,77.100998,78.07,78.07,865400,2018-08-10,10,0.0,3673.0313294035345,3000.0,1.2243437764678449
P1,TEAM,2018-08-13,78.07,79.519997,77.980003,78.230003,78.230003,763900,2018-08-13,13,0.0,3680.559138187941,3000.0,1.226853046062647
P1,TEAM,2018-08-14,78.059998,78.910004,76.809998,78.709999,78.709999,870600,2018-08-14,14,0.0,3703.141952918162,3000.0,1.2343806509727206
P1,TEAM,2018-08-15,77.309998,78.639999,77.150002,77.639999,77.639999,1309700,2018-08-15,15,0.0,3652.800675571399,3000.0,1.2176002251904663
P1,TEAM,2018-08-16,78.0,78.5,77.41999799999999,78.099998,78.099998,466200,2018-08-16,16,0.0,3674.442672990309,3000.0,1.224814224330103
P1,TEAM,2018-08-17,78.0,78.334999,77.019997,78.019997,78.019997,714200,2018-08-17,17,0.0,3670.678792122068,3000.0,1.2235595973740228
P1,TEAM,2018-08-20,77.629997,78.68,76.790001,78.25,78.25,1063300,2018-08-20,20,0.0,3681.4999554992523,3000.0,1.2271666518330842
P1,TEAM,2018-08-21,78.050003,80.68,78.050003,79.260002,79.260002,1012000,2018-08-21,21,0.0,3729.018451576622,3000.0,1.2430061505255405
P1,TEAM,2018-08-22,79.25,80.5,78.699997,80.059998,80.059998,673200,2018-08-22,22,0.0,3766.6566015881176,3000.0,1.2555522005293724
P1,TEAM,2018-08-23,79.519997,82.980003,79.25,82.629997,82.629997,1925600,2018-08-23,23,0.0,3887.5697160179343,3000.0,1.295856572005978
P1,TEAM,2018-08-24,82.519997,86.129997,82.519997,86.110001,86.110001,2064100,2018-08-24,24,0.0,4051.2966753934893,3000.0,1.3504322251311631
P1,TEAM,2018-08-27,86.029999,87.480003,85.059998,86.540001,86.540001,2420700,2018-08-27,27,0.0,4071.527282177703,3000.0,1.357175760725901
P1,TEAM,2018-08-28,86.760002,88.050003,86.540001,87.660004,87.660004,1796000,2018-08-28,28,0.0,4124.2210968059335,3000.0,1.3747403656019779
P1,TEAM,2018-08-29,87.849998,89.760002,87.849998,89.470001,89.470001,1647700,2018-08-29,29,0.0,4209.377695846876,3000.0,1.4031258986156254
P1,TEAM,2018-08-30,89.019997,90.309998,88.66999799999999,89.290001,89.290001,1350900,2018-08-30,30,0.0,4200.909069751159,3000.0,1.4003030232503864
P1,TEAM,2018-08-31,89.0,91.41999799999999,88.364998,90.010002,90.010002,1333800,2018-08-31,31,0.0,4234.78362118195,3000.0,1.4115945403939834
P1,TEAM,2018-09-04,90.199997,92.239998,89.600998,91.900002,91.900002,1563400,2018-09-04,04,0.0,4323.70419518698,3000.0,1.4412347317289933
P1,TEAM,2018-09-05,92.260002,92.260002,86.739998,87.610001,87.610001,2246600,2018-09-05,05,0.0,4121.868559524465,3000.0,1.373956186508155
P1,TEAM,2018-09-06,87.980003,88.489998,86.550003,86.68,86.68,1830500,2018-09-06,06,0.0,4078.113944315338,3000.0,1.3593713147717792
P1,TEAM,2018-09-07,86.459999,88.650002,84.461998,87.010002,87.010002,1816600,2018-09-07,07,0.0,4093.639852919998,3000.0,1.3645466176399992
P1,TEAM,2018-09-10,87.959999,88.547997,85.434998,87.959999,87.959999,1192600,2018-09-10,10,0.0,4138.335238392515,3000.0,1.3794450794641717
P1,TEAM,2018-09-11,88.089996,90.769997,87.25,90.489998,90.489998,876800,2018-09-11,11,0.0,4257.366435912171,3000.0,1.419122145304057
P1,TEAM,2018-09-12,90.129997,90.91999799999999,86.949997,89.58000200000001,89.58000200000001,1046400,2018-09-12,12,0.0,4214.553014397738,3000.0,1.404851004799246
P1,TEAM,2018-09-13,91.75,94.720001,91.33000200000001,93.41999799999999,93.41999799999999,1878800,2018-09-13,13,0.0,4395.216849581345,3000.0,1.4650722831937817
P1,TEAM,2018-09-14,93.58000200000001,95.0,92.849998,94.18,94.18,1176700,2018-09-14,14,0.0,4430.973364970218,3000.0,1.4769911216567395
P1,TEAM,2018-09-17,94.489998,94.5,90.639999,91.110001,91.110001,1411500,2018-09-17,17,0.0,4286.5362891634095,3000.0,1.4288454297211366
P1,TEAM,2018-09-18,91.07,93.220001,90.489998,92.400002,92.400002,1659000,2018-09-18,18,0.0,4347.228156563972,3000.0,1.4490760521879908
P1,TEAM,2018-09-19,92.410004,92.949997,89.57,89.93,89.93,1498200,2018-09-19,19,0.0,4231.019693265786,3000.0,1.4103398977552621
P1,TEAM,2018-09-20,90.0,91.5,89.470001,91.32,91.32,1169600,2018-09-20,20,0.0,4296.416305893824,3000.0,1.4321387686312745
P1,TEAM,2018-09-21,91.480003,91.730003,89.730003,90.690002,90.690002,1075000,2018-09-21,21,0.0,4266.77620865466,3000.0,1.42225873621822
P1,TEAM,2018-09-24,89.779999,93.160004,88.57399699999999,92.470001,92.470001,1364000,2018-09-24,24,0.0,4350.521464108828,3000.0,1.4501738213696094
P1,TEAM,2018-09-25,92.900002,94.610001,92.641998,94.279999,94.279999,930600,2018-09-25,25,0.0,4435.678110197694,3000.0,1.4785593700658979
P1,TEAM,2018-09-26,94.66999799999999,95.25,93.529999,94.360001,94.360001,1130800,2018-09-26,26,0.0,4439.442038113858,3000.0,1.4798140127046193
P1,TEAM,2018-09-27,95.120003,96.44899699999999,94.800003,95.889999,95.889999,1109500,2018-09-27,27,0.0,4511.425265831608,3000.0,1.5038084219438694
P1,TEAM,2018-09-28,95.779999,97.059998,95.029999,96.139999,96.139999,1866100,2018-09-28,28,0.0,4523.187246520104,3000.0,1.507729082173368
P1,TEAM,2018-10-01,97.18,98.212997,94.845001,95.720001,95.720001,1418700,2018-10-01,01,10.447137375186614,5503.427213059276,4000.0,1.375856803264819
P1,TEAM,2018-10-02,94.68,95.870003,93.559998,93.599998,93.599998,2521900,2018-10-02,02,0.0,5381.537513100254,4000.0,1.3453843782750634
P1,TEAM,2018-10-03,94.0,94.589996,91.760002,92.900002,92.900002,1929500,2018-10-03,03,0.0,5341.291200990076,4000.0,1.3353228002475188
P1,TEAM,2018-10-04,90.220001,90.83000200000001,85.41999799999999,85.66999799999999,85.66999799999999,3062200,2018-10-04,04,0.0,4925.601686275931,4000.0,1.2314004215689827
P1,TEAM,2018-10-05,86.099998,87.258003,84.050003,85.360001,85.360001,1707100,2018-10-05,05,0.0,4907.778390121068,4000.0,1.2269445975302669
P1,TEAM,2018-10-08,84.349998,84.711998,79.769997,81.089996,81.089996,3316200,2018-10-08,08,0.0,4662.274195894209,4000.0,1.165568548973552
P1,TEAM,2018-10-09,80.68,83.849998,80.512001,81.290001,81.290001,1699800,2018-10-09,09,0.0,4673.773495395344,4000.0,1.168443373848836
P1,TEAM,2018-10-10,80.239998,80.690002,77.510002,78.650002,78.650002,2382300,2018-10-10,10,0.0,4521.986594149394,4000.0,1.1304966485373484
P1,TEAM,2018-10-11,76.620003,81.220001,76.120003,78.339996,78.339996,2084800,2018-10-11,11,0.0,4504.16278053899,4000.0,1.1260406951347475
P1,TEAM,2018-10-12,81.220001,82.360001,79.870003,81.709999,81.709999,1667000,2018-10-12,12,0.0,4697.9213056594745,4000.0,1.1744803264148687
P1,TEAM,2018-10-15,81.709999,82.139999,78.612,79.779999,79.779999,1287300,2018-10-15,15,0.0,4586.955839610176,4000.0,1.146738959902544
P1,TEAM,2018-10-16,80.870003,83.199997,80.660004,82.839996,82.839996,1613500,2018-10-16,16,0.0,4762.890551120257,4000.0,1.1907226377800644
P1,TEAM,2018-10-17,83.989998,84.050003,81.58000200000001,83.629997,83.629997,1125000,2018-10-17,17,0.0,4808.3117061173625,4000.0,1.2020779265293406
P1,TEAM,2018-10-18,83.029999,83.900002,80.135002,81.889999,81.889999,2485100,2018-10-18,18,0.0,4708.270416482726,4000.0,1.1770676041206816
P1,TEAM,2018-10-19,78.0,80.860001,69.559998,70.18,70.18,8073000,2018-10-19,19,0.0,4035.0033198651977,4000.0,1.0087508299662995
P1,TEAM,2018-10-22,71.029999,73.209999,70.41999799999999,72.639999,72.639999,3574600,2018-10-22,22,0.0,4176.441110287898,4000.0,1.0441102775719744
P1,TEAM,2018-10-23,71.199997,72.629997,69.68,72.459999,72.459999,2069400,2018-10-23,23,0.0,4166.0919994646465,4000.0,1.0415229998661617
P1,TEAM,2018-10-24,72.059998,73.279999,67.010002,67.120003,67.120003,1984300,2018-10-24,24,0.0,3859.0686083551154,4000.0,0.9647671520887788
P1,TEAM,2018-10-25,69.290001,70.654999,68.0,70.43,70.43,1942400,2018-10-25,25,0.0,4049.3770848974905,4000.0,1.0123442712243726
P1,TEAM,2018-10-26,67.989998,70.690002,66.800003,68.91999799999999,68.91999799999999,1634000,2018-10-26,26,0.0,3962.5594291123216,4000.0,0.9906398572780803
P1,TEAM,2018-10-29,71.82,72.415001,67.370003,68.93,68.93,1604600,2018-10-29,29,0.0,3963.1344947037346,4000.0,0.9907836236759336
P1,TEAM,2018-10-30,68.709999,72.57,68.269997,71.339996,71.339996,2255300,2018-10-30,30,0.0,4101.697359634795,4000.0,1.0254243399086989
P1,TEAM,2018-10-31,72.5,76.660004,72.059998,75.910004,75.910004,2289900,2018-10-31,31,0.0,4364.450244385586,4000.0,1.0911125610963965
P1,TEAM,2018-11-01,76.66999799999999,77.43,74.43,76.75,76.75,1389400,2018-11-01,01,13.029315960912053,5412.745864913849,5000.0,1.0825491729827699
P1,TEAM,2018-11-02,77.07,78.565002,75.199997,76.480003,76.480003,1130200,2018-11-02,02,0.0,5393.7044949426545,5000.0,1.078740898988531
P1,TEAM,2018-11-05,76.199997,77.0,73.32,74.610001,74.610001,772000,2018-11-05,05,0.0,5261.823770605448,5000.0,1.0523647541210897
P1,TEAM,2018-11-06,74.150002,75.639999,71.550003,72.089996,72.089996,1118000,2018-11-06,06,0.0,5084.10199023656,5000.0,1.0168203980473118
P1,TEAM,2018-11-07,73.639999,78.0,73.095001,77.610001,77.610001,1854100,2018-11-07,07,0.0,5473.396898875696,5000.0,1.0946793797751393
P1,TEAM,2018-11-08,76.82,77.260002,74.724998,75.949997,75.949997,984900,2018-11-08,08,0.0,5356.326152468654,5000.0,1.071265230493731
P1,TEAM,2018-11-09,75.019997,75.457001,71.910004,73.290001,73.290001,684300,2018-11-09,09,0.0,5168.731594166539,5000.0,1.0337463188333078
P1,TEAM,2018-11-12,72.07,72.83000200000001,69.629997,70.800003,70.800003,1284800,2018-11-12,12,0.0,4993.126038750986,5000.0,0.9986252077501971
P1,TEAM,2018-11-13,74.269997,74.269997,70.417999,73.010002,73.010002,1323800,2018-11-13,13,0.0,5148.984839385692,5000.0,1.0297969678771384
P1,TEAM,2018-11-14,74.019997,74.75,71.709999,72.400002,72.400002,899700,2018-11-14,14,0.0,5105.964969970742,5000.0,1.0211929939941482
P1,TEAM,2018-11-15,72.279999,75.93,71.989998,75.75,75.75,1262800,2018-11-15,15,0.0,5342.221488823767,5000.0,1.0684442977647532
P1,TEAM,2018-11-16,75.269997,76.68,74.529999,75.949997,75.949997,876800,2018-11-16,16,0.0,5356.326152468654,5000.0,1.071265230493731
P1,TEAM,2018-11-19,75.480003,75.75,68.940002,69.309998,69.309998,2160600,2018-11-19,19,0.0,4888.044365754881,5000.0,0.9776088731509762
P1,TEAM,2018-11-20,66.040001,70.57,65.16999799999999,70.220001,70.220001,1871200,2018-11-20,20,0.0,4952.221759569985,5000.0,0.9904443519139969
P1,TEAM,2018-11-21,73.110001,73.209999,70.091003,72.129997,72.129997,827700,2018-11-21,21,0.0,5086.923035804539,5000.0,1.0173846071609078
P1,TEAM,2018-11-23,70.220001,73.41999799999999,70.000999,73.199997,73.199997,363900,2018-11-23,23,0.0,5162.384118220927,5000.0,1.0324768236441855
P1,TEAM,2018-11-26,73.690002,76.260002,72.769997,76.16999799999999,76.16999799999999,884600,2018-11-26,26,0.0,5371.841585732848,5000.0,1.0743683171465697
P1,TEAM,2018-11-27,75.290001,76.629997,74.309998,74.660004,74.660004,810400,2018-11-27,27,0.0,5265.350200983081,5000.0,1.0530700401966162
P1,TEAM,2018-11-28,75.470001,81.5,75.470001,80.699997,80.699997,1596100,2018-11-28,28,0.0,5691.316938896547,5000.0,1.1382633877793094
P1,TEAM,2018-11-29,80.0,85.83000200000001,79.889999,83.900002,83.900002,2191200,2018-11-29,29,0.0,5916.995295006693,5000.0,1.1833990590013386
P1,TEAM,2018-11-30,84.279999,87.0,84.059998,85.940002,85.940002,1394100,2018-11-30,30,0.0,6060.865022230462,5000.0,1.2121730044460926
P1,TEAM,2018-12-03,89.0,89.809998,87.07,89.599998,89.599998,1840500,2018-12-03,03,0.0,6318.98395662266,5000.0,1.263796791324532
P1,TEAM,2018-12-04,88.699997,89.82,85.010002,85.720001,85.720001,1745400,2018-12-04,04,0.0,6045.349588966267,5000.0,1.2090699177932533
P1,TEAM,2018-12-06,82.300003,85.760002,81.0,85.139999,85.139999,1908000,2018-12-06,06,0.0,6004.445309785267,5000.0,1.2008890619570536
P1,TEAM,2018-12-07,83.82,84.83000200000001,78.92400400000001,80.459999,80.459999,1817200,2018-12-07,07,0.0,5674.39122968368,5000.0,1.134878245936736
P1,TEAM,2018-12-10,80.199997,84.279999,79.0,83.059998,83.059998,1170800,2018-12-10,10,0.0,5857.754536993519,5000.0,1.1715509073987038
P1,TEAM,2018-12-11,85.209999,85.599998,82.160004,82.980003,82.980003,634300,2018-12-11,11,0.0,5852.112939528192,5000.0,1.1704225879056385
P1,TEAM,2018-12-12,84.83000200000001,86.75,83.800003,84.050003,84.050003,1149800,2018-12-12,12,0.0,5927.574021944582,5000.0,1.1855148043889163
P1,TEAM,2018-12-13,85.0,85.68,82.809998,84.25,84.25,714300,2018-12-13,13,0.0,5941.67868558947,5000.0,1.188335737117894
P1,TEAM,2018-12-14,82.870003,84.91999799999999,82.010002,83.190002,83.190002,831700,2018-12-14,14,0.0,5866.922987982734,5000.0,1.173384597596547
P1,TEAM,2018-12-17,82.75,82.75,79.290001,79.849998,79.849998,1161900,2018-12-17,17,0.0,5631.371289744354,5000.0,1.1262742579488707
P1,TEAM,2018-12-18,81.199997,81.349998,78.730003,79.120003,79.120003,1454000,2018-12-18,18,0.0,5579.8888478204735,5000.0,1.1159777695640947
P1,TEAM,2018-12-19,79.68,83.739998,79.355003,81.059998,81.059998,1688200,2018-12-19,19,0.0,5716.705784813353,5000.0,1.1433411569626706
P1,TEAM,2018-12-20,80.239998,83.849998,75.550003,82.25,82.25,2980300,2018-12-20,20,0.0,5800.629933409305,5000.0,1.160125986681861
P1,TEAM,2018-12-21,82.970001,83.0,79.459999,81.129997,81.129997,3059400,2018-12-21,21,0.0,5721.642420615283,5000.0,1.1443284841230568
P1,TEAM,2018-12-24,79.790001,81.849998,77.339996,78.660004,78.660004,630100,2018-12-24,24,0.0,5547.447705343411,5000.0,1.1094895410686823
P1,TEAM,2018-12-26,79.360001,85.5,79.33000200000001,85.32,85.32,1510000,2018-12-26,26,0.0,6017.139768005858,5000.0,1.2034279536011716
P1,TEAM,2018-12-27,83.519997,87.57,82.660004,87.57,87.57,966700,2018-12-27,27,0.0,6175.8196142085435,5000.0,1.2351639228417086
P1,TEAM,2018-12-28,88.209999,88.980003,85.220001,87.599998,87.599998,1410700,2018-12-28,28,0.0,6177.935204442495,5000.0,1.235587040888499
P1,TEAM,2018-12-31,89.230003,90.879997,88.199997,88.980003,88.980003,2146700,2018-12-31,31,0.0,6275.259196068689,5000.0,1.2550518392137378
P1,TEAM,2019-01-02,85.82,90.139999,84.18,89.029999,89.029999,1570400,2019-01-02,02,0.0,6278.785132775689,5000.0,1.2557570265551379
P1,TEAM,2019-01-03,87.029999,88.360001,84.290001,84.480003,84.480003,1201500,2019-01-03,03,0.0,5957.899503663317,5000.0,1.1915799007326633
P1,TEAM,2019-01-04,86.650002,88.82,85.48200200000001,87.089996,87.089996,1836200,2019-01-04,04,0.0,6141.9676315878005,5000.0,1.22839352631756
P1,TEAM,2019-01-07,89.050003,95.800003,87.699997,92.709999,92.709999,3738800,2019-01-07,07,0.0,6538.314836787193,5000.0,1.3076629673574385
P1,TEAM,2019-01-08,94.980003,96.0,91.660004,94.82,94.82,2275300,2019-01-08,08,0.0,6687.121340861643,5000.0,1.3374242681723287
P1,TEAM,2019-01-09,95.269997,96.970001,94.625,95.809998,95.809998,1454800,2019-01-09,09,0.0,6756.940332142073,5000.0,1.3513880664284146
P1,TEAM,2019-01-10,95.059998,95.989998,93.75,95.5,95.5,1174800,2019-01-10,10,0.0,6735.077916602901,5000.0,1.3470155833205801
P1,TEAM,2019-01-11,95.309998,96.470001,93.66999799999999,95.650002,95.650002,934900,2019-01-11,11,0.0,6745.656714065165,5000.0,1.349131342813033
P1,TEAM,2019-01-14,94.18,94.718002,92.850998,93.709999,93.709999,2252100,2019-01-14,14,0.0,6608.839212877276,5000.0,1.321767842575455
P1,TEAM,2019-01-15,91.349998,95.410004,90.400002,95.379997,95.379997,1792200,2019-01-15,15,0.0,6726.614779898962,5000.0,1.3453229559797926
P1,TEAM,2019-01-16,95.629997,96.690002,93.400002,94.32,94.32,1662900,2019-01-16,16,0.0,6651.859152816603,5000.0,1.3303718305633205
P1,TEAM,2019-01-17,94.33000200000001,94.75,91.656998,92.91999799999999,92.91999799999999,3504300,2019-01-17,17,0.0,6553.124885241734,5000.0,1.3106249770483467
P1,TEAM,2019-01-18,100.0,100.0,88.550003,90.66999799999999,90.66999799999999,7666900,2019-01-18,18,0.0,6394.445039039048,5000.0,1.2788890078078097
P1,TEAM,2019-01-22,88.769997,92.470001,87.18,91.440002,91.440002,2696100,2019-01-22,22,0.0,6448.749090725917,5000.0,1.2897498181451834
P1,TEAM,2019-01-23,92.0,94.400002,90.849998,93.650002,93.650002,2447100,2019-01-23,23,0.0,6604.607961885,5000.0,1.320921592377
P1,TEAM,2019-01-24,93.82,94.900002,92.110001,93.32,93.32,1211200,2019-01-24,24,0.0,6581.3347767265195,5000.0,1.316266955345304
P1,TEAM,2019-01-25,94.5,95.989998,93.71399699999999,95.860001,95.860001,1154700,2019-01-25,25,0.0,6760.466762519706,5000.0,1.3520933525039411
P1,TEAM,2019-01-28,94.41999799999999,95.120003,92.529999,94.720001,94.720001,954700,2019-01-28,28,0.0,6680.068973777012,5000.0,1.3360137947554023
P1,TEAM,2019-01-29,94.389999,94.800003,92.420998,93.220001,93.220001,948500,2019-01-29,29,0.0,6574.282409641887,5000.0,1.3148564819283775
P1,TEAM,2019-01-30,94.07,95.843002,94.07,95.010002,95.010002,1141300,2019-01-30,30,0.0,6700.521113367512,5000.0,1.3401042226735025
P1,TEAM,2019-01-31,95.0,100.0,94.709999,98.400002,98.400002,2263300,2019-01-31,31,0.0,6939.598748312892,5000.0,1.3879197496625784
P1,TEAM,2019-02-01,98.209999,101.760002,97.860001,98.980003,98.980003,2084700,2019-02-01,01,10.103050815223758,7980.502956969515,6000.0,1.330083826161586
P1,TEAM,2019-02-04,99.08000200000001,102.849998,99.07,102.18,102.18,1979900,2019-02-04,04,0.0,8238.510481184216,6000.0,1.3730850801973693
P1,TEAM,2019-02-05,102.470001,103.775002,101.625,102.769997,102.769997,1809000,2019-02-05,05,0.0,8286.080421176066,6000.0,1.3810134035293444
P1,TEAM,2019-02-06,102.730003,104.309998,101.260002,103.540001,103.540001,1500700,2019-02-06,06,0.0,8348.16386240286,6000.0,1.39136064373381
P1,TEAM,2019-02-07,102.220001,103.716003,101.160004,102.349998,102.349998,1180900,2019-02-07,07,0.0,8252.216982503263,6000.0,1.3753694970838772
P1,TEAM,2019-02-08,101.32,104.952003,101.199997,104.339996,104.339996,1129400,2019-02-08,08,0.0,8412.66540078997,6000.0,1.4021109001316618
P1,TEAM,2019-02-11,104.940002,106.400002,104.110001,104.57,104.57,1385600,2019-02-11,11,0.0,8431.210031487897,6000.0,1.4052016719146496
P1,TEAM,2019-02-12,104.849998,106.589996,104.300003,106.120003,106.120003,1457300,2019-02-12,12,0.0,8556.182785073404,6000.0,1.4260304641789008
P1,TEAM,2019-02-13,106.480003,107.199997,103.309998,105.25,105.25,1131600,2019-02-13,13,0.0,8486.036681783507,6000.0,1.414339446963918
P1,TEAM,2019-02-14,104.739998,105.779999,104.110001,104.809998,104.809998,1194100,2019-02-14,14,0.0,8450.560452690317,6000.0,1.408426742115053
P1,TEAM,2019-02-15,106.150002,106.150002,104.120003,104.900002,104.900002,899100,2019-02-15,15,0.0,8457.817243621503,6000.0,1.4096362072702504
P1,TEAM,2019-02-19,104.379997,104.629997,103.32,103.910004,103.910004,1845000,2019-02-19,19,0.0,8377.996252240104,6000.0,1.396332708706684
P1,TEAM,2019-02-20,104.0,105.66999799999999,102.58000200000001,104.120003,104.120003,1162400,2019-02-20,20,0.0,8394.927931262791,6000.0,1.3991546552104652
P1,TEAM,2019-02-21,103.300003,103.879997,101.589996,103.040001,103.040001,949600,2019-02-21,21,0.0,8307.850148950207,6000.0,1.3846416914917012
P1,TEAM,2019-02-22,102.970001,105.440002,102.739998,105.25,105.25,967900,2019-02-22,22,0.0,8486.036681783507,6000.0,1.414339446963918
P1,TEAM,2019-02-25,105.970001,107.949997,105.75,106.75,106.75,1390300,2019-02-25,25,0.0,8606.977822141467,6000.0,1.4344963036902445
P1,TEAM,2019-02-26,106.019997,107.010002,105.449997,105.879997,105.879997,1185300,2019-02-26,26,0.0,8536.83171885157,6000.0,1.4228052864752616
P1,TEAM,2019-02-27,105.300003,106.650002,104.791,106.33000200000001,106.33000200000001,996800,2019-02-27,27,0.0,8573.114464096092,6000.0,1.428852410682682
P1,TEAM,2019-02-28,105.629997,107.959999,105.380997,107.480003,107.480003,1749900,2019-02-28,28,0.0,8665.836085664621,6000.0,1.4443060142774369
P1,TEAM,2019-03-01,108.220001,111.760002,107.559998,110.949997,110.949997,1989400,2019-03-01,01,9.01306919368371,9945.612773261471,7000.0,1.4208018247516387
P1,TEAM,2019-03-04,111.58000200000001,111.58000200000001,99.769997,104.709999,104.709999,3863200,2019-03-04,04,0.0,9386.256256884766,7000.0,1.340893750983538
P1,TEAM,2019-03-05,105.33000200000001,105.33000200000001,101.290001,104.43,104.43,1309800,2019-03-05,05,0.0,9361.157007617545,7000.0,1.3373081439453636
P1,TEAM,2019-03-06,104.25,105.0,102.300003,103.5,103.5,855600,2019-03-06,06,0.0,9277.791346245484,7000.0,1.3253987637493547
P1,TEAM,2019-03-07,102.970001,106.344002,102.559998,104.209999,104.209999,1306000,2019-03-07,07,0.0,9341.436008835271,7000.0,1.3344908584050388
P1,TEAM,2019-03-08,102.059998,105.059998,100.510002,104.25,104.25,1095000,2019-03-08,08,0.0,9345.021718319727,7000.0,1.3350031026171039
P1,TEAM,2019-03-11,104.760002,110.099998,104.760002,109.510002,109.510002,1533000,2019-03-11,11,0.0,9816.530907081407,7000.0,1.4023615581544868
P1,TEAM,2019-03-12,110.059998,112.449997,109.050003,110.940002,110.940002,1747800,2019-03-12,12,0.0,9944.716816502963,7000.0,1.4206738309289948
P1,TEAM,2019-03-13,111.220001,112.58000200000001,108.25,108.58000200000001,108.58000200000001,3581400,2019-03-13,13,0.0,9733.165245709348,7000.0,1.3904521779584782
P1,TEAM,2019-03-14,109.459999,112.489998,109.300003,110.480003,110.480003,1711200,2019-03-14,14,0.0,9903.482277937923,7000.0,1.4147831825625603
P1,TEAM,2019-03-15,110.83000200000001,112.230003,109.64299799999999,110.269997,110.269997,2235500,2019-03-15,15,0.0,9884.65723591416,7000.0,1.41209389084488
P1,TEAM,2019-03-18,110.120003,111.730003,109.660004,111.220001,111.220001,729300,2019-03-18,18,0.0,9969.816065770185,7000.0,1.4242594379671691
P1,TEAM,2019-03-19,112.209999,113.400002,110.309998,112.41999799999999,112.41999799999999,1148300,2019-03-19,19,0.0,10077.384392167483,7000.0,1.4396263417382118
P1,TEAM,2019-03-20,112.639999,113.900002,111.278,112.83000200000001,112.83000200000001,823100,2019-03-20,20,0.0,10114.137354130055,7000.0,1.4448767648757221
P1,TEAM,2019-03-21,112.339996,115.879997,112.099998,115.5,115.5,1098100,2019-03-21,21,0.0,10353.477299433367,7000.0,1.479068185633338
P1,TEAM,2019-03-22,114.690002,115.054001,109.730003,109.83000200000001,109.83000200000001,1433200,2019-03-22,22,0.0,9845.215865833085,7000.0,1.4064594094047265
P1,TEAM,2019-03-25,109.33000200000001,110.389999,107.900002,109.860001,109.860001,890700,2019-03-25,25,0.0,9847.904991075557,7000.0,1.406843570153651
P1,TEAM,2019-03-26,111.629997,112.949997,110.5,111.550003,111.550003,727800,2019-03-26,26,0.0,9999.397608763844,7000.0,1.428485372680549
P1,TEAM,2019-03-27,111.400002,112.0,105.199997,106.989998,106.989998,2086800,2019-03-27,27,0.0,9590.636498349968,7000.0,1.3700909283357097
P1,TEAM,2019-03-28,107.08000200000001,109.870003,106.599998,108.459999,108.459999,1132300,2019-03-28,28,0.0,9722.408117255978,7000.0,1.3889154453222825
P1,TEAM,2019-03-29,110.199997,112.510002,108.68,112.389999,112.389999,1239000,2019-03-29,29,0.0,10074.695266925011,7000.0,1.4392421809892872
