PID,Date,mv,cost
Port1,2014-03-03,0.0,0.0
Port1,2014-03-04,0.0,0.0
Port1,2014-03-05,0.0,0.0
Port1,2014-03-06,0.0,0.0
Port1,2014-03-07,0.0,0.0
Port1,2014-03-10,0.0,0.0
Port1,2014-03-11,0.0,0.0
Port1,2014-03-12,0.0,0.0
Port1,2014-03-13,0.0,0.0
Port1,2014-03-14,0.0,0.0
Port1,2014-03-17,0.0,0.0
Port1,2014-03-18,0.0,0.0
Port1,2014-03-19,0.0,0.0
Port1,2014-03-20,0.0,0.0
Port1,2014-03-21,0.0,0.0
Port1,2014-03-24,0.0,0.0
Port1,2014-03-25,0.0,0.0
Port1,2014-03-26,0.0,0.0
Port1,2014-03-27,0.0,0.0
Port1,2014-03-28,0.0,0.0
Port1,2014-03-31,0.0,0.0
Port1,2014-04-01,1000.0,1000.0
Port1,2014-04-02,988.9456290637013,1000.0
Port1,2014-04-03,947.9592338088304,1000.0
Port1,2014-04-04,925.3401517914991,1000.0
Port1,2014-04-07,917.8571754737616,1000.0
Port1,2014-04-08,938.945577192952,1000.0
Port1,2014-04-09,968.5374484445143,1000.0
Port1,2014-04-10,927.7210872061407,1000.0
Port1,2014-04-11,899.1496581488037,1000.0
Port1,2014-04-14,914.6258488881946,1000.0
Port1,2014-04-15,939.2857302599613,1000.0
Port1,2014-04-16,952.0408325177012,1000.0
Port1,2014-04-17,954.0816148653336,1000.0
Port1,2014-04-21,954.2517339158458,1000.0
Port1,2014-04-22,970.748349842659,1000.0
Port1,2014-04-23,946.2585024873897,1000.0
Port1,2014-04-24,930.7823287548014,1000.0
Port1,2014-04-25,897.9591819380812,1000.0
Port1,2014-04-28,835.5442489038138,1000.0
Port1,2014-04-29,863.265286790226,1000.0
Port1,2014-04-30,878.4014094966226,1000.0
Port1,2014-05-01,1885.71433479106,2000.0
Port1,2014-05-02,1898.7491173815406,2000.0
Port1,2014-05-05,1942.560943699062,2000.0
Port1,2014-05-06,1874.8518168214887,2000.0
Port1,2014-05-07,1825.9710109748678,2000.0
Port1,2014-05-08,1815.8328346684846,2000.0
Port1,2014-05-09,1820.5397700940975,2000.0
Port1,2014-05-12,1934.5951044296487,2000.0
Port1,2014-05-13,1892.955832397285,2000.0
Port1,2014-05-14,1878.4726923527103,2000.0
Port1,2014-05-15,1861.8168893988839,2000.0
Port1,2014-05-16,1875.5759774445205,2000.0
Port1,2014-05-19,1927.3534981993305,2000.0
Port1,2014-05-20,1915.0427313997575,2000.0
Port1,2014-05-21,1817.2810472904544,2000.0
Port1,2014-05-22,1928.8018194453946,2000.0
Port1,2014-05-23,1933.870943806617,2000.0
Port1,2014-05-27,1968.2686096086625,2000.0
Port1,2014-05-28,1931.336381626006,2000.0
Port1,2014-05-29,1969.7169670627566,2000.0
Port1,2014-05-30,1905.6287157164054,2000.0
Port1,2014-06-02,1896.5767079285072,2000.0
Port1,2014-06-03,1844.7992233817279,2000.0
Port1,2014-06-04,1849.1441509118881,2000.0
Port1,2014-06-05,1860.006524049335,2000.0
Port1,2014-06-06,1875.5759774445205,2000.0
Port1,2014-06-09,1872.317254640877,2000.0
Port1,2014-06-10,1921.198169111591,2000.0
Port1,2014-06-11,1930.250176899489,2000.0
Port1,2014-06-12,1920.4740084885584,2000.0
Port1,2014-06-13,1966.4582080510827,2000.0
Port1,2014-06-16,1977.3206173965607,2000.0
Port1,2014-06-17,2093.548361185145,2000.0
Port1,2014-06-18,2091.3758068999873,2000.0
Port1,2014-06-19,2095.720879262273,2000.0
Port1,2014-06-20,2082.323799112089,2000.0
Port1,2014-06-23,2100.0658067924323,2000.0
Port1,2014-06-24,2080.5134337625404,2000.0
Port1,2014-06-25,2078.703068412992,2000.0
Port1,2014-06-26,2070.0130685205468,2000.0
Port1,2014-06-27,2077.6168636864754,2000.0
Port1,2014-06-30,2102.962521700622,2000.0
Port1,2014-07-01,3143.515480382376,3000.0
Port1,2014-07-02,3128.116449682589,3000.0
Port1,2014-07-03,3120.1513550690224,3000.0
Port1,2014-07-07,3044.749570952295,3000.0
Port1,2014-07-08,2914.654707094906,3000.0
Port1,2014-07-09,2899.25567639512,3000.0
Port1,2014-07-10,2883.325752667597,3000.0
Port1,2014-07-11,2878.546759619365,3000.0
Port1,2014-07-14,2906.1587725535246,3000.0
Port1,2014-07-15,2853.589955222802,3000.0
Port1,2014-07-16,2864.740885902091,3000.0
Port1,2014-07-17,2795.1798808890694,3000.0
Port1,2014-07-18,2840.845867561001,3000.0
Port1,2014-07-21,2831.2878814645337,3000.0
Port1,2014-07-22,2846.15575363697,3000.0
Port1,2014-07-23,2846.15575363697,3000.0
Port1,2014-07-24,2870.581877405488,3000.0
Port1,2014-07-25,2914.654707094906,3000.0
Port1,2014-07-28,2867.3958289400757,3000.0
Port1,2014-07-29,2911.4688710291853,3000.0
Port1,2014-07-30,2986.8706551459118,3000.0
Port1,2014-07-31,2880.670809629613,3000.0
Port1,2014-08-01,3839.7838691058373,4000.0
Port1,2014-08-04,3941.7378850687774,4000.0
Port1,2014-08-05,3898.6585686735816,4000.0
Port1,2014-08-06,3869.221182990459,4000.0
Port1,2014-08-07,3859.1694645557,4000.0
Port1,2014-08-08,3908.7103589068433,4000.0
Port1,2014-08-11,3939.583714623288,4000.0
Port1,2014-08-12,3787.3709628895467,4000.0
Port1,2014-08-13,3792.3968580061774,4000.0
Port1,2014-08-14,3841.9376805588204,4000.0
Port1,2014-08-15,3850.5537161542625,4000.0
Port1,2014-08-18,3904.402592403877,4000.0
Port1,2014-08-19,3946.045579773243,4000.0
Port1,2014-08-20,3976.918935489688,4000.0
Port1,2014-08-21,3999.894456022857,4000.0
Port1,2014-08-22,4293.550327837422,4000.0
Port1,2014-08-25,4252.625253686215,4000.0
Port1,2014-08-26,4282.062567570836,4000.0
Port1,2014-08-27,4277.754872866372,4000.0
Port1,2014-08-28,4185.134733918533,4000.0
Port1,2014-08-29,4242.5734634529545,4000.0
Port1,2014-09-02,4297.140181122227,4000.0
Port1,2014-09-03,4238.265481554483,4000.0
Port1,2014-09-04,4241.855622033296,4000.0
Port1,2014-09-05,4294.2684564510855,4000.0
Port1,2014-09-08,4333.757632367468,4000.0
Port1,2014-09-09,4283.498609402661,4000.0
Port1,2014-09-10,4358.169122933961,4000.0
Port1,2014-09-11,4394.786215186697,4000.0
Port1,2014-09-12,4254.061223719538,4000.0
Port1,2014-09-15,4133.439740920402,4000.0
Port1,2014-09-16,4136.311752785548,4000.0
Port1,2014-09-17,4124.8239925189655,4000.0
Port1,2014-09-18,4139.901606070355,4000.0
Port1,2014-09-19,4181.544880633727,4000.0
Port1,2014-09-22,4115.490115503864,4000.0
Port1,2014-09-23,4078.872951452628,4000.0
Port1,2014-09-24,4139.901606070355,4000.0
Port1,2014-09-25,4014.9720695742467,4000.0
Port1,2014-09-26,4060.9233260360893,4000.0
Port1,2014-09-29,4109.02825035391,4000.0
Port1,2014-09-30,4130.567729055254,4000.0
Port1,2014-10-01,6073.1289995208335,6000.0
Port1,2014-10-02,6076.230408798672,6000.0
Port1,2014-10-03,6251.064450983826,6000.0
Port1,2014-10-06,6239.195337938687,6000.0
Port1,2014-10-07,6107.460265540484,6000.0
Port1,2014-10-08,6203.309176536898,6000.0
Port1,2014-10-09,6140.142209244566,6000.0
Port1,2014-10-10,5895.299135160783,6000.0
Port1,2014-10-13,5748.756435868975,6000.0
Port1,2014-10-14,5701.174818990775,6000.0
Port1,2014-10-15,5741.811670512917,6000.0
Port1,2014-10-16,5849.310558277047,6000.0
Port1,2014-10-17,5995.78278122719,6000.0
Port1,2014-10-20,6035.617963621597,6000.0
Port1,2014-10-21,6174.48554330088,6000.0
Port1,2014-10-22,6094.43221919867,6000.0
Port1,2014-10-23,6272.949073325894,6000.0
Port1,2014-10-24,6439.2936110195005,6000.0
Port1,2014-10-27,6421.7350298613765,6000.0
Port1,2014-10-28,6660.096638984431,6000.0
Port1,2014-10-29,6594.106582469725,6000.0
Port1,2014-10-30,6666.054083929464,6000.0
Port1,2014-10-31,6867.540943674954,6000.0
Port1,2014-11-03,6868.936565975047,6000.0
Port1,2014-11-04,6916.741511032294,6000.0
Port1,2014-11-05,6798.4920068566325,6000.0
Port1,2014-11-06,6937.696310260689,6000.0
Port1,2014-11-07,7051.118195026954,6000.0
Port1,2014-11-10,7147.352402025186,6000.0
Port1,2014-11-11,7058.934000889292,6000.0
Port1,2014-11-12,7075.509345867902,6000.0
Port1,2014-11-13,6981.9351689147115,6000.0
Port1,2014-11-14,7052.024331190749,6000.0
Port1,2014-11-17,6916.955730703621,6000.0
Port1,2014-11-18,6873.4253980587455,6000.0
Port1,2014-11-19,6720.645175605188,6000.0
Port1,2014-11-20,6489.021150942771,6000.0
Port1,2014-11-21,6489.753447196766,6000.0
Port1,2014-11-24,6517.860835406706,6000.0
Port1,2014-11-25,6624.416713448822,6000.0
Port1,2014-11-26,6605.288312377363,6000.0
Port1,2014-11-28,6650.557950342123,6000.0
Port1,2014-12-01,8514.290406114636,8000.0
Port1,2014-12-02,8614.462157884584,8000.0
Port1,2014-12-03,8590.898942835007,8000.0
Port1,2014-12-04,8567.401161685124,8000.0
Port1,2014-12-05,8530.033167368332,8000.0
Port1,2014-12-08,8210.964919661825,8000.0
Port1,2014-12-09,8232.978523827289,8000.0
Port1,2014-12-10,8069.99249752104,8000.0
Port1,2014-12-11,8109.952598969319,8000.0
Port1,2014-12-12,8069.295149810259,8000.0
Port1,2014-12-15,8096.824571780735,8000.0
Port1,2014-12-16,7947.057042578663,8000.0
Port1,2014-12-17,8356.85712808669,8000.0
Port1,2014-12-18,8609.499033502525,8000.0
Port1,2014-12-19,8695.334517831598,8000.0
Port1,2014-12-22,8655.761813842035,8000.0
Port1,2014-12-23,8655.416948603288,8000.0
Port1,2014-12-24,8646.388490520068,8000.0
Port1,2014-12-26,8696.373639904796,8000.0
Port1,2014-12-29,8649.146710257126,8000.0
Port1,2014-12-30,8546.461635572257,8000.0
Port1,2014-12-31,8495.600385843576,8000.0
Port1,2015-01-02,8480.999017181506,8000.0
Port1,2015-01-05,8312.473867031535,8000.0
Port1,2015-01-06,8258.146958180116,8000.0
Port1,2015-01-07,8204.38311930758,8000.0
Port1,2015-01-08,8441.970420343949,8000.0
Port1,2015-01-09,8353.929990377155,8000.0
Port1,2015-01-12,8278.729774141315,8000.0
Port1,2015-01-13,8286.362382267782,8000.0
Port1,2015-01-14,8184.740284558625,8000.0
Port1,2015-01-15,7888.315834509017,8000.0
Port1,2015-01-16,8063.242863135785,8000.0
Port1,2015-01-20,8198.677109421249,8000.0
Port1,2015-01-21,8311.75483974714,8000.0
Port1,2015-01-22,8357.54199340058,8000.0
Port1,2015-01-23,8404.746348976458,8000.0
Port1,2015-01-26,8546.638020115879,8000.0
Port1,2015-01-27,8312.895999213782,8000.0
Port1,2015-01-28,8065.237454391639,8000.0
Port1,2015-01-29,8069.488021155961,8000.0
Port1,2015-01-30,7878.641568668418,8000.0
Port1,2015-02-02,7989.015178326679,8000.0
Port1,2015-02-03,8140.567357941868,8000.0
Port1,2015-02-04,8168.141180902532,8000.0
Port1,2015-02-05,8133.7080478806265,8000.0
Port1,2015-02-06,8096.351346295589,8000.0
Port1,2015-02-09,7976.528368477969,8000.0
Port1,2015-02-10,8089.195746803585,8000.0
Port1,2015-02-11,8063.736951746217,8000.0
Port1,2015-02-12,8348.51705227233,8000.0
Port1,2015-02-13,8558.66298030243,8000.0
Port1,2015-02-17,8429.40012032896,8000.0
Port1,2015-02-18,8525.992118594077,8000.0
Port1,2015-02-19,8508.942742695608,8000.0
Port1,2015-02-20,8602.587951661688,8000.0
Port1,2015-02-23,8454.591975624311,8000.0
Port1,2015-02-24,8369.044526008738,8000.0
Port1,2015-02-25,8500.589238514525,8000.0
Port1,2015-02-26,9267.14345037581,8000.0
Port1,2015-02-27,9170.418258320266,8000.0
Port1,2015-03-02,9048.999346996286,8000.0
Port1,2015-03-03,8837.46836876203,8000.0
Port1,2015-03-04,8699.622104988173,8000.0
Port1,2015-03-05,8787.972006936958,8000.0
Port1,2015-03-06,8642.64594860398,8000.0
Port1,2015-03-09,8701.1282066913,8000.0
Port1,2015-03-10,8527.463844994187,8000.0
Port1,2015-03-11,8498.327560151865,8000.0
Port1,2015-03-12,8631.9209101211,8000.0
Port1,2015-03-13,8593.434903162484,8000.0
Port1,2015-03-16,8833.104770507827,8000.0
Port1,2015-03-17,8962.744024663434,8000.0
Port1,2015-03-18,9070.990433897547,8000.0
Port1,2015-03-19,9130.292660701132,8000.0
Port1,2015-03-20,8992.36762189085,8000.0
Port1,2015-03-23,8969.180544009205,8000.0
Port1,2015-03-24,8925.287739077308,8000.0
Port1,2015-03-25,8758.713511159924,8000.0
Port1,2015-03-26,8789.887982370281,8000.0
Port1,2015-03-27,8858.075946621426,8000.0
Port1,2015-03-30,8875.667539852428,8000.0
Port1,2015-03-31,8857.520865165452,8000.0
Port1,2015-04-01,10761.361005454679,10000.0
Port1,2015-04-02,10831.59654960898,10000.0
Port1,2015-04-06,10969.400325426672,10000.0
Port1,2015-04-07,11013.930362779367,10000.0
Port1,2015-04-08,11120.693063591923,10000.0
Port1,2015-04-09,11088.488186271272,10000.0
Port1,2015-04-10,11024.561813499342,10000.0
Port1,2015-04-13,10946.573027204391,10000.0
Port1,2015-04-14,10949.81838499315,10000.0
Port1,2015-04-15,10975.31022737179,10000.0
Port1,2015-04-16,11040.103943914528,10000.0
Port1,2015-04-17,10713.291647450887,10000.0
Port1,2015-04-20,10855.6681915566,10000.0
Port1,2015-04-21,10921.282564268036,10000.0
Port1,2015-04-22,10949.09240350306,10000.0
Port1,2015-04-23,11049.055236315819,10000.0
Port1,2015-04-24,11047.312394937508,10000.0
Port1,2015-04-27,11059.4796381312,10000.0
Port1,2015-04-28,10950.043424983305,10000.0
Port1,2015-04-29,11805.476507033542,10000.0
Port1,2015-04-30,11544.656780061017,10000.0
Port1,2015-05-01,13606.27589872514,12000.0
Port1,2015-05-04,13342.07380010429,12000.0
Port1,2015-05-05,13449.671993708225,12000.0
Port1,2015-05-06,13611.128398554292,12000.0
Port1,2015-05-07,13982.828367126596,12000.0
Port1,2015-05-08,13744.623225423526,12000.0
Port1,2015-05-11,13567.009016223905,12000.0
Port1,2015-05-12,13646.30086284055,12000.0
Port1,2015-05-13,13683.592106400749,12000.0
Port1,2015-05-14,13870.46331609935,12000.0
Port1,2015-05-15,13808.33852227837,12000.0
Port1,2015-05-18,13800.945697180798,12000.0
Port1,2015-05-19,13672.65362648141,12000.0
Port1,2015-05-20,13607.621833304445,12000.0
Port1,2015-05-21,14123.917231635394,12000.0
Port1,2015-05-22,14379.900257113435,12000.0
Port1,2015-05-26,14151.198857015777,12000.0
Port1,2015-05-27,14206.183691328366,12000.0
Port1,2015-05-28,13959.49294541988,12000.0
Port1,2015-05-29,13894.768489728662,12000.0
Port1,2015-06-01,16008.504902447428,14000.0
Port1,2015-06-02,15963.484196556969,14000.0
Port1,2015-06-03,16064.125443158417,14000.0
Port1,2015-06-04,15865.335928560447,14000.0
Port1,2015-06-05,16071.507227164602,14000.0
Port1,2015-06-08,15680.270015750812,14000.0
Port1,2015-06-09,15628.23340203151,14000.0
Port1,2015-06-10,15891.819575797374,14000.0
Port1,2015-06-11,15702.548192942111,14000.0
Port1,2015-06-12,15576.020131368088,14000.0
Port1,2015-06-15,15664.741344174672,14000.0
Port1,2015-06-16,15788.034832351957,14000.0
Port1,2015-06-17,15979.940933585822,14000.0
Port1,2015-06-18,16169.062109021714,14000.0
Port1,2015-06-19,16006.324807323967,14000.0
Port1,2015-06-22,15970.19794292635,14000.0
Port1,2015-06-23,15849.979849598943,14000.0
Port1,2015-06-24,15750.909887501395,14000.0
Port1,2015-06-25,15771.234512071023,14000.0
Port1,2015-06-26,15471.470221323209,14000.0
Port1,2015-06-29,14998.363349165218,14000.0
Port1,2015-06-30,15011.139860669671,14000.0
Port1,2015-07-01,17157.285452602322,16000.0
Port1,2015-07-02,17110.953371356933,16000.0
Port1,2015-07-06,16779.28604649923,16000.0
Port1,2015-07-07,16916.677178769354,16000.0
Port1,2015-07-08,16659.552117472816,16000.0
Port1,2015-07-09,16827.965583239755,16000.0
Port1,2015-07-10,17106.777294185336,16000.0
Port1,2015-07-13,17199.2099093134,16000.0
Port1,2015-07-14,17295.094142062364,16000.0
Port1,2015-07-15,17172.152714552165,16000.0
Port1,2015-07-16,17399.8261097015,16000.0
Port1,2015-07-17,17589.021811069157,16000.0
Port1,2015-07-20,17535.131523338274,16000.0
Port1,2015-07-21,17698.958828600717,16000.0
Port1,2015-07-22,17816.010316987486,16000.0
Port1,2015-07-23,17526.93785623112,16000.0
Port1,2015-07-24,17746.57920312134,16000.0
Port1,2015-07-27,17397.42042229131,16000.0
Port1,2015-07-28,17556.505360464977,16000.0
Port1,2015-07-29,17550.576454202397,16000.0
Port1,2015-07-30,17445.234912445067,16000.0
Port1,2015-07-31,17324.237781725096,16000.0
Port1,2015-08-03,17160.05230670009,16000.0
Port1,2015-08-04,17130.832268168604,16000.0
Port1,2015-08-05,17300.355654213476,16000.0
Port1,2015-08-06,16899.07057371352,16000.0
Port1,2015-08-07,16886.200328645387,16000.0
Port1,2015-08-10,17139.634422535284,16000.0
Port1,2015-08-11,16983.41846085872,16000.0
Port1,2015-08-12,16615.396812609397,16000.0
Port1,2015-08-13,16792.838264941547,16000.0
Port1,2015-08-14,17027.935795985122,16000.0
Port1,2015-08-17,17228.578872313377,16000.0
Port1,2015-08-18,16900.70202969552,16000.0
Port1,2015-08-19,16760.520164312475,16000.0
Port1,2015-08-20,15880.544069599418,16000.0
Port1,2015-08-21,15950.379565700536,16000.0
Port1,2015-08-24,15138.351409791836,16000.0
Port1,2015-08-25,15330.151808779574,16000.0
Port1,2015-08-26,15880.65985063183,16000.0
Port1,2015-08-27,16261.746519817185,16000.0
Port1,2015-08-28,16259.404768522705,16000.0
Port1,2015-08-31,15843.177440008581,16000.0
Port1,2015-09-01,17309.697568144464,18000.0
Port1,2015-09-02,17609.668884285922,18000.0
Port1,2015-09-03,17735.916342046294,18000.0
Port1,2015-09-04,17321.3356706543,18000.0
Port1,2015-09-08,17715.172336735104,18000.0
Port1,2015-09-09,17670.43048962306,18000.0
Port1,2015-09-10,17779.140501019443,18000.0
Port1,2015-09-11,17901.577991676953,18000.0
Port1,2015-09-14,17702.420853485033,18000.0
Port1,2015-09-15,18137.21128540854,18000.0
Port1,2015-09-16,18445.88723326214,18000.0
Port1,2015-09-17,18420.782555885584,18000.0
Port1,2015-09-18,18236.020618248574,18000.0
Port1,2015-09-21,18212.180911976127,18000.0
Port1,2015-09-22,17956.813517483002,18000.0
Port1,2015-09-23,17857.576912314977,18000.0
Port1,2015-09-24,17801.01591657919,18000.0
Port1,2015-09-25,17873.7695797992,18000.0
Port1,2015-09-28,17113.087896391444,18000.0
Port1,2015-09-29,17031.773508935054,18000.0
Port1,2015-09-30,17315.34469533351,18000.0
Port1,2015-10-01,19926.311741972175,20000.0
Port1,2015-10-02,20559.453957866175,20000.0
Port1,2015-10-05,20890.104400615368,20000.0
Port1,2015-10-06,20726.151562824332,20000.0
Port1,2015-10-07,21075.8499123804,20000.0
Port1,2015-10-08,21236.614180446315,20000.0
Port1,2015-10-09,21369.362435607873,20000.0
Port1,2015-10-12,21650.824785754,20000.0
Port1,2015-10-13,21731.936587470824,20000.0
Port1,2015-10-14,21415.44184638001,20000.0
Port1,2015-10-15,22149.28878015834,20000.0
Port1,2015-10-16,22375.627808697252,20000.0
Port1,2015-10-19,22281.30658882831,20000.0
Port1,2015-10-20,22117.71158220515,20000.0
Port1,2015-10-21,21558.367474075683,20000.0
Port1,2015-10-22,22006.188444457242,20000.0
Port1,2015-10-23,22702.238756853963,20000.0
Port1,2015-10-26,22710.839527677905,20000.0
Port1,2015-10-27,22933.033665524345,20000.0
Port1,2015-10-28,23376.656111541146,20000.0
Port1,2015-10-29,23288.756238986032,20000.0
Port1,2015-10-30,23369.041686425226,20000.0
Port1,2015-11-02,23707.222834363463,20000.0
Port1,2015-11-03,23505.98683131296,20000.0
Port1,2015-11-04,23658.067737940823,20000.0
Port1,2015-11-05,23717.38886602298,20000.0
Port1,2015-11-06,23672.692558666302,20000.0
Port1,2015-11-09,23219.1972126802,20000.0
Port1,2015-11-10,23230.001482808486,20000.0
Port1,2015-11-11,23158.498597912585,20000.0
Port1,2015-11-12,22969.74310009603,20000.0
Port1,2015-11-13,22158.06107498395,20000.0
Port1,2015-11-16,22532.19181133657,20000.0
Port1,2015-11-17,22702.87210364482,20000.0
Port1,2015-11-18,22679.490570337257,20000.0
Port1,2015-11-19,23328.364661297124,20000.0
Port1,2015-11-20,23605.673245990103,20000.0
Port1,2015-11-23,23702.86586257539,20000.0
Port1,2015-11-24,23582.625136831095,20000.0
Port1,2015-11-25,23672.365218013685,20000.0
Port1,2015-11-27,23554.66639793504,20000.0
Port1,2015-11-30,23773.867974100503,20000.0
Port1,2015-12-01,26018.822172693668,22000.0
Port1,2015-12-02,26105.26577244705,22000.0
Port1,2015-12-03,25639.16961549333,22000.0
Port1,2015-12-04,26345.411913723863,22000.0
Port1,2015-12-07,26037.345661355102,22000.0
Port1,2015-12-08,26076.033264711696,22000.0
Port1,2015-12-09,25688.04569468695,22000.0
Port1,2015-12-10,25723.514898506393,22000.0
Port1,2015-12-11,24692.841212410432,22000.0
Port1,2015-12-14,24811.09035832968,22000.0
Port1,2015-12-15,25105.52893075622,22000.0
Port1,2015-12-16,25657.42571248181,22000.0
Port1,2015-12-17,25442.689423671043,22000.0
Port1,2015-12-18,25054.229872083008,22000.0
Port1,2015-12-21,25132.134393648055,22000.0
Port1,2015-12-22,25470.98763551184,22000.0
Port1,2015-12-23,25503.196978941236,22000.0
Port1,2015-12-24,25337.210934724993,22000.0
Port1,2015-12-28,25235.34223522066,22000.0
Port1,2015-12-29,25614.880545542703,22000.0
Port1,2015-12-30,25375.174971441345,22000.0
Port1,2015-12-31,25177.867358425,22000.0
Port1,2016-01-04,24315.636034233685,22000.0
Port1,2016-01-05,24604.171828990977,22000.0
Port1,2016-01-06,24302.240046861716,22000.0
Port1,2016-01-07,23375.407717603473,22000.0
Port1,2016-01-08,22940.18199128294,22000.0
Port1,2016-01-11,22830.565235963044,22000.0
Port1,2016-01-12,23403.534524469593,22000.0
Port1,2016-01-13,22703.01014961408,22000.0
Port1,2016-01-14,23071.340902901837,22000.0
Port1,2016-01-15,22319.91040748306,22000.0
Port1,2016-01-19,22368.67223979839,22000.0
Port1,2016-01-20,22112.355772713287,22000.0
Port1,2016-01-21,22172.112071914693,22000.0
Port1,2016-01-22,22548.81632438672,22000.0
Port1,2016-01-25,22142.79806876119,22000.0
Port1,2016-01-26,22138.24509189037,22000.0
Port1,2016-01-27,21614.402218035568,22000.0
Port1,2016-01-28,20963.39002780475,22000.0
Port1,2016-01-29,21459.39278860702,22000.0
Port1,2016-02-01,24536.929120940353,25000.0
Port1,2016-02-02,23439.737443437312,25000.0
Port1,2016-02-03,23522.801235647214,25000.0
Port1,2016-02-04,24121.961019552804,25000.0
Port1,2016-02-05,21757.989274721243,25000.0
Port1,2016-02-08,20478.624954686074,25000.0
Port1,2016-02-09,21280.129211994335,25000.0
Port1,2016-02-10,21696.527243052824,25000.0
Port1,2016-02-11,21660.434732548907,25000.0
Port1,2016-02-12,21785.75631711296,25000.0
Port1,2016-02-16,22583.353677999872,25000.0
Port1,2016-02-17,23474.448929026075,25000.0
Port1,2016-02-18,23037.196247962405,25000.0
Port1,2016-02-19,23236.73909154573,25000.0
Port1,2016-02-22,23837.620530175605,25000.0
Port1,2016-02-23,23381.220156205112,25000.0
Port1,2016-02-24,23333.74497720555,25000.0
Port1,2016-02-25,24815.603913030227,25000.0
Port1,2016-02-26,24902.07171403944,25000.0
Port1,2016-02-29,24736.515609334732,25000.0
Port1,2016-03-01,28486.997205485088,28000.0
Port1,2016-03-02,28688.062335446022,28000.0
Port1,2016-03-03,28637.640833209585,28000.0
Port1,2016-03-04,28870.396362972177,28000.0
Port1,2016-03-07,28833.66063557487,28000.0
Port1,2016-03-08,28359.115465772305,28000.0
Port1,2016-03-09,28783.546523077024,28000.0
Port1,2016-03-10,28679.352002372187,28000.0
Port1,2016-03-11,29252.869684354122,28000.0
Port1,2016-03-14,29275.07416283287,28000.0
Port1,2016-03-15,29063.90663618948,28000.0
Port1,2016-03-16,29546.001309908657,28000.0
Port1,2016-03-17,29670.782326482575,28000.0
Port1,2016-03-18,29832.73985033937,28000.0
Port1,2016-03-21,30064.622266992985,28000.0
Port1,2016-03-22,30283.321441763033,28000.0
Port1,2016-03-23,29798.66392069305,28000.0
Port1,2016-03-24,29780.417052246412,28000.0
Port1,2016-03-28,29771.345011816444,28000.0
Port1,2016-03-29,30089.035670993057,28000.0
Port1,2016-03-30,30632.508264798365,28000.0
Port1,2016-03-31,30673.51846937813,28000.0
Port1,2016-04-01,33942.66337768477,31000.0
Port1,2016-04-04,34041.00999829997,31000.0
Port1,2016-04-05,33413.78997460978,31000.0
Port1,2016-04-06,33879.551481096896,31000.0
Port1,2016-04-07,33585.43082468831,31000.0
Port1,2016-04-08,33471.81481324781,31000.0
Port1,2016-04-11,33337.79074750426,31000.0
Port1,2016-04-12,33372.25152925475,31000.0
Port1,2016-04-13,34121.772431905956,31000.0
Port1,2016-04-14,34083.31324155774,31000.0
Port1,2016-04-15,33980.18369999059,31000.0
Port1,2016-04-18,34313.62130758093,31000.0
Port1,2016-04-19,34130.59081765701,31000.0
Port1,2016-04-20,34416.69532130478,31000.0
Port1,2016-04-21,34689.730470336806,31000.0
Port1,2016-04-22,34323.85838039139,31000.0
Port1,2016-04-25,34180.66803481847,31000.0
Port1,2016-04-26,34096.29096368532,31000.0
Port1,2016-04-27,33761.783856482405,31000.0
Port1,2016-04-28,33430.14547020821,31000.0
Port1,2016-04-29,33614.42800330623,31000.0
Port1,2016-05-02,34052.09767847708,31000.0
Port1,2016-05-03,33313.970855481224,31000.0
Port1,2016-05-04,33010.14916370161,31000.0
Port1,2016-05-05,33397.22562362736,31000.0
Port1,2016-05-06,33405.89877819628,31000.0
Port1,2016-05-09,33431.91156518625,31000.0
Port1,2016-05-10,33894.759172195314,31000.0
Port1,2016-05-11,33901.50282775169,31000.0
Port1,2016-05-12,33770.42347263948,31000.0
Port1,2016-05-13,33625.303306905334,31000.0
Port1,2016-05-16,34199.37070575166,31000.0
Port1,2016-05-17,34036.190737953766,31000.0
Port1,2016-05-18,34308.85050409895,31000.0
Port1,2016-05-19,34949.3932960152,31000.0
Port1,2016-05-20,35122.19555738874,31000.0
Port1,2016-05-23,35287.25997709837,31000.0
Port1,2016-05-24,35925.610099337784,31000.0
Port1,2016-05-25,35298.3016228752,31000.0
Port1,2016-05-26,35656.62974540475,31000.0
Port1,2016-05-27,36148.19231942236,31000.0
Port1,2016-05-31,36265.08537764185,31000.0
Port1,2016-06-01,38558.89554170995,34000.0
Port1,2016-06-02,38784.09542739451,34000.0
Port1,2016-06-03,38353.03985760871,34000.0
Port1,2016-06-06,38703.31977378465,34000.0
Port1,2016-06-07,38590.183832722185,34000.0
Port1,2016-06-08,38668.13288603656,34000.0
Port1,2016-06-09,38529.40092753701,34000.0
Port1,2016-06-10,37995.952471470584,34000.0
Port1,2016-06-13,37917.892153561064,34000.0
Port1,2016-06-14,38233.318280292275,34000.0
Port1,2016-06-15,38824.835570424315,34000.0
Port1,2016-06-16,38629.29490412212,34000.0
Port1,2016-06-17,38175.82322662014,34000.0
Port1,2016-06-20,38632.69962787167,34000.0
Port1,2016-06-21,38770.492806551774,34000.0
Port1,2016-06-22,38562.96510527186,34000.0
Port1,2016-06-23,39162.64980250216,34000.0
Port1,2016-06-24,37545.782773708845,34000.0
Port1,2016-06-27,36418.39413543743,34000.0
Port1,2016-06-28,37218.93781255916,34000.0
Port1,2016-06-29,37963.09242976517,34000.0
Port1,2016-06-30,38334.48388471798,34000.0
Port1,2016-07-01,41414.413471193504,37000.0
Port1,2016-07-05,41094.810905901984,37000.0
Port1,2016-07-06,41159.41621182631,37000.0
Port1,2016-07-07,41274.86589730634,37000.0
Port1,2016-07-08,41871.49615704737,37000.0
Port1,2016-07-11,42576.264530269276,37000.0
Port1,2016-07-12,42716.83287770884,37000.0
Port1,2016-07-13,42303.09562871749,37000.0
Port1,2016-07-14,42627.324721079465,37000.0
Port1,2016-07-15,42506.308966581244,37000.0
Port1,2016-07-18,42778.44477454642,37000.0
Port1,2016-07-19,42795.63134816541,37000.0
Port1,2016-07-20,43409.96727159366,37000.0
Port1,2016-07-21,43185.94430607963,37000.0
Port1,2016-07-22,43563.32489120148,37000.0
Port1,2016-07-25,43282.539837643184,37000.0
Port1,2016-07-26,43302.07154388676,37000.0
Port1,2016-07-27,43207.14960595201,37000.0
Port1,2016-07-28,43592.75028072417,37000.0
Port1,2016-07-29,43382.82421769119,37000.0
Port1,2016-08-01,46479.42476819061,40000.0
Port1,2016-08-02,46102.969975850545,40000.0
Port1,2016-08-03,46165.75206807127,40000.0
Port1,2016-08-04,46477.26403689182,40000.0
Port1,2016-08-05,47139.4997671245,40000.0
Port1,2016-08-08,46808.69612897677,40000.0
Port1,2016-08-09,46899.489323626854,40000.0
Port1,2016-08-10,46860.310215662976,40000.0
Port1,2016-08-11,48071.766867848884,40000.0
Port1,2016-08-12,49364.29412154016,40000.0
Port1,2016-08-15,48471.092913712346,40000.0
Port1,2016-08-16,48007.88617354753,40000.0
Port1,2016-08-17,47530.342809992835,40000.0
Port1,2016-08-18,47717.00100676361,40000.0
Port1,2016-08-19,47780.0198715775,40000.0
Port1,2016-08-22,47371.65559360081,40000.0
Port1,2016-08-23,47616.45922010441,40000.0
Port1,2016-08-24,47136.23213613487,40000.0
Port1,2016-08-25,47856.73186692347,40000.0
Port1,2016-08-26,48037.614886287854,40000.0
Port1,2016-08-29,47991.58978607201,40000.0
Port1,2016-08-30,48348.71955967917,40000.0
Port1,2016-08-31,48407.201351584226,40000.0
Port1,2016-09-01,50578.71418897009,43000.0
Port1,2016-09-02,50745.58358606911,43000.0
Port1,2016-09-06,51846.75910402155,43000.0
Port1,2016-09-07,51491.2960954251,43000.0
Port1,2016-09-08,51511.78378009594,43000.0
Port1,2016-09-09,50380.62779975024,43000.0
Port1,2016-09-12,50876.50987457165,43000.0
Port1,2016-09-13,50179.39117191923,43000.0
Port1,2016-09-14,50900.68993804661,43000.0
Port1,2016-09-15,51444.26032438426,43000.0
Port1,2016-09-16,51272.610745101374,43000.0
Port1,2016-09-19,50941.890019853236,43000.0
Port1,2016-09-20,50568.81177611598,43000.0
Port1,2016-09-21,52342.57591149776,43000.0
Port1,2016-09-22,52993.188086639486,43000.0
Port1,2016-09-23,51244.79864867247,43000.0
Port1,2016-09-26,50613.114553245614,43000.0
Port1,2016-09-27,50984.29987551464,43000.0
Port1,2016-09-28,51609.9572782771,43000.0
Port1,2016-09-29,50927.27399932717,43000.0
Port1,2016-09-30,50916.524397566405,43000.0
Port1,2016-10-03,50375.611524842774,43000.0
Port1,2016-10-04,50883.312775642684,43000.0
Port1,2016-10-05,50042.740488107054,43000.0
Port1,2016-10-06,50843.8501466167,43000.0
Port1,2016-10-07,50359.4585663378,43000.0
Port1,2016-10-10,52141.32475883303,43000.0
Port1,2016-10-11,50689.93646938235,43000.0
Port1,2016-10-12,50193.169168140244,43000.0
Port1,2016-10-13,49435.7242283442,43000.0
Port1,2016-10-14,50556.459857386326,43000.0
Port1,2016-10-17,50333.17359449628,43000.0
Port1,2016-10-18,50550.78152030458,43000.0
Port1,2016-10-19,50718.56121212047,43000.0
Port1,2016-10-20,50542.00642816169,43000.0
Port1,2016-10-21,51072.8552144217,43000.0
Port1,2016-10-24,51558.84218621968,43000.0
Port1,2016-10-25,51471.41760808975,43000.0
Port1,2016-10-26,51043.93356903231,43000.0
Port1,2016-10-27,50772.19161639009,43000.0
Port1,2016-10-28,50486.34024450141,43000.0
Port1,2016-10-31,50351.610129602814,43000.0
Port1,2016-11-01,53420.43157258075,46000.0
Port1,2016-11-02,52701.73060852813,46000.0
Port1,2016-11-03,52214.18212893516,46000.0
Port1,2016-11-04,52234.482431236625,46000.0
Port1,2016-11-07,53380.364063549656,46000.0
Port1,2016-11-08,53557.54483575672,46000.0
Port1,2016-11-09,52649.66296088057,46000.0
Port1,2016-11-10,51500.0552615531,46000.0
Port1,2016-11-11,51516.81165666416,46000.0
Port1,2016-11-14,50298.585634263116,46000.0
Port1,2016-11-15,51050.80264881476,46000.0
Port1,2016-11-16,51428.434338379106,46000.0
Port1,2016-11-17,52523.23372689154,46000.0
Port1,2016-11-18,52987.38434696317,46000.0
Port1,2016-11-21,52221.52112487827,46000.0
Port1,2016-11-22,51819.30536842295,46000.0
Port1,2016-11-23,51301.972687466,46000.0
Port1,2016-11-25,51232.820026058376,46000.0
Port1,2016-11-28,51081.25297824455,46000.0
Port1,2016-11-29,51465.744443575204,46000.0
Port1,2016-11-30,50823.38817970458,46000.0
Port1,2016-12-01,51522.23473007371,49000.0
Port1,2016-12-02,51328.98425233023,49000.0
Port1,2016-12-05,52345.00485266298,49000.0
Port1,2016-12-06,52151.309641056825,49000.0
Port1,2016-12-07,52854.16969674307,49000.0
Port1,2016-12-08,53316.712379899676,49000.0
Port1,2016-12-09,53316.955393194476,49000.0
Port1,2016-12-12,52557.32309950241,49000.0
Port1,2016-12-13,52758.962572453966,49000.0
Port1,2016-12-14,52313.216558415224,49000.0
Port1,2016-12-15,51348.8541497226,49000.0
Port1,2016-12-16,51025.637872090854,49000.0
Port1,2016-12-19,50927.771992977985,49000.0
Port1,2016-12-20,51435.97966568449,49000.0
Port1,2016-12-21,51285.87741526664,49000.0
Port1,2016-12-22,50571.13749824635,49000.0
Port1,2016-12-23,50587.54898378862,49000.0
Port1,2016-12-27,50812.46696492118,49000.0
Port1,2016-12-28,50506.949067391324,49000.0
Port1,2016-12-29,50521.00081943062,49000.0
Port1,2016-12-30,50340.84431222324,49000.0
Port1,2017-01-03,51375.713862436634,49000.0
Port1,2017-01-04,52729.79177064821,49000.0
Port1,2017-01-05,53525.17843049618,49000.0
Port1,2017-01-06,53656.54992970273,49000.0
Port1,2017-01-09,54003.764539764525,49000.0
Port1,2017-01-10,54538.27809703603,49000.0
Port1,2017-01-11,55430.218218008435,49000.0
Port1,2017-01-12,55303.60645250107,49000.0
Port1,2017-01-13,55561.06536449119,49000.0
Port1,2017-01-17,55227.37144221595,49000.0
Port1,2017-01-18,55648.93225437825,49000.0
Port1,2017-01-19,55696.87854304191,49000.0
Port1,2017-01-20,56037.64874729828,49000.0
Port1,2017-01-23,56466.55502120587,49000.0
Port1,2017-01-24,57551.975762585134,49000.0
Port1,2017-01-25,58551.91298098174,49000.0
Port1,2017-01-26,58062.3544808424,49000.0
Port1,2017-01-27,57991.12122340118,49000.0
Port1,2017-01-30,57865.34103310707,49000.0
Port1,2017-01-31,58063.59750463265,49000.0
Port1,2017-02-01,61091.486728140844,52000.0
Port1,2017-02-02,61489.98750217118,52000.0
Port1,2017-02-03,61419.75937019017,52000.0
Port1,2017-02-06,61294.064269418064,52000.0
Port1,2017-02-07,61459.959118961,52000.0
Port1,2017-02-08,62307.080400216386,52000.0
Port1,2017-02-09,62423.09446478031,52000.0
Port1,2017-02-10,62211.452596704126,52000.0
Port1,2017-02-13,62584.2794710782,52000.0
Port1,2017-02-14,62251.00403902259,52000.0
Port1,2017-02-15,62751.81873614031,52000.0
Port1,2017-02-16,62115.760756514035,52000.0
Port1,2017-02-17,62549.563750104724,52000.0
Port1,2017-02-21,63224.34795012673,52000.0
Port1,2017-02-22,63430.0206144736,52000.0
Port1,2017-02-23,63051.969608895255,52000.0
Port1,2017-02-24,62978.854820979395,52000.0
Port1,2017-02-27,62874.04394113286,52000.0
Port1,2017-02-28,62498.46275158548,52000.0
Port1,2017-03-01,66784.0418379489,55000.0
Port1,2017-03-02,66039.88963885524,55000.0
Port1,2017-03-03,65992.84897675706,55000.0
Port1,2017-03-06,65779.61435762965,55000.0
Port1,2017-03-07,65987.2333661085,55000.0
Port1,2017-03-08,66342.35590022196,55000.0
Port1,2017-03-09,66239.24032405991,55000.0
Port1,2017-03-10,66411.10091708443,55000.0
Port1,2017-03-13,67076.168503948,55000.0
Port1,2017-03-14,66726.19667346486,55000.0
Port1,2017-03-15,66626.4510416063,55000.0
Port1,2017-03-16,67264.54370773929,55000.0
Port1,2017-03-17,67203.53975426682,55000.0
Port1,2017-03-20,67467.33641301464,55000.0
Port1,2017-03-21,66276.54390219573,55000.0
Port1,2017-03-22,66715.21708319528,55000.0
Port1,2017-03-23,67161.06826631157,55000.0
Port1,2017-03-24,67200.92139085301,55000.0
Port1,2017-03-27,67278.61146257502,55000.0
Port1,2017-03-28,67488.86782828537,55000.0
Port1,2017-03-29,68004.88752493472,55000.0
Port1,2017-03-30,67898.8453676962,55000.0
Port1,2017-03-31,67677.67131751198,55000.0
Port1,2017-04-03,67588.84185214317,55000.0
Port1,2017-04-04,67752.74900940727,55000.0
Port1,2017-04-05,68644.66436460105,55000.0
Port1,2017-04-06,69185.90208691679,55000.0
Port1,2017-04-07,69200.46274702216,55000.0
Port1,2017-04-10,69907.59291562377,55000.0
Port1,2017-04-11,69328.85679056952,55000.0
Port1,2017-04-12,69365.58992057896,55000.0
Port1,2017-04-13,69022.70001082911,55000.0
Port1,2017-04-17,69882.72998244138,55000.0
Port1,2017-04-18,69625.6281340151,55000.0
Port1,2017-04-19,69540.20757992077,55000.0
Port1,2017-04-20,70028.43291643486,55000.0
Port1,2017-04-21,70088.91557552459,55000.0
Port1,2017-04-24,70850.39464586698,55000.0
Port1,2017-04-25,71436.88546625283,55000.0
Port1,2017-04-26,71488.9561125257,55000.0
Port1,2017-04-27,72190.64627547734,55000.0
Port1,2017-04-28,72730.88156205436,55000.0
Port1,2017-05-01,76307.74328516371,58000.0
Port1,2017-05-02,76916.99499151947,58000.0
Port1,2017-05-03,76494.49561273497,58000.0
Port1,2017-05-04,76872.2005881349,58000.0
Port1,2017-05-05,77206.58538572243,58000.0
Port1,2017-05-08,77377.69482974595,58000.0
Port1,2017-05-09,78273.61332029785,58000.0
Port1,2017-05-10,78487.66307835295,58000.0
Port1,2017-05-11,78563.6054710333,58000.0
Port1,2017-05-12,79047.13533799193,58000.0
Port1,2017-05-15,79687.2566041726,58000.0
Port1,2017-05-16,80255.4887212425,58000.0
Port1,2017-05-17,78057.18138043594,58000.0
Port1,2017-05-18,78135.84595878574,58000.0
Port1,2017-05-19,78459.29097815213,58000.0
Port1,2017-05-22,79539.39756415255,58000.0
Port1,2017-05-23,78860.66339830947,58000.0
Port1,2017-05-24,79443.54651104889,58000.0
Port1,2017-05-25,80273.99691938273,58000.0
Port1,2017-05-26,80038.18044227378,58000.0
Port1,2017-05-30,80037.94238849114,58000.0
Port1,2017-05-31,79306.43319009578,58000.0
Port1,2017-06-01,83174.06282520117,61000.0
Port1,2017-06-02,83626.99952809927,61000.0
Port1,2017-06-05,84199.62697752338,61000.0
Port1,2017-06-06,84309.88502252818,61000.0
Port1,2017-06-07,84278.22169445346,61000.0
Port1,2017-06-08,88723.89327932126,61000.0
Port1,2017-06-09,85247.51252169796,61000.0
Port1,2017-06-12,84725.28588445175,61000.0
Port1,2017-06-13,84515.26702591425,61000.0
Port1,2017-06-14,84496.29950012243,61000.0
Port1,2017-06-15,83754.26630531056,61000.0
Port1,2017-06-16,83671.6619795206,61000.0
Port1,2017-06-19,85466.19447678092,61000.0
Port1,2017-06-20,84832.82895952971,61000.0
Port1,2017-06-21,86440.96144132658,61000.0
Port1,2017-06-22,86754.6705937494,61000.0
Port1,2017-06-23,87339.14014899661,61000.0
Port1,2017-06-26,87043.42290028348,61000.0
Port1,2017-06-27,86447.25078976981,61000.0
Port1,2017-06-28,87434.39238443603,61000.0
Port1,2017-06-29,85697.9198820718,61000.0
Port1,2017-06-30,85647.00897580582,61000.0
Port1,2017-07-03,84994.05458434593,61000.0
Port1,2017-07-05,86771.01317477651,61000.0
Port1,2017-07-06,85807.84970217105,61000.0
Port1,2017-07-07,86596.77221244914,61000.0
Port1,2017-07-10,87175.10176341893,61000.0
Port1,2017-07-11,87648.0773100009,61000.0
Port1,2017-07-12,89670.12117382458,61000.0
Port1,2017-07-13,89155.34094985026,61000.0
Port1,2017-07-14,89972.2445798259,61000.0
Port1,2017-07-17,89552.8845139543,61000.0
Port1,2017-07-18,90093.63890043179,61000.0
Port1,2017-07-19,90444.86049870175,61000.0
Port1,2017-07-20,90404.168223563,61000.0
Port1,2017-07-21,89920.80677722857,61000.0
Port1,2017-07-24,90326.88291329189,61000.0
Port1,2017-07-25,91494.9119328058,61000.0
Port1,2017-07-26,92931.7770769157,61000.0
Port1,2017-07-27,91879.71384012011,61000.0
Port1,2017-07-28,92406.2934735899,61000.0
Port1,2017-07-31,91160.80598253114,61000.0
Port1,2017-08-01,94485.75122951422,64000.0
Port1,2017-08-02,92316.84466080627,64000.0
Port1,2017-08-03,93142.38176389322,64000.0
Port1,2017-08-04,93330.75945332291,64000.0
Port1,2017-08-07,94866.33746496146,64000.0
Port1,2017-08-08,94275.75964172016,64000.0
Port1,2017-08-09,94367.06934161842,64000.0
Port1,2017-08-10,91558.03373092244,64000.0
Port1,2017-08-11,92137.56403237057,64000.0
Port1,2017-08-14,93925.3499150387,64000.0
Port1,2017-08-15,95130.93650094824,64000.0
Port1,2017-08-16,96739.50525281458,64000.0
Port1,2017-08-17,97115.54514941321,64000.0
Port1,2017-08-18,97732.02381554218,64000.0
Port1,2017-08-21,98493.33600010393,64000.0
Port1,2017-08-22,100196.75396345094,64000.0
Port1,2017-08-23,100522.766840344,64000.0
Port1,2017-08-24,100453.29749618622,64000.0
Port1,2017-08-25,99272.07351783593,64000.0
Port1,2017-08-28,98209.20517076491,64000.0
Port1,2017-08-29,98001.86209167648,64000.0
Port1,2017-08-30,99884.92015109434,64000.0
Port1,2017-08-31,100291.6987230689,64000.0
Port1,2017-09-01,102948.28630587073,67000.0
Port1,2017-09-05,102710.58953699756,67000.0
Port1,2017-09-06,101811.3524839521,67000.0
Port1,2017-09-07,102858.53862244557,67000.0
Port1,2017-09-08,102263.1926699564,67000.0
Port1,2017-09-11,104506.67260831656,67000.0
Port1,2017-09-12,103847.93698119755,67000.0
Port1,2017-09-13,104366.65238893972,67000.0
Port1,2017-09-14,105203.24423394198,67000.0
Port1,2017-09-15,104616.4978327009,67000.0
Port1,2017-09-18,106072.96177166945,67000.0
Port1,2017-09-19,105960.39159124944,67000.0
Port1,2017-09-20,105141.08362259742,67000.0
Port1,2017-09-21,104362.52145003501,67000.0
Port1,2017-09-22,104603.1872396744,67000.0
Port1,2017-09-25,100803.99437181,67000.0
Port1,2017-09-26,99898.52217023168,67000.0
Port1,2017-09-27,101512.77590391558,67000.0
Port1,2017-09-28,101171.42465078676,67000.0
Port1,2017-09-29,102519.45877893032,67000.0
Port1,2017-10-02,103559.28111180184,67000.0
Port1,2017-10-03,105677.41096720385,67000.0
Port1,2017-10-04,106447.19562005867,67000.0
Port1,2017-10-05,106718.27846730883,67000.0
Port1,2017-10-06,107313.60479268157,67000.0
Port1,2017-10-09,108573.83798731721,67000.0
Port1,2017-10-10,108604.9527506766,67000.0
Port1,2017-10-11,109608.30503770216,67000.0
Port1,2017-10-12,108731.90358836504,67000.0
Port1,2017-10-13,107874.32819032544,67000.0
Port1,2017-10-16,108210.18396129025,67000.0
Port1,2017-10-17,106996.18285002116,67000.0
Port1,2017-10-18,108084.63907792402,67000.0
Port1,2017-10-19,108158.8649438387,67000.0
Port1,2017-10-20,113993.98943942566,67000.0
Port1,2017-10-23,112045.77882542956,67000.0
Port1,2017-10-24,112437.54616969754,67000.0
Port1,2017-10-25,111308.78313313075,67000.0
Port1,2017-10-26,111328.5829645575,67000.0
Port1,2017-10-27,112695.8731744978,67000.0
Port1,2017-10-30,114859.61709107415,67000.0
Port1,2017-10-31,116435.66613454685,67000.0
Port1,2017-11-01,119777.91470191789,70000.0
Port1,2017-11-02,120100.24639008053,70000.0
Port1,2017-11-03,120571.12261186275,70000.0
Port1,2017-11-06,122334.69790994862,70000.0
Port1,2017-11-07,122501.73999314808,70000.0
Port1,2017-11-08,123338.31389270199,70000.0
Port1,2017-11-09,122209.02618182843,70000.0
Port1,2017-11-10,123263.02356384476,70000.0
Port1,2017-11-13,122889.4820309397,70000.0
Port1,2017-11-14,122369.6411967255,70000.0
Port1,2017-11-15,121693.96139147843,70000.0
Port1,2017-11-16,123728.5868898906,70000.0
Port1,2017-11-17,123833.34375747235,70000.0
Port1,2017-11-20,123724.47862467324,70000.0
Port1,2017-11-21,125834.67082358043,70000.0
Port1,2017-11-22,124485.72065534597,70000.0
Port1,2017-11-24,125262.07146709597,70000.0
Port1,2017-11-27,123777.36181822808,70000.0
Port1,2017-11-28,123156.79721642769,70000.0
Port1,2017-11-29,117532.1649435704,70000.0
Port1,2017-11-30,117121.4214147101,70000.0
Port1,2017-12-01,119417.9673743188,73000.0
Port1,2017-12-04,114773.64475521358,73000.0
Port1,2017-12-05,115343.97381223364,73000.0
Port1,2017-12-06,117417.24609921384,73000.0
Port1,2017-12-07,118614.48726381431,73000.0
Port1,2017-12-08,119790.39543292536,73000.0
Port1,2017-12-11,121092.64411384953,73000.0
Port1,2017-12-12,118462.98362979779,73000.0
Port1,2017-12-13,119393.14790997111,73000.0
Port1,2017-12-14,117862.84521571174,73000.0
Port1,2017-12-15,119809.67551463921,73000.0
Port1,2017-12-18,119466.49610810919,73000.0
Port1,2017-12-19,118571.93961044826,73000.0
Port1,2017-12-20,118493.93858202206,73000.0
Port1,2017-12-21,119184.87625047009,73000.0
Port1,2017-12-22,118964.4371229746,73000.0
Port1,2017-12-26,117940.09776596751,73000.0
Port1,2017-12-27,117963.84503574485,73000.0
Port1,2017-12-28,117774.07331189033,73000.0
Port1,2017-12-29,117278.94544266353,73000.0
Port1,2018-01-02,122243.72364261786,73000.0
Port1,2018-01-03,124639.46676121702,73000.0
Port1,2018-01-04,126391.03149839211,73000.0
Port1,2018-01-05,128544.47849137725,73000.0
Port1,2018-01-08,128776.18712600085,73000.0
Port1,2018-01-09,129497.72161038163,73000.0
Port1,2018-01-10,128100.68690203298,73000.0
Port1,2018-01-11,128503.33530649779,73000.0
Port1,2018-01-12,129008.45433738182,73000.0
Port1,2018-01-16,127071.78579528851,73000.0
Port1,2018-01-17,129137.40851055767,73000.0
Port1,2018-01-18,130434.39632763139,73000.0
Port1,2018-01-19,128936.32057141993,73000.0
Port1,2018-01-22,128854.46042965447,73000.0
Port1,2018-01-23,132302.7909055136,73000.0
Port1,2018-01-24,132389.90488569776,73000.0
Port1,2018-01-25,133000.61890775684,73000.0
Port1,2018-01-26,136107.26962839736,73000.0
Port1,2018-01-29,135832.47596519708,73000.0
Port1,2018-01-30,133661.9221353461,73000.0
Port1,2018-01-31,136011.75776284424,73000.0
Port1,2018-02-01,134691.7780899181,76000.0
Port1,2018-02-02,132128.994792244,76000.0
Port1,2018-02-05,127966.86661172978,76000.0
Port1,2018-02-06,130584.46800776967,76000.0
Port1,2018-02-07,129245.81550505033,76000.0
Port1,2018-02-08,123057.94529266497,76000.0
Port1,2018-02-09,125950.82580913838,76000.0
Port1,2018-02-12,127449.4504669,76000.0
Port1,2018-02-13,127955.64785358234,76000.0
Port1,2018-02-14,130852.89833510049,76000.0
Port1,2018-02-15,133274.07493474582,76000.0
Port1,2018-02-16,132263.6471108903,76000.0
Port1,2018-02-20,134518.09276649044,76000.0
Port1,2018-02-21,135753.91112578142,76000.0
Port1,2018-02-22,133293.245291885,76000.0
Port1,2018-02-23,135940.71974592793,76000.0
Port1,2018-02-26,136612.65298612628,76000.0
Port1,2018-02-27,134911.89135510218,76000.0
Port1,2018-02-28,135033.41104988765,76000.0
Port1,2018-03-01,138116.6754188781,79000.0
Port1,2018-03-02,140983.83257473964,79000.0
Port1,2018-03-05,142025.84743251195,79000.0
Port1,2018-03-06,144915.42356467678,79000.0
Port1,2018-03-07,146161.96905349405,79000.0
Port1,2018-03-08,146067.46428245035,79000.0
Port1,2018-03-09,148413.80505900187,79000.0
Port1,2018-03-12,149119.14101991704,79000.0
Port1,2018-03-13,146612.16504826915,79000.0
Port1,2018-03-14,148464.2168739464,79000.0
Port1,2018-03-15,149783.38072212762,79000.0
Port1,2018-03-16,149419.994774109,79000.0
Port1,2018-03-19,146881.26788473473,79000.0
Port1,2018-03-20,148602.85352724913,79000.0
Port1,2018-03-21,145544.90178279576,79000.0
Port1,2018-03-22,140346.93806550876,79000.0
Port1,2018-03-23,136458.80706605501,79000.0
Port1,2018-03-26,141915.54868405065,79000.0
Port1,2018-03-27,135563.21560368218,79000.0
Port1,2018-03-28,133148.73772582196,79000.0
Port1,2018-03-29,137061.4259335119,79000.0
Port1,2018-04-02,134804.50520821463,79000.0
Port1,2018-04-03,134100.90807599074,79000.0
Port1,2018-04-04,136408.54346922084,79000.0
Port1,2018-04-05,136280.15019731582,79000.0
Port1,2018-04-06,132684.42305565992,79000.0
Port1,2018-04-09,134649.82483283625,79000.0
Port1,2018-04-10,138432.1457338931,79000.0
Port1,2018-04-11,138808.70840537074,79000.0
Port1,2018-04-12,141155.20431743658,79000.0
Port1,2018-04-13,138749.31210255675,79000.0
Port1,2018-04-16,139967.1389005453,79000.0
Port1,2018-04-17,143683.93283343202,79000.0
Port1,2018-04-18,145335.38313799593,79000.0
Port1,2018-04-19,144908.09563010436,79000.0
Port1,2018-04-20,141200.994169312,79000.0
Port1,2018-04-23,140239.81104351406,79000.0
Port1,2018-04-24,136698.92978628405,79000.0
Port1,2018-04-25,134358.53232379968,79000.0
Port1,2018-04-26,137482.42628807545,79000.0
Port1,2018-04-27,137795.65745519527,79000.0
Port1,2018-04-30,138876.6159808186,79000.0
Port1,2018-05-01,143229.0462428659,82000.0
Port1,2018-05-02,143831.45180222776,82000.0
Port1,2018-05-03,146107.10440879603,82000.0
Port1,2018-05-04,149295.71512441823,82000.0
Port1,2018-05-07,153699.2204006055,82000.0
Port1,2018-05-08,155126.63901705196,82000.0
Port1,2018-05-09,155995.9026170408,82000.0
Port1,2018-05-10,157177.93062976786,82000.0
Port1,2018-05-11,156437.27455366403,82000.0
Port1,2018-05-14,154916.18659627918,82000.0
Port1,2018-05-15,154070.1435279664,82000.0
Port1,2018-05-16,154779.93831976567,82000.0
Port1,2018-05-17,152882.13898300508,82000.0
Port1,2018-05-18,154091.0285170023,82000.0
Port1,2018-05-21,153411.74792847468,82000.0
Port1,2018-05-22,152583.05492065733,82000.0
Port1,2018-05-23,154832.31732838688,82000.0
Port1,2018-05-24,155908.62685185412,82000.0
Port1,2018-05-25,155493.53512959293,82000.0
Port1,2018-05-29,154516.14185753235,82000.0
Port1,2018-05-30,156019.11829771166,82000.0
Port1,2018-05-31,156275.82319102087,82000.0
Port1,2018-06-01,161829.93144059987,85000.0
Port1,2018-06-04,164446.41354696796,85000.0
Port1,2018-06-05,166386.22534991265,85000.0
Port1,2018-06-06,167748.67783236172,85000.0
Port1,2018-06-07,162525.51342089457,85000.0
Port1,2018-06-08,163567.30824336247,85000.0
Port1,2018-06-11,164004.69176133355,85000.0
Port1,2018-06-12,167255.955073122,85000.0
Port1,2018-06-13,166569.23301117876,85000.0
Port1,2018-06-14,168936.2888503067,85000.0
Port1,2018-06-15,167826.18339171348,85000.0
Port1,2018-06-18,168936.65551482586,85000.0
Port1,2018-06-19,166533.02786748664,85000.0
Port1,2018-06-20,167140.55068645338,85000.0
Port1,2018-06-21,165485.16932937072,85000.0
Port1,2018-06-22,163237.14335730462,85000.0
Port1,2018-06-25,157978.89180094947,85000.0
Port1,2018-06-26,159615.25460529688,85000.0
Port1,2018-06-27,155038.72183630278,85000.0
Port1,2018-06-28,157796.38824948118,85000.0
Port1,2018-06-29,157759.39609951788,85000.0
Port1,2018-07-02,160345.0811734833,85000.0
Port1,2018-07-03,158462.1022708192,85000.0
Port1,2018-07-05,160241.89188478253,85000.0
Port1,2018-07-06,163795.53740883834,85000.0
Port1,2018-07-09,163809.40709141965,85000.0
Port1,2018-07-10,164003.78228772353,85000.0
Port1,2018-07-11,164099.53671496772,85000.0
Port1,2018-07-12,168134.83638896566,85000.0
Port1,2018-07-13,167155.29509702453,85000.0
Port1,2018-07-16,166745.81443149346,85000.0
Port1,2018-07-17,168137.66736903068,85000.0
Port1,2018-07-18,168154.92999937327,85000.0
Port1,2018-07-19,166569.1863671592,85000.0
Port1,2018-07-20,166419.21257106587,85000.0
Port1,2018-07-23,165707.48603944454,85000.0
Port1,2018-07-24,164368.15893794992,85000.0
Port1,2018-07-25,170039.8098403748,85000.0
Port1,2018-07-26,168162.57890689975,85000.0
Port1,2018-07-27,169640.0015621376,85000.0
Port1,2018-07-30,163830.4057536382,85000.0
Port1,2018-07-31,165035.60804649553,85000.0
Port1,2018-08-01,168247.234483783,88000.0
Port1,2018-08-02,170067.5294954793,88000.0
Port1,2018-08-03,168946.90623351242,88000.0
Port1,2018-08-06,169963.9537675715,88000.0
Port1,2018-08-07,171434.2442186479,88000.0
Port1,2018-08-08,171147.75749367353,88000.0
Port1,2018-08-09,172759.23003280372,88000.0
Port1,2018-08-10,173332.5529713675,88000.0
Port1,2018-08-13,172237.97618303396,88000.0
Port1,2018-08-14,171921.6294109632,88000.0
Port1,2018-08-15,169683.99369361228,88000.0
Port1,2018-08-16,170969.8211939557,88000.0
Port1,2018-08-17,170840.02950613035,88000.0
Port1,2018-08-20,172391.1132549898,88000.0
Port1,2018-08-21,173484.11516913687,88000.0
Port1,2018-08-22,174413.88096509146,88000.0
Port1,2018-08-23,174999.0869918488,88000.0
Port1,2018-08-24,179948.85239316022,88000.0
Port1,2018-08-27,181940.54126863432,88000.0
Port1,2018-08-28,182514.80491167612,88000.0
Port1,2018-08-29,184630.27683483635,88000.0
Port1,2018-08-30,182100.3578383286,88000.0
Port1,2018-08-31,182949.15728456146,88000.0
Port1,2018-09-04,183028.24149376154,88000.0
Port1,2018-09-05,176197.47230409703,88000.0
Port1,2018-09-06,174312.6103444011,88000.0
Port1,2018-09-07,176029.14696053238,88000.0
Port1,2018-09-10,175201.90211954323,88000.0
Port1,2018-09-11,177908.26575167337,88000.0
Port1,2018-09-12,179687.29361704623,88000.0
Port1,2018-09-13,184765.46344459272,88000.0
Port1,2018-09-14,184712.91666451845,88000.0
Port1,2018-09-17,179703.17739324202,88000.0
Port1,2018-09-18,180354.22589353076,88000.0
Port1,2018-09-19,179164.0505451883,88000.0
Port1,2018-09-20,182268.2784525719,88000.0
Port1,2018-09-21,181472.5624550213,88000.0
Port1,2018-09-24,183673.26168842777,88000.0
Port1,2018-09-25,185251.95068699034,88000.0
Port1,2018-09-26,185416.62608554552,88000.0
Port1,2018-09-27,187666.36851581137,88000.0
Port1,2018-09-28,186715.97266388993,88000.0
Port1,2018-10-01,188958.6880344369,91000.0
Port1,2018-10-02,185778.94626807535,91000.0
Port1,2018-10-03,186826.83876609057,91000.0
Port1,2018-10-04,178059.1593079755,91000.0
Port1,2018-10-05,177454.7694044818,91000.0
Port1,2018-10-08,170531.25328813418,91000.0
Port1,2018-10-09,169271.3961265301,91000.0
Port1,2018-10-10,159858.66815164147,91000.0
Port1,2018-10-11,161445.29644009625,91000.0
Port1,2018-10-12,168857.56680851392,91000.0
Port1,2018-10-15,164372.001790593,91000.0
Port1,2018-10-16,170669.21482311818,91000.0
Port1,2018-10-17,170543.37561081332,91000.0
Port1,2018-10-18,165526.36579710923,91000.0
Port1,2018-10-19,156845.8067247887,91000.0
Port1,2018-10-22,161484.65594574594,91000.0
Port1,2018-10-23,159634.28208688964,91000.0
Port1,2018-10-24,150419.69228196808,91000.0
Port1,2018-10-25,157683.61726000125,91000.0
Port1,2018-10-26,153698.212785806,91000.0
Port1,2018-10-29,148631.37136920594,91000.0
Port1,2018-10-30,151727.6436819612,91000.0
Port1,2018-10-31,159010.6038163489,91000.0
Port1,2018-11-01,166486.05551056284,94000.0
Port1,2018-11-02,163816.67109811437,94000.0
Port1,2018-11-05,160952.71605329623,94000.0
Port1,2018-11-06,159430.2312597221,94000.0
Port1,2018-11-07,168504.44003544629,94000.0
Port1,2018-11-08,166270.40511039863,94000.0
Port1,2018-11-09,160803.28108902584,94000.0
Port1,2018-11-12,155448.11913699255,94000.0
Port1,2018-11-13,159079.96503301366,94000.0
Port1,2018-11-14,158467.05940331655,94000.0
Port1,2018-11-15,164093.42411019246,94000.0
Port1,2018-11-16,163575.49714956197,94000.0
Port1,2018-11-19,152166.32049188495,94000.0
Port1,2018-11-20,151488.8193360183,94000.0
Port1,2018-11-21,155266.33750628022,94000.0
Port1,2018-11-23,155570.98284890587,94000.0
Port1,2018-11-26,161481.79768677102,94000.0
Port1,2018-11-27,161116.17452193386,94000.0
Port1,2018-11-28,172295.3358437626,94000.0
Port1,2018-11-29,173078.3426904623,94000.0
Port1,2018-11-30,177371.67107727414,94000.0
Port1,2018-12-03,181461.080655951,94000.0
Port1,2018-12-04,174768.61527626912,94000.0
Port1,2018-12-06,174875.0513018784,94000.0
Port1,2018-12-07,167921.7119802683,94000.0
Port1,2018-12-10,169797.01160194573,94000.0
Port1,2018-12-11,169647.37069166027,94000.0
Port1,2018-12-12,171813.2209814924,94000.0
Port1,2018-12-13,172433.28226595966,94000.0
Port1,2018-12-14,168996.00420498603,94000.0
Port1,2018-12-17,162191.26364433457,94000.0
Port1,2018-12-18,161365.62023733807,94000.0
Port1,2018-12-19,160971.62191874455,94000.0
Port1,2018-12-20,159536.8032942178,94000.0
Port1,2018-12-21,155519.86175713874,94000.0
Port1,2018-12-24,153051.95821434003,94000.0
Port1,2018-12-26,164025.49130201503,94000.0
Port1,2018-12-27,167746.95502379898,94000.0
Port1,2018-12-28,167731.57116017042,94000.0
Port1,2018-12-31,169095.17012271198,94000.0
Port1,2019-01-02,168348.7462744774,94000.0
Port1,2019-01-03,160858.71713128738,94000.0
Port1,2019-01-04,169122.01963086482,94000.0
Port1,2019-01-07,176046.044626323,94000.0
Port1,2019-01-08,180314.91051486533,94000.0
Port1,2019-01-09,182773.93506891793,94000.0
Port1,2019-01-10,182976.0464191321,94000.0
Port1,2019-01-11,183197.41654400784,94000.0
Port1,2019-01-14,180505.55382860615,94000.0
Port1,2019-01-15,183634.17391295434,94000.0
Port1,2019-01-16,183879.58746237028,94000.0
Port1,2019-01-17,183878.54284045805,94000.0
Port1,2019-01-18,183924.77747765603,94000.0
Port1,2019-01-22,181225.65854846642,94000.0
Port1,2019-01-23,183077.50770010985,94000.0
Port1,2019-01-24,182743.53553309457,94000.0
Port1,2019-01-25,186904.67293933243,94000.0
Port1,2019-01-28,184905.5394106677,94000.0
Port1,2019-01-29,182216.28810761627,94000.0
Port1,2019-01-30,188503.25922711904,94000.0
Port1,2019-01-31,192678.78535893827,94000.0
Port1,2019-02-01,197726.37749377065,97000.0
Port1,2019-02-04,200413.32025777863,97000.0
Port1,2019-02-05,203108.12796332713,97000.0
Port1,2019-02-06,203136.84339313273,97000.0
Port1,2019-02-07,199299.4975276417,97000.0
Port1,2019-02-08,201639.38617347588,97000.0
Port1,2019-02-11,203359.378247207,97000.0
Port1,2019-02-12,206213.3005498939,97000.0
Port1,2019-02-13,204704.74065366384,97000.0
Port1,2019-02-14,203624.0952334737,97000.0
Port1,2019-02-15,202756.49833085353,97000.0
Port1,2019-02-19,204126.09216875682,97000.0
Port1,2019-02-20,203468.80637848753,97000.0
Port1,2019-02-21,203542.7496082103,97000.0
Port1,2019-02-22,207602.8401529924,97000.0
Port1,2019-02-25,210749.54517024942,97000.0
Port1,2019-02-26,211012.94435840554,97000.0
Port1,2019-02-27,211724.5936279387,97000.0
Port1,2019-02-28,212267.57422959898,97000.0
Port1,2019-03-01,218380.4384825884,100000.0
Port1,2019-03-04,212215.53670151165,100000.0
Port1,2019-03-05,210535.24080435938,100000.0
Port1,2019-03-06,209515.67915959097,100000.0
Port1,2019-03-07,207161.99078493466,100000.0
Port1,2019-03-08,206167.80067621742,100000.0
Port1,2019-03-11,212915.02683605367,100000.0
Port1,2019-03-12,214299.2625893047,100000.0
Port1,2019-03-13,213388.52026603016,100000.0
Port1,2019-03-14,215027.70054178254,100000.0
Port1,2019-03-15,215484.805796241,100000.0
Port1,2019-03-18,216652.86638506624,100000.0
Port1,2019-03-19,218550.53456838953,100000.0
Port1,2019-03-20,218352.09947686322,100000.0
Port1,2019-03-21,221955.83316308947,100000.0
Port1,2019-03-22,213597.81868273945,100000.0
Port1,2019-03-25,214159.9455016593,100000.0
Port1,2019-03-26,214414.75382219045,100000.0
Port1,2019-03-27,208798.06572153472,100000.0
Port1,2019-03-28,210098.03874408512,100000.0
