BABA,CRM,Port1,TEAM
,,,
,,,
,,,
,,,
,,,
,,,
,,,
,,,
,,,
,,,
,,,
,,,
,,,
,,,
,,,
,,,
,,,
,,,
,,,
,,,
,,,
,1.0,1.0,
,0.9889456290637013,0.9889456290637013,
,0.9479592338088304,0.9479592338088304,
,0.9253401517914991,0.9253401517914991,
,0.9178571754737616,0.9178571754737616,
,0.938945577192952,0.938945577192952,
,0.9685374484445143,0.9685374484445143,
,0.9277210872061408,0.9277210872061408,
,0.8991496581488038,0.8991496581488038,
,0.9146258488881945,0.9146258488881945,
,0.9392857302599613,0.9392857302599613,
,0.9520408325177012,0.9520408325177012,
,0.9540816148653336,0.9540816148653336,
,0.9542517339158457,0.9542517339158457,
,0.970748349842659,0.970748349842659,
,0.9462585024873897,0.9462585024873897,
,0.9307823287548014,0.9307823287548014,
,0.8979591819380812,0.8979591819380812,
,0.8355442489038138,0.8355442489038138,
,0.863265286790226,0.863265286790226,
,0.8784014094966226,0.8784014094966226,
,0.94285716739553,0.94285716739553,
,0.9493745586907704,0.9493745586907704,
,0.9712804718495309,0.9712804718495309,
,0.9374259084107444,0.9374259084107444,
,0.9129855054874338,0.9129855054874338,
,0.9079164173342424,0.9079164173342424,
,0.9102698850470486,0.9102698850470486,
,0.9672975522148244,0.9672975522148244,
,0.9464779161986424,0.9464779161986424,
,0.9392363461763552,0.9392363461763552,
,0.9309084446994419,0.9309084446994419,
,0.9377879887222602,0.9377879887222602,
,0.9636767490996653,0.9636767490996653,
,0.9575213656998788,0.9575213656998788,
,0.9086405236452272,0.9086405236452272,
,0.9644009097226973,0.9644009097226973,
,0.9669354719033085,0.9669354719033085,
,0.9841343048043313,0.9841343048043313,
,0.9656681908130029,0.9656681908130029,
,0.9848584835313783,0.9848584835313783,
,0.9528143578582027,0.9528143578582027,
,0.9482883539642537,0.9482883539642537,
,0.9223996116908639,0.9223996116908639,
,0.9245720754559441,0.9245720754559441,
,0.9300032620246675,0.9300032620246675,
,0.9377879887222602,0.9377879887222602,
,0.9361586273204385,0.9361586273204385,
,0.9605990845557955,0.9605990845557955,
,0.9651250884497445,0.9651250884497444,
,0.9602370042442792,0.9602370042442792,
,0.9832291040255413,0.9832291040255413,
,0.9886603086982804,0.9886603086982804,
,1.0467741805925725,1.0467741805925725,
,1.0456879034499937,1.0456879034499937,
,1.0478604396311364,1.0478604396311364,
,1.0411618995560445,1.0411618995560445,
,1.0500329033962161,1.0500329033962161,
,1.0402567168812702,1.0402567168812702,
,1.0393515342064958,1.0393515342064958,
,1.0350065342602734,1.0350065342602734,
,1.0388084318432378,1.0388084318432378,
,1.051481260850311,1.051481260850311,
,1.047838493460792,1.047838493460792,
,1.0427054832275298,1.0427054832275298,
,1.0400504516896742,1.0400504516896742,
,1.014916523650765,1.014916523650765,
,0.9715515690316353,0.9715515690316353,
,0.9664185587983732,0.9664185587983734,
,0.9611085842225323,0.9611085842225323,
,0.9595155865397884,0.9595155865397884,
,0.9687195908511749,0.9687195908511749,
,0.951196651740934,0.951196651740934,
,0.9549136286340304,0.9549136286340304,
,0.9317266269630231,0.9317266269630231,
,0.9469486225203336,0.9469486225203336,
,0.9437626271548446,0.9437626271548446,
,0.9487185845456567,0.9487185845456567,
,0.9487185845456567,0.9487185845456567,
,0.9568606258018294,0.9568606258018294,
,0.9715515690316353,0.9715515690316353,
,0.955798609646692,0.955798609646692,
,0.9704896236763951,0.9704896236763951,
,0.9956235517153039,0.9956235517153039,
,0.960223603209871,0.960223603209871,
,0.9599459672764592,0.9599459672764592,
,0.9854344712671943,0.9854344712671943,
,0.9746646421683954,0.9746646421683954,
,0.9673052957476148,0.9673052957476148,
,0.9647923661389249,0.9647923661389249,
,0.9771775897267109,0.9771775897267109,
,0.984895928655822,0.984895928655822,
,0.9468427407223867,0.9468427407223867,
,0.9480992145015443,0.9480992145015443,
,0.9604844201397053,0.9604844201397053,
,0.9626384290385657,0.9626384290385657,
,0.9761006481009692,0.9761006481009692,
,0.9865113949433107,0.9865113949433107,
,0.994229733872422,0.994229733872422,
,0.9999736140057143,0.9999736140057143,
,1.0733875819593555,1.0733875819593555,
,1.0631563134215538,1.0631563134215538,
,1.070515641892709,1.070515641892709,
,1.0694387182165932,1.0694387182165932,
,1.0462836834796332,1.0462836834796332,
,1.0606433658632386,1.0606433658632386,
,1.0742850452805568,1.0742850452805568,
,1.0595663703886207,1.0595663703886207,
,1.060463905508324,1.060463905508324,
,1.0735671141127714,1.0735671141127714,
,1.083439408091867,1.083439408091867,
,1.0708746523506651,1.0708746523506651,
,1.0895422807334902,1.0895422807334902,
,1.0986965537966742,1.0986965537966742,
,1.0635153059298845,1.0635153059298845,
,1.0333599352301006,1.0333599352301006,
,1.0340779381963872,1.0340779381963872,
,1.0312059981297415,1.0312059981297415,
,1.0349754015175887,1.0349754015175887,
,1.0453862201584319,1.0453862201584319,
,1.0288725288759661,1.0288725288759661,
,1.019718237863157,1.019718237863157,
,1.0349754015175887,1.0349754015175887,
,1.0037430173935618,1.0037430173935618,
,1.0152308315090222,1.0152308315090222,
,1.0272570625884776,1.0272570625884776,
,1.0326419322638134,1.0326419322638134,
1.0,1.0146257999041668,1.0121881665868055,
1.0111498260429692,1.0130161165511407,1.012705068133112,
1.0232288042561861,1.045567129345528,1.041844075163971,
1.0256678287030851,1.0427055018471203,1.0398658896564479,
1.0182346113411056,1.0178451308398757,1.0179100442567472,
1.0255517427538152,1.0355514867566167,1.0338848627561497,
1.0312427765677765,1.021779886535358,1.0233570348740944,
0.9974448199174176,0.9795708630486731,0.9825498558601304,
0.9886179439864792,0.9520276983764993,0.9581260726448291,
0.9866434259382908,0.9429062786104969,0.9501958031651292,
0.9941927989359535,0.9495237743153926,0.956968611752153,
1.0319396058522554,0.9634741904849583,0.9748850930461744,
1.0210221375382609,0.9949521287377858,0.9992971302045316,
1.0250871550542893,1.0021061617134615,1.0059363272702662,
1.0557491766724547,1.0237472733256852,1.02908092388348,
1.0642276321539517,1.0060409174089437,1.0157387031997784,
1.0969802461551739,1.0351937654341439,1.0454915122209822,
1.1121951710149864,1.0654196880009028,1.0732156018365835,
1.135772395720613,1.0571925268281528,1.070289171643563,
1.1577236041283068,1.1004746069712248,1.1100161064974055,
1.141811849984015,1.0904589464971424,1.0990177637449543,
1.1466899569498246,1.1038728253959278,1.1110090139882443,
1.1451800266011618,1.1444721834147584,1.1445901572791588,
1.1823461714830699,1.1373180788983954,1.1448227609958412,
1.2319396337268207,1.1369603754610946,1.1527902518387156,
1.262137056031058,1.107270990165115,1.1330820011427722,
1.295818845431332,1.1283754929658714,1.1562827183767814,
1.3305458845655256,1.1441144620922856,1.1751863658378259,
1.3838560367910808,1.152699273046821,1.1912254003375309,
1.3303136313661705,1.1457240739046244,1.1764890001482153,
1.372822296697382,1.1405374098341041,1.17925155764465,
1.3337978939325874,1.1296274549964247,1.1636558614857853,
1.336817661714696,1.1430413338952106,1.1753373885317917,
1.3269454431346213,1.1180020575137999,1.1528259551172702,
1.2869918765851769,1.1172867042947137,1.1455708996764578,
1.2638792395790766,1.0913531872052225,1.1201075292675313,
1.2754936417071692,1.0427055018471203,1.0815035251571286,
1.2860627824869404,1.040738132941965,1.0816255745327945,
1.3231126672035465,1.038949633640632,1.086310139234451,
1.3178862210891107,1.0613060984719422,1.1040694522414702,
1.30859466454343,1.0593387295667867,1.1008813853962274,
1.2966318419658964,1.0707852216752454,1.1084263250570205,
1.1155052291638845,1.0472133246311444,1.0642863007643295,
1.1565512862573506,1.0502265975616472,1.076807769735573,
1.1644447567513583,1.0436682382220486,1.073862367854376,
1.1489735440584765,1.0449090122613618,1.0709251452106405,
1.1356073094537997,1.0431364247434554,1.0662541459210415,
1.1058225930738232,0.9998866222523631,1.026370614957728,
1.1311869765017826,0.9951007618039539,1.029122315478411,
1.0932982549827825,0.9805659979259125,1.00874906219013,
1.1047701408659163,0.9834020528729145,1.0137440748711648,
1.1062435886914643,0.9761346620712219,1.0086618937262821,
1.1019284493895642,0.982161278833601,1.0121030714725918,
1.1131898006276817,0.9534462402205499,0.993382130322333,
1.1473948394350475,1.0103445748694326,1.0446071410108364,
1.1498155352937585,1.0516446604858347,1.0761873791878156,
1.1645500345984938,1.0610390747724352,1.0869168147289496,
1.1447636826037118,1.0610390747724352,1.0819702267302544,
1.110558643796346,1.0723832768350994,1.081927118575411,
1.1150842335462434,1.0693700039045968,1.0807985613150086,
1.1150842335462434,1.077700862135385,1.0870467049880994,
1.1154000355137677,1.0697244398715982,1.0811433387821408,
1.1129793396550567,1.053417159377024,1.0683077044465321,
1.0939297852454402,1.051290135892116,1.061950048230447,
1.090351369856314,1.0500493795781465,1.0601248771476883,
1.062987359859676,1.0310831912186973,1.039059233378942,
1.0874044952544724,1.0138896612785284,1.0322683697725146,
1.0748801571634319,1.0091038008301194,1.0255478899134474,
1.1054015974561824,1.038527870905264,1.0552463025429937,
1.0842470754829876,1.0309059732351966,1.0442412487971444,
1.0695126603752707,1.023284075565129,1.0348412217676644,
1.0605666640009654,1.0275381757109752,1.0357952977834728,
1.048042410106943,1.0147759107241232,1.0230925355698282,
1.0136268366545609,0.9768436935333158,0.9860394793136271,
1.0197311310278876,1.003963433513335,1.0079053578919732,
1.0528837281519736,1.0154849421862173,1.0248346386776561,
1.08708876695934,1.02292955097141,1.0389693549683927,
1.094561241835706,1.0280699182881947,1.0446927491750726,
1.0851943340407777,1.0390596134824837,1.0505932936220572,
1.094455974513198,1.059621011848247,1.0683297525144848,
1.0834051579200967,1.024347613895598,1.0391119999017229,
1.0361495286061684,0.9988230661965505,1.0081546817989548,
0.9452167590398294,1.0298424171793836,1.0086860026444948,
0.9375338231908383,1.0005956537144567,0.9848301960835522,
0.948584629259312,1.0153076533013425,0.9986268972908348,
0.9536364924739861,1.0388823954989828,1.0175709197427336,
0.9472164592808994,1.0456180437234555,1.0210176476128165,
0.9156425773048694,1.0504038155451478,1.0167135059850783,
0.9017500692354163,1.0488085346374594,1.0120439182869487,
0.9051179499795261,1.0277154114198195,0.9970660460597461,
0.9183790014587133,1.0420729573143597,1.011149468350448,
0.9051179499795261,1.0422501752978608,1.007967118968277,
0.916695018988149,1.0858545023826718,1.0435646315340412,
0.9372180948957053,1.1140377984185035,1.0698328725378037,
0.9140638621568132,1.1002120660025558,1.05367501504112,
0.9129061531510257,1.1166966353820045,1.0657490148242597,
0.9144848577744543,1.113328837857783,1.063617842836951,
0.9118537009431184,1.129813424962575,1.075323493957711,
0.8995399080217212,1.1092520265968113,1.0568239969530389,
0.8913307092325811,1.0977305179239292,1.0461305657510922,
0.907117650220596,1.1143923230122221,1.0625736548143156,
0.8984874663384417,1.2450280862831542,1.1583929312969763,
0.8958563095071057,1.2297842732176756,1.1463022822900333,
0.8840686953288396,1.2134769927231013,1.1311249183745355,
0.8585991182507636,1.1867116887100841,1.1046835460952538,
0.8997503689943464,1.1500202278332468,1.0874527631235216,
0.9061703916628058,1.1626052039352242,1.0984965008671197,
0.8882785673082313,1.1443481356645862,1.0803307435754976,
0.8685974826359575,1.1606555402365644,1.0876410258364126,
0.873228339708363,1.1301678609295769,1.0659329806242734,
0.8629141733556447,1.128749868906763,1.0622909450189832,
0.8621774494428702,1.15126100187256,1.0789901137651374,
0.8615460033772321,1.1450571494013366,1.0741793628953105,
0.8840686953288396,1.1774945633083582,1.1041380963134784,
0.8893310089915111,1.1973470011134022,1.1203430030829293,
0.8902781833522826,1.2150723445321636,1.1338738042371936,
0.9023815258256823,1.2209216015082947,1.1412865825876415,
0.8966982165453694,1.199828531466685,1.1240459527363562,
0.8866998521601753,1.199296806614809,1.1211475680011507,
0.8801745516445807,1.1941564392980244,1.1156609673846636,
0.8814375384975036,1.1659730723608193,1.0948391888949904,
0.8858578609248927,1.169695376753416,1.0987359977962852,
0.8901730002267935,1.17962165769464,1.1072594933276783,
0.8830162536455597,1.1849391720935514,1.1094584424815535,
0.8760699575123237,1.1842301583568007,1.1071901081456814,
0.9112055446932694,1.1468206244821244,1.0761361005454682,
0.910320427341382,1.1572336096549762,1.083159654960898,
0.905231140864159,1.1791009861191706,1.0969400325426673,
0.9095459690199387,1.183613207959936,1.1013930362779367,
0.9447285041940774,1.1837867930013843,1.1120693063591924,
0.9530262719238268,1.1756299100713987,1.1088488186271273,
0.9357669482370188,1.1738944241126121,1.102456181349934,
0.9324478079540478,1.164175657620321,1.0946573027204394,
0.9404136760382978,1.1612253366968939,1.094981838499315,
0.936762636109827,1.166431759863187,1.097531022737179,
0.9300137850229643,1.178580369835091,1.1040103943914528,
0.9061162582160464,1.1421346961146783,1.0713291647450887,
0.9094353099894946,1.1610517516554453,1.08556681915566,
0.911869332920578,1.1693820807866147,1.0921282564268036,
0.9077758228256868,1.1751092764322857,1.0949092403503058,
0.910320427341382,1.1882991363273818,1.1049055236315821,
0.935656289206575,1.177191932473969,1.1047312394937507,
0.9393073291350451,1.1773653786751521,1.10594796381312,
0.9412987933901853,1.1608781492589644,1.0950043424983305,
0.9122012325660779,1.2955532584764724,1.1805476507033545,
0.8993673960654931,1.2637935131235054,1.1544656780061016,
0.9235297900282463,1.2390195923265195,1.1338563248937619,
0.9169306876693186,1.2092938811783769,1.1118394833420242,
0.9049841349309449,1.2287169317480557,1.1208059994756854,
0.910217876342189,1.2462821116481921,1.1342606998795244,
0.9784842170678533,1.258611437356898,1.1652356972605498,
0.9905445811739403,1.2228056125909705,1.145385268785294,
0.9866761893326562,1.2025380323616601,1.1305840846853252,
0.9872450299944764,1.2121650928578307,1.1371917385700459,
0.995892122575174,1.2125029520125068,1.1402993422000622,
1.0057907761135656,1.230912526455636,1.1558719430082793,
1.0064734053876518,1.2228056125909705,1.1506948768565308,
0.9911135014798242,1.2295614614076875,1.1500788080984,
1.0036289745240827,1.207267216048135,1.139387802206784,
1.0319594831697865,1.1849729875781625,1.1339684861087036,
1.0681406437543886,1.2314193320772302,1.1769931026362828,
1.0612002324472791,1.2668874159155399,1.1983250214261196,
1.0526669398565711,1.2425663871986867,1.1792665714179813,
1.0535771691106368,1.2489843768607274,1.1838486409440305,
1.0348039140333556,1.227534661160807,1.1632910787849902,
1.016258258936054,1.2287169317480557,1.1578973741440552,
1.0262957790412603,1.2085584452490141,1.143464635889102,
1.0232433800050604,1.2052519218368518,1.1402488711826406,
1.0264088547241756,1.214675685504171,1.1474375316541725,
1.0241477367516236,1.19384413831137,1.1332382806114607,
1.0255044075351545,1.2159983543876476,1.1479648019403288,
0.9981455866489783,1.1877268980562135,1.1200192868393437,
0.9901188298209296,1.1864043614363182,1.1163023858593935,
1.0050418353646335,1.2074011554415784,1.1351299696998125,
0.9859358322298784,1.1969854479769688,1.1216105852101508,
0.9793787314258183,1.1865696082487776,1.112572866526292,
0.9736130925703214,1.1996306534803405,1.1189100960124765,
0.9732738542162684,1.213518395696735,1.1277167737394254,
0.981300701486775,1.2303819362391053,1.1414243523989875,
0.9807354022093494,1.2517094553305517,1.1549330077872653,
0.9693170192963553,1.2399710789824656,1.1433089148088547,
0.968638723473165,1.2363338139511695,1.1407284244947393,
0.9618555617457322,1.2267446712078092,1.1321414178284959,
0.9628729941752099,1.2151716574028162,1.1250649919643856,
0.9636643656813157,1.2169902981849383,1.126516750862216,
0.9415059748156682,1.1959933719160964,1.1051050158088007,
0.9165212571425009,1.1573063403836348,1.0713116677975156,
0.9300875919026739,1.1511891001284777,1.0722242757621194,
0.9435296857391695,1.1496107338167305,1.0723303407876452,
0.9390672113470878,1.1476550103274406,1.0694345857098082,
0.918013466352851,1.1271205248382123,1.0487053779062019,
0.9110336808170679,1.1450475093866945,1.0572923236730847,
0.8918106534729676,1.1308688196635013,1.041222007342051,
0.9043971405378461,1.140158274001268,1.0517478489524847,
0.9188144253487607,1.1593890742092772,1.0691735808865834,
0.9366643458016304,1.1579223834503616,1.0749506193320877,
0.9325451166661101,1.1699823442065702,1.0809433838788978,
0.9237346020379192,1.1629745102324651,1.07325954465951,
0.9328883733649429,1.180249586951184,1.0874891318563435,
0.9538277528568351,1.1866055293928148,1.0993138631918222,
0.9459325512846263,1.1859536215630515,1.095945720208642,
0.9444450903333234,1.2032288286600776,1.1061849267875448,
0.9628671586815141,1.2038807364898403,1.113500644811718,
0.9597776882002206,1.1768271727029798,1.0954336160144449,
0.9499373348219035,1.204695519418992,1.1091612001950837,
0.9314009124136392,1.1809014947809475,1.087338776393207,
0.9217893586936392,1.202576920830314,1.097281585029061,
0.9183567230516837,1.2040436115892292,1.0969110283876495,
0.9149240073138288,1.1955690868562092,1.0903271820278166,
0.8963874933673938,1.1945912821520734,1.0827648613578185,
0.892382721272389,1.1805755979065755,1.0725032691687557,
0.9024519772894657,1.171612040443181,1.0706770167605377,
0.913322100764281,1.1820423049627788,1.0812722283883422,
0.9034817359436924,1.1478180158051368,1.056191910857095,
0.9018798293941447,1.147492135228052,1.0553875205403367,
0.9207595885971409,1.161507689095244,1.0712271514084553,
0.8849452219972576,1.1673747128875176,1.0614636538036697,
0.839633838813789,1.1577593779726665,1.0384623007880873,
0.8594290140532104,1.1636264180622284,1.0495523915588467,
0.855424230515934,1.1895390412889517,1.0642459872490702,
0.860344407205093,1.2066512429082819,1.076786179519586,
0.8453549744988572,1.1828572182702375,1.0562938768559698,
0.8366589169111819,1.1740566662845384,1.0475325102695296,
0.8046205227479859,1.1052820933111502,0.9925340043499636,
0.7801340620158944,1.126957519360517,0.9968987228562836,
0.7529014904817841,1.062094246690113,0.9461469631119898,
0.7845965478502475,1.062257252167809,0.9581344880487235,
0.7856263980426452,1.116690146237596,0.9925412406644895,
0.8105704580913715,1.1398323771268954,1.016359157488574,
0.8017599549054519,1.1448845039089992,1.0162127980326692,
0.7565630173202275,1.1303799336087217,0.9901985900005363,
0.7786878364089832,1.0780802466619621,0.9616498648969146,
0.7872157951951413,1.0999234834472664,0.9783149380158845,
0.7983862358170674,1.104292062847893,0.9853286856692386,
0.7676374840293558,1.0861702984044372,0.962296426147461,
0.7316038046037876,1.1449041549553265,0.984176240929728,
0.7691989554823571,1.116912527386051,0.9816905827568367,
0.7666766099337936,1.1284003846802626,0.9877300278344135,
0.7762855310578128,1.1334162976611148,0.9945321106487196,
0.7519027533244048,1.130827416383109,0.983467825193613,
0.778928012893581,1.1531559268321339,1.0076228491893633,
0.807514791960664,1.163025789957954,1.0247715129590078,
0.792740947362502,1.1701450840316425,1.0233768086603101,
0.7897381407437045,1.1552594211856948,1.013112256569365,
0.7675173957870569,1.167232649224248,1.011787828443118,
0.743494942836678,1.1593044470569323,0.9976007509712779,
0.7206735885113652,1.1648056175214019,0.9920876062397209,
0.7197126663708974,1.1602752047257188,0.9889453286988438,
0.7115450804126743,1.1720867288100434,0.9929871988777332,
0.6893242753998946,1.1170743607811076,0.9507271053550802,
0.6944891147954525,1.1063954277606258,0.9462096393852808,
0.7083020372531467,1.123384584960135,0.9619635941851948,
0.7437132792602779,1.164717125657496,0.9963155870986083,
0.7984148257410849,1.1810112793281247,1.0279726978933084,
0.8076370095251669,1.202417360367836,1.0445052200307683,
0.807510652801105,1.188838861701291,1.0363075781412165,
0.8373248894680285,1.198104233053014,1.0537924956190199,
0.8552639312051113,1.1995418942337854,1.0618307090223158,
0.8680234337061975,1.2020979138298575,1.068468121780394,
0.8881101860242494,1.2121619414633338,1.0825412392876999,
0.8802775977430569,1.224142983793864,1.0865968293735413,
0.8658758241903951,1.2073696044047375,1.0707720923190005,
0.9068071912416624,1.2412359375187534,1.107464439007917,
0.9094601392216917,1.2583288912436432,1.1187813904348622,
0.9177980659671108,1.2449101717576185,1.1140653294414153,
0.9069335479657242,1.2385202665399462,1.1058855791102578,
0.8777510064870894,1.2113632851815808,1.077918373703784,
0.8968269934446673,1.2359643747416589,1.1003094222228622,
0.9553185215580188,1.2549742153658177,1.1351119378426981,
0.9645406548095178,1.2495428574334801,1.1355419763838952,
1.0035771257931063,1.2420347215982914,1.1466516832762172,
1.0403395294716635,1.2544949896473199,1.1688328055770572,
1.038697258420088,1.2482648476354439,1.1644378119493015,
1.0590366357542431,1.2413957166992735,1.1684520843212614,
1.0656058210257127,1.2651980221798136,1.185361141718173,
1.0541097089012037,1.2560924300086107,1.1752993415656479,
1.0788706746241712,1.2522585284122876,1.1829033868970413,
1.078617948542902,1.257370439806647,1.1858694433011492,
1.0562573310501517,1.268552825855424,1.1836346279333152,
1.0280853654348046,1.2495428574334801,1.16095986063401,
1.028717060623093,1.2500220831519784,1.1615000741404242,
1.0087566650291029,1.257370439806647,1.1579249298956291,
0.9949865866647296,1.2508208672315162,1.1484871550048015,
0.9582240819210056,1.207689034967992,1.1079030537491976,
0.9891753522404442,1.2182324161177511,1.1266095905668283,
0.9870276416594754,1.2338875808640846,1.135143605182241,
0.9814691206833136,1.2356448004058957,1.1339745285168628,
0.9837430995563239,1.2882016554038778,1.1664182330648563,
1.0100199669736596,1.2937927925167354,1.1802836622995052,
1.0272010578635586,1.29043811663891,1.1851432931287695,
1.021516180163335,1.2842079746270345,1.1791312568415548,
1.032254328807514,1.2845275489627974,1.183618260900684,
1.0280853654348046,1.2774986228713836,1.177733319896752,
1.0621949221984994,1.2730257163760421,1.1886933987050252,
1.0543859957955959,1.2714883238871775,1.1826737351224395,
1.0669382100312579,1.2694478370896711,1.1866029896566839,
1.036687323514456,1.2545372079894788,1.1654168007042423,
1.0650553527914801,1.2892241337385033,1.1975187233510847,
1.0639257037191276,1.266308794452535,1.1835157118797774,
1.0591557995485048,1.2725870052903963,1.185274239305077,
1.0471056864344834,1.2510841935981998,1.1676384406675886,
1.0585282515977934,1.245904664163558,1.1692506772048363,
1.000913538047248,1.206509182306554,1.1224018732913832,
1.0113319009672757,1.2083925576633998,1.127776834469531,
1.0354321271953182,1.2143569066152582,1.1411604059434646,
1.0622938531074204,1.238213925731925,1.1662466232946278,
1.0488629964274765,1.2309940350633657,1.1564858828941382,
1.037440531681881,1.2090203913035447,1.1388286305492277,
1.040202031365941,1.2131012393349683,1.1423697451658206,
1.0649298055446952,1.2220476450468911,1.1577721652505382,
1.0644278048407683,1.2248728257980248,1.159236226315511,
1.0507458411150399,1.2215767972838179,1.1516914061238634,
1.0310388647650508,1.2273840347950158,1.147061010691848,
1.0450973823656347,1.2468464695578454,1.164312752070123,
1.0252648587688604,1.2421377878862772,1.1534170441564247,
1.0201184132755967,1.230523202995741,1.1444485162920455,
0.9626293348373365,1.2039978477459736,1.1052561833742582,
0.9869805676934492,1.2093343630576874,1.1183714467723171,
0.9706627519481602,1.1974057907175595,1.1046472748573508,
0.9127970317695445,1.166171879359813,1.06251853261834,
0.8886968055415023,1.1493777493391861,1.0427355450583151,
0.8776507942530486,1.1485929298219697,1.0377529652710473,
0.9122949306479038,1.1686830883568042,1.0637970238395273,
0.8822951511768863,1.1355656760786235,1.03195500680064,
0.9068974785265693,1.1468664304740548,1.0486973137682654,
0.8735085384508519,1.1121795047250302,1.014541382158321,
0.8802867466903236,1.1112378091988828,1.016757829081745,
0.8624626275801119,1.1038609326532522,1.0051070805778766,
0.8876926032982208,1.0909906647869771,1.0078232759961223,
0.8832993534201675,1.1230093956619394,1.0249461965630327,
0.8751403890625588,1.09742573593832,1.0064908213073271,
0.8757679495654851,1.0966410419846928,1.0062838678131987,
0.8728809905001399,1.0583441002718699,0.9824728280925258,
0.8399941515460628,1.031034051068476,0.952881364900216,
0.8413749076642002,1.06823220150994,0.9754269449366827,
0.8572374168977802,1.0688967822830393,0.9814771648376144,1.0
0.8324269859667883,1.0076740965935582,0.9375894977374923,1.0080302314596128
0.8113254017914836,1.0204808509325678,0.9409120494258886,1.1228153046764289
0.8294856116173809,1.049530369136019,0.9648784407821122,1.1336797354747286
0.8010943120742032,0.9138098592338886,0.8703195709888497,0.9537081247047708
0.7813994515795759,0.8441535406954178,0.8191449981874431,0.8464808691544637
0.7851082343909523,0.8953806673775403,0.8512051684797731,0.8937175247992442
0.7900958906281266,0.9177143622695657,0.867861089722113,0.9475672649976384
0.7746213802196021,0.9252110705701148,0.8664173893019563,0.9612659423712802
0.7787138033176518,0.9320829646768826,0.8714302526845183,0.949456778460085
0.84777368448702,0.9327077007806033,0.9033341471199949,1.0477090222012282
0.8489246309247653,0.991587622176629,0.938977957161043,1.102975909305621
0.8507150716252894,0.9636313648231672,0.9214878499184961,1.0392064241851677
0.8604346324344302,0.970503258929935,0.9294695636618293,1.0453471421823337
0.8803852190165408,0.999240416890532,0.9535048212070242,1.044402503542749
0.8564701107467083,0.9823729950124303,0.9352488062482045,1.0632971185640059
0.8597952404825489,0.9764381191621765,0.933349799088222,1.065658904109589
0.8525056018478486,1.0842023717108453,0.9926241565212093,1.1117146905999056
0.8557028173844987,1.0888878222076945,0.9960828685615775,1.1006140292867264
0.8800015787298671,1.0581203226685454,0.9894606243733889,1.1228153046764289
0.9147443495427133,1.0873349524865616,1.0173927573387531,1.057392536608408
0.9197789159630174,1.0937018563943746,1.024573654837358,1.082483206968608
0.9168097663488668,1.0994476034903775,1.0227728869003423,1.0305096755081946
0.9323008313070603,1.1034850451225404,1.0310855843918634,1.0314057708782014
0.9409499545931991,1.0946335605542488,1.029773594127674,1.0318538633679735
0.9174552639647952,1.0842292150142727,1.0128255523490108,1.0018346684727348
0.935011745729142,1.1031745133033966,1.0279838043956082,0.9753998102527561
0.9290735368650846,1.0978946182873306,1.0242625715132925,0.995561911273148
0.9554082724207826,1.1123365141619124,1.0447453458697902,1.029165487648415
0.9468881634572562,1.12149863925179,1.0455383629583168,1.0184123880130984
0.9324299489030947,1.1134235385825795,1.0379966655781958,1.0529120597583723
0.9488245659407971,1.1294184196602075,1.0552143324967378,1.0838273948283867
0.9585064492667235,1.1292630993994144,1.0596707973743777,1.0941324467787004
0.9843248048025276,1.1281760905076672,1.0654549946549776,1.0412628199482796
1.0083358883600029,1.1219644913317273,1.0737365095354638,1.0717300625285222
1.0092395178945786,1.131281812451036,1.08154719434868,1.1062297790785651
0.9883266240922215,1.1146658832640401,1.0642379971676088,1.1035414033590065
0.9792902383822235,1.1249150172456652,1.0635863232945144,1.0672495856784865
0.9872939544166781,1.1173057686563919,1.0632623218505872,1.0757624916935542
1.0079486259361439,1.1227409839332507,1.0746084168211807,1.0802430133483583
1.0180177716859296,1.1537988245237483,1.0940181523142274,1.063665204198458
1.0202123060881174,1.1465002164560614,1.0954828024777903,1.1268399277839605
1.0149779706949196,1.1650048567618319,1.0949246250866056,1.0409500070521391
1.019490116779371,1.1643894948520308,1.0980970967193537,1.0589655597716754
0.9968003772860418,1.1473136287517005,1.0778641927293477,1.0317224623833587
1.0143333378797952,1.162697291905151,1.0928887574547386,1.0347982520189791
1.0005390361868864,1.1586975087179276,1.0834009943447842,1.0132674169862772
0.9987341725963529,1.1514671562684793,1.0797359617176712,1.0211767472653004
1.0018281986820734,1.1408525209945772,1.075412604758202,1.0207373424687147
1.0037620068842674,1.142544616255815,1.0765242428791857,1.0154645288501651
1.026709532465856,1.1683891703536122,1.1007023365130957,1.0356771055526304
1.0263228017659356,1.1714659799026184,1.0994617174696046,1.0079946473082069
1.01807199678064,1.1739273044725176,1.0961349580642126,0.9934942890208772
1.0185876849841038,1.1886956057161677,1.1068910099219658,1.0238131321043349
1.0243889935637411,1.1720813264287562,1.1009868005695809,1.0282072240106723
1.0469497884454098,1.1713120971200943,1.1102159781066059,1.037434768679453
1.0414062788459137,1.1868496430560693,1.1190235635592518,1.067753611762911
1.0299325031632371,1.1765426041269205,1.1072212380771413,1.0466622254672744
1.016395987558588,1.1770040986378605,1.1026021946715634,1.050616868636546
1.013430918976411,1.1723889535408354,1.099880353667268,1.0589655597716754
1.0010547243903503,1.1643894948520308,1.089089801822013,1.0396317487219022
0.9849398709034446,1.1596204823561453,1.0783917893615553,1.018979767222851
0.9919014876097879,1.1660817131825736,1.0843363872034268,1.0181009136892003
0.9876471533973621,1.1883879786040878,1.0984547638218414,1.0620413933477761
0.978622874120343,1.1522364009608046,1.0746442211445557,1.044904650221411
0.9774625531017547,1.1382372059565116,1.0648435214097294,1.022934410392123
1.0162671460819896,1.1354681465888903,1.077329858826689,1.0115098417404136
1.0210370782546994,1.142236989143735,1.0776096380063316,0.9592206709467084
1.0237444638836792,1.1479289906615011,1.0784487601672985,0.9267047159993627
1.0277409088727836,1.1679276758426715,1.0933793281353328,0.9583418174130574
1.0287722852797112,1.1659278457837123,1.0935968654113448,0.9671299572852522
1.020521493186298,1.1674661813317315,1.0893684991174026,0.9482355510320645
0.9947377276072488,1.1748504011800405,1.084687203448559,0.9636147189125659
1.0221973992732878,1.1893109676259686,1.1032055066371502,0.9680088108189032
1.0229708735650112,1.1810037741394424,1.097941636708186,0.954826622980851
1.0188454839642456,1.197925895910217,1.10673711303545,0.9719634539881751
1.009692260075566,1.2474611835786875,1.1273997837424259,0.9579024126164715
1.0157514578785256,1.2463843425416088,1.1329740502383465,0.9970095273935632
1.018458740372443,1.2573068356825376,1.1382987089386571,0.982948573902819
1.0457895705618838,1.2729981259480683,1.158890648365735,1.0027217458086988
0.9744973684926331,1.285612729733898,1.1386548910604903,1.0115098417404136
1.0100789907754864,1.2822282930728128,1.150213862754992,1.0066763889779706
1.043855762359689,1.288689416213599,1.166070719981367,1.0009641705628352
1.0571343887410167,1.2877664271917182,1.1698414637948984,0.9917366258940545
0.9895494002268368,1.2670744884748188,1.134085162991469,1.0386217586722883
0.9974203887252825,1.2638859398220819,1.140708689041015,1.0828923492476117
0.9886461864224291,1.2534093059921827,1.128030584047315,1.048170308062506
1.007226785606396,1.2576607092570442,1.138332934523078,1.0572848758829378
1.0043880472901718,1.262367591274113,1.1350054068447701,1.0182225415725084
1.0018074382637545,1.2655561399268493,1.1372980260598988,1.032545452462829
1.0007751662660622,1.2561423607090745,1.1332176743393239,1.0412259085059836
0.9796138548297683,1.242477071940978,1.1175280138667818,1.0347155339217446
0.9735493197466164,1.2373145745189658,1.1152321221635608,1.056850807508158
1.003484833485764,1.2312410892252645,1.1245093611850672,1.0642292320369622
1.011484867274255,1.2449063931769988,1.1419069285418917,1.128030902962506
1.0099364528260975,1.239592135300013,1.13615573247418,1.1067636793206581
0.9935493784113661,1.2222828039433347,1.12281833019471,1.120218410058922
1.0083881287006107,1.2332150379945397,1.1362558714079902,1.1397495772141366
1.0144526637837632,1.239440268559578,1.140308611957405,1.128030902962506
1.0158720200386364,1.2241048859721746,1.1342048560374076,1.1367114458106555
1.0211622962847553,1.2493096631822955,1.1518426412500637,1.1623189191753296
0.9843880918513312,1.1913081686349225,1.1042877286384953,1.1241246782119627
0.9578074459756344,1.1550192906331616,1.0711292392775715,1.0828923492476117
0.9842590336580473,1.1774911194118511,1.0946746415458577,1.10155533625077
1.0069687595424988,1.1995073479692353,1.1165615420519168,1.120218410058922
1.0261945593702153,1.2057327000033717,1.1274848201387644,1.1241246782119627
1.025761344812925,1.200325919680576,1.119308472194419,1.0895776179124372
1.01700404760364,1.1828840703350982,1.110670565024378,1.1129681946838523
1.0127541632745607,1.1803279761276364,1.1124166543736842,1.1469908711370003
1.0218977855064322,1.1842373727448232,1.1155369161434145,1.1304048381618947
1.0172615761547659,1.216264061256517,1.1316620582985775,1.1474161976526682
1.049071136529281,1.227841875820315,1.15070985216944,1.1576229708187338
1.0526770642577736,1.231901542473087,1.1545089966948334,1.1610252427168883
1.037609409621576,1.2228799574409768,1.1433269088842566,1.1529449320155682
1.0526770642577736,1.2263381830868039,1.152089857326472,1.1631517051816338
1.0463666939525018,1.2239324792031288,1.1488191612589527,1.1652781251179805
1.0643964227434788,1.2273906898129308,1.1561741830958492,1.1567724879009924
1.0659417614689044,1.2234814134839458,1.1566386850855515,1.1699562489779431
1.087191067209068,1.2350590927235172,1.1732423586917207,1.191645732328679
1.0841002867313427,1.2284432115750827,1.167187683948098,1.1793124966978685
1.0880925523607814,1.2412239231887943,1.1773871592216616,1.19759970815045
1.0713507367709787,1.2358109390902732,1.1697983739903564,1.2078065238449138
1.0765020032248966,1.2293454482656245,1.1703262579428855,1.2205650859913928
1.0701916329196246,1.2254360516484384,1.1677608001608653,1.233323563081074
1.0704492644976251,1.2379159826145774,1.1781824400195722,1.2647945781390049
1.0622071145391068,1.229946904308594,1.1725087626403023,1.274576067317801
1.0804167211936995,1.206733518959296,1.1619856192047653,1.2242061816764152
1.0734992740251277,1.1989885444728332,1.152574249396264,1.2032830867482995
1.0718338770308142,1.1976481199629154,1.1541438017017818,1.2221549388856097
1.0856689763320124,1.1998821707422904,1.1619316009222953,1.2324113579680194
1.0836192845457113,1.2113508163969273,1.1784874941781125,1.3115908312328692
1.0888715396840243,1.2089676739985435,1.170217403224419,1.2508728712906803
1.0919459748814488,1.209116646463411,1.1724872330906713,1.257847236266719
1.1187194557452818,1.1951160050996654,1.1715077553915745,1.228719047098352
1.1755969168257445,1.2135849714361748,1.201794171696222,1.2299497763625646
1.2586073973406515,1.2158190222155498,1.234107353038504,1.230770289889157
1.244772298039454,1.175455571823837,1.2117773228428086,1.2443087630779381
1.2382391456628699,1.16115708979023,1.2001971543386882,1.228719047098352
1.2425945805805927,1.136730505766045,1.188258570249821,1.2155907486215152
1.2425945805805927,1.1455181832467054,1.1929250251690902,1.2188728027278857
1.240801157913719,1.1540079009033632,1.1945004967894375,1.2069753976179671
1.2253007641002354,1.1505821746649243,1.1842913898400202,1.1885138022439534
1.2270941867671088,1.1620507160596871,1.1904114805026103,1.1885138022439534
1.2026265515167243,1.1590719072158493,1.1784058034033718,1.1790779377138128
1.2033952307724745,1.1939245530546148,1.1964182966730867,1.1868728162164441
1.2177426633484736,1.19198822379096,1.2009403721571963,1.1872831140054172
1.2154368049247724,1.19034983945704,1.1997897446518004,1.1905651270861115
1.2297843271725448,1.189009414947123,1.2087179889919792,1.218462628015942
1.2450285543486286,1.1829027056404384,1.2101800337896056,1.2094369381977454
1.232476432554499,1.1240927198328274,1.1762491671853508,1.1967481244916502
1.2556280891222564,1.112097965523225,1.1801298508388165,1.2019392642355002
1.3129378522264956,1.1168365987914635,1.205738583814455,1.2147173560811932
1.2944671645238208,1.110765284149449,1.1974720022191883,1.2235022542935698
1.2976299556803004,1.1088401403430825,1.1979484600022312,1.2247002403356408
1.2603090579873395,1.098770544648076,1.1716425069709357,1.1771817112844698
1.2752374322459215,1.101139920515111,1.1831746482458525,1.207130364047813
1.2686587760357857,1.081889178438206,1.1669625853934704,1.1775810266546476
1.295479282996224,1.09314346206673,1.1837369753034097,1.1871645955389174
1.3214141072235304,1.095660831374024,1.1963781470787038,1.198345425903899
1.323817853804784,1.0852951155244392,1.1923862963977063,1.1979461105337208
1.3034494787570576,1.0810007143168692,1.184695116740773,1.2095262962004172
1.2823220591341056,1.079668032943093,1.1760188785143249,1.2083283101583466
1.3410234503471956,1.098474424493498,1.217269207244134,1.2738160308675233
1.3835313761414412,1.1045457391355125,1.2323997229451045,1.2522530408094532
1.362656929206349,1.0423512219145714,1.1917395034574993,1.2278947632970643
1.3396318095871802,1.0393896205466093,1.1770491756568748,1.1987447412740768
1.369615107704097,1.0373164832999842,1.1856813924538288,1.189161212321344
1.3758141530684678,1.0605654027722784,1.2002315646110953,1.1979461105337208
1.335330464219027,1.054345857758342,1.1843552092866783,1.210724202379414
1.3383667184269177,1.0562710015647083,1.1841052185480558,1.1967481244916502
1.3331796903256332,1.0442762620633355,1.1715258494149483,1.1656016054808473
1.3340652718494475,1.075521625175782,1.1833328552475042,1.146833703219412
1.3531685557369113,1.01317899604875,1.1637846625141177,1.1612090964773534
1.354686733445515,1.0552344255372812,1.1824151196887605,1.1520248429632618
1.3410234503471956,1.0500515750166035,1.1711501992171582,1.128864551492943
1.371512807700314,1.112097965523225,1.2125889478798377,1.1364515035947862
1.3312820915387333,1.072411911901729,1.1788357318461011,1.1344549666754338
1.3109137164910076,1.0695984224398576,1.1672830039102382,1.1180830364981396
1.2923164918397447,1.0459051672492923,1.1496680053103303,1.120079573417492
1.2885210918473111,1.0998071206755031,1.1757316245903797,1.1348542820456118
1.3010457195246394,1.0784833450095759,1.170538920802239,1.1352535974157896
1.3073713018375979,1.077594777230636,1.1755995702396416,1.1544207351843288
1.3148355395715476,1.078335233103485,1.1795014235376853,1.159212559558001
1.313823421099145,1.074929281209023,1.1753954983293415,1.14603515234213
1.3149620765201355,1.095808943280114,1.1877408189400396,1.159611874928179
1.3220467034083199,1.1115056363646956,1.1990428415399925,1.1679974577703778
1.3185043899642281,1.1115056363646956,1.1970097118160408,1.1636049487668838
1.3002866876005785,1.1098767163705094,1.1870682225356353,1.1488303200018384
1.2952261964478824,1.1067670030964574,1.18074864224163,1.1304617730421178
1.289533210319714,1.1125421975838936,1.1741009359186374,1.086137846815444
1.2864969561118227,1.112986548110394,1.1709676774326236,1.072561124229395
1.2632144256130142,1.111696029382983,1.161313729838712,1.075021215014608
1.2302447170843052,1.1050656795085587,1.1456897958375682,1.0726488935519014
1.2207534123792914,1.0923942449826516,1.1350909158464166,1.065136871731441
1.2185054777068793,1.0957831720033138,1.1355322267660137,1.063555337268761
1.2407350289347907,1.1242201954893343,1.160442697033688,1.0849055582977747
1.2469792919137128,1.1279037477543628,1.1642944529512331,1.0841147712977484
1.2072657793677675,1.1183264971310793,1.1445578904539253,1.0801610339844816
1.1781674889089382,1.0848797688935752,1.1195664187294152,1.0860916004170085
1.1613080038429,1.0990245948570756,1.1199306881883513,1.0868823874170348
1.1210949377701154,1.0720610806823212,1.0934475137883286,1.0908361247303016
1.1364558621638416,1.0906261104270194,1.1098000575829297,1.1034880841327555
1.1596845329339582,1.080164836728548,1.1180094421386764,1.1287919634002894
1.174795636854424,1.1078652086983984,1.141809428845468,1.1608173147124965
1.1663034267145638,1.1458793944024477,1.1518996597165905,1.137094851295523
1.1665532596763506,1.1220100493961078,1.1352504592364843,1.1034880841327555
1.1640554920421522,1.1134641786728237,1.1265066384439772,1.0809517814471348
1.16180755736974,1.0895947157928119,1.1152602758144783,1.0837193975664214
1.1615578243161606,1.0863532782048408,1.1137569570882255,1.0841147712977484
1.1709242187845441,1.0745658667541222,1.1104620212661858,1.0762072571338417
1.1862850557585887,1.0745658667541222,1.1188205313820696,1.091626911730328
1.1741711730909534,1.0608630523282165,1.1048562647761866,1.073044267283228
1.1154290131126234,1.0083083039975118,1.0514741781647696,1.029081089566803
1.1231250760025833,1.007571956138986,1.0475302908638826,0.9940166499140042
1.1294556258936566,1.0427728891428816,1.0682654051563873,1.0082000028259757
1.122132026420067,1.0401217717404467,1.064312441654221,1.0078060208006432
1.1304486878891378,1.0572066916424163,1.078656524423328,1.0275051220672702
1.14584073919127,1.0583849955003581,1.0880961710183608,1.0452343526054373
1.1578813272850565,1.0482223346057356,1.0881011304733568,1.0460222378596973
1.1478268507692686,1.0365868601666208,1.0725984306020901,1.0101698735544358
1.143978868976147,1.0547028879969769,1.0767135218868156,0.9959865994388695
1.1319382684693957,1.0505789423216203,1.0676166644574534,0.9806212216544953
1.1028918816081315,1.034377684035172,1.0479357989739306,0.9711656924447167
1.1006575479766383,1.0289281354733075,1.0413395484100172,0.9530425586776222
1.1038849436036133,1.0237731996970039,1.0393422855709793,0.9483147349754292
1.1151806917554126,1.0289281354733075,1.049713870728255,0.969589803741589
1.1078570922818223,1.032610242976689,1.0466505594952376,0.9585582676340751
1.077445366203176,1.0295172874022787,1.0320640305764561,0.9475267315265616
1.0773212117310529,1.029075449230303,1.032398958852829,0.9506785877292221
1.0866309351956056,1.0287808069878823,1.0369891217330853,0.9577702641852077
1.0845207560362362,1.017587170720743,1.030754062599823,0.9554064114314149
1.084024225038496,1.0184709648921346,1.0310408330496041,0.9558003934567476
1.089982398403951,1.0083083039975118,1.0273641696372091,0.9487087170007616
1.0997886404532802,1.0389434678825047,1.048483956376258,0.969195782318054
1.1234974525282007,1.0722297491699326,1.0761181994009839,0.9908647937113437
1.1714115083720653,1.0720824354129368,1.0923505802142075,0.9837730778571555
1.1654532357028933,1.0869581791834575,1.0950316312184232,0.973923527223842
1.1757560211629277,1.0893146690719013,1.102117643668664,0.9861370488055557
1.200954326927354,1.0896092965858921,1.1130260836129802,0.9944106319393367
1.2033128150309698,1.1159730979395222,1.1312289432246618,1.02435326586461
1.1904033318267895,1.107725206588808,1.128645029642879,1.0562657705183434
1.1949960666711457,1.1140584314946238,1.1338992931528817,1.0602056301698712
1.1931341964560227,1.1049267754293783,1.1270892131064478,1.0491740940623575
1.1916446034628005,1.1161204116965173,1.1356924949873113,1.0716311483027177
1.1937547826221704,1.1130274561221074,1.1366709906743249,1.080298713461831
1.1923893565140355,1.1198025191998988,1.1436254846387406,1.1043316564053185
1.2215598978474231,1.1217172887438072,1.1523786739021609,1.0889662786209442
1.2590470013461648,1.1357092530713662,1.1745301176037783,1.1003917967537906
1.2916930734692689,1.1557399178897605,1.1949369996118722,1.0972399405511302
1.2754321146437781,1.1480810753690072,1.1849460098131104,1.09408808434847
1.2669912987025835,1.1519104966293838,1.18349226986533,1.0936941023231372
1.2539576486133157,1.1592747116361466,1.1809253272062668,1.0877844113413515
1.2575574207659073,1.1650187846129914,1.1849713776455644,1.0885722965956117
1.2470592997406247,1.1505183181840404,1.174836283233478,1.093543871483605
1.2380964339628573,1.1732123573187514,1.1824997596571378,1.0982271038545601
1.2325714468238855,1.1743836956255553,1.1811492186575034,1.0990076881148578
1.238833177492839,1.1676486833784654,1.1787320051811165,1.0900314179349424
1.237973729319344,1.1743836956255553,1.1819222907492497,1.0927633262505694
1.2716149618404697,1.1815579341153117,1.1982130846195458,1.0970563640595292
1.2687910115876635,1.1863896131223621,1.2004441243226982,1.1029104142800383
1.2567587985478947,1.1806794816299784,1.1963740883981562,1.1177407346804629
1.2658443566913444,1.1846327227930584,1.2035438359822732,1.1286684069702306
1.247304807250299,1.1847790485728908,1.1971346930581268,1.130229458409041
1.24681377995312,1.1957600706736289,1.2067657449257752,1.1559875291537562
1.2378509264531834,1.1833149415755182,1.194533860702193,1.138034949766664
1.2341675403047132,1.1928318420375206,1.2028762259635524,1.1665248117452205
1.2538121436515755,1.2032271949848565,1.2158528451947448,1.1727691736095096
1.2793499585684278,1.201763087987484,1.219808088739877,1.1481820377961336
1.2579865570972248,1.2016166450767483,1.2125378770941395,1.151304218728278
1.2640026697560247,1.1973706352231002,1.2111318234803732,1.1423279485483624
1.2719832722163051,1.1938567374335896,1.2091162296371705,1.1247656808050501
1.2633888395926842,1.1910748345773143,1.201893514453567,1.1099353604046254
1.2635162769761763,1.217630395939912,1.2142553061445254,1.1173260723515896
1.253193443819788,1.2010679489228928,1.2007252661610044,1.1045809080281872
1.2546507381077034,1.1945301844752458,1.1998699813955829,1.1119190715633716
1.242506214224277,1.1985981393895604,1.195992988320539,1.1057395207086047
1.24639244972245,1.2054265311969692,1.199767879383791,1.1026497839029317
1.2535577673917666,1.2128360760246657,1.2062246527313085,1.1057395207086047
1.253800621435864,1.2099303254516902,1.2043498240738166,1.102263644045643
1.2556223121629018,1.2132719153650724,1.2074745621288077,1.1072844277331517
1.2773610220587583,1.214724747066173,1.2195667000717816,1.1250503757440629
1.266066614847172,1.2132719153650724,1.2132035758811792,1.1169398552508805
1.2592657057615009,1.2128360760246657,1.2113900189382962,1.121188281980391
1.282826021372728,1.213417127345717,1.2229917037770779,1.1350920203625006
1.282583179473155,1.2062982098777826,1.2218825409866694,1.145519920703358
1.30250018649745,1.2044095533647374,1.2266788438729934,1.1374094002101756
1.276267966331154,1.184796143794098,1.2050280709490133,1.1196433749558445
1.2884124902145802,1.1895904491808822,1.2130039469671867,1.1269814998693186
1.314644710380876,1.184360202754455,1.2211103321147558,1.1312299265988293
1.3120943725098806,1.185667822474911,1.2218349343791457,1.1366369273870474
1.3125801656097413,1.185667822474911,1.2232474811377279,1.1428164009983934
1.3091797110669061,1.1933678784346708,1.227070324150643,1.1513131385922852
1.3299468347630405,1.196854680328698,1.2364525004533589,1.1528580456168318
1.321931400421884,1.1994698180703736,1.23452446123084,1.1520856114154139
1.309544034638885,1.1984528257096798,1.2305031148638539,1.1567202552456337
1.3127015379814324,1.195837702496466,1.2288880336753305,1.1486096575090312
1.3057791715124032,1.2054265311969692,1.231868163807405,1.155175348221087
1.304807670324349,1.2398589141953034,1.24808480662911,1.1628997288569802
1.3120943725098806,1.234919295128638,1.2579254924893961,1.209631959421078
1.3236316337655636,1.2259116049199599,1.2581902317640392,1.209631959421078
1.3565432813451246,1.223877634727034,1.2710471439204325,1.2185149141156786
1.3412412419746271,1.2183568626400807,1.2605246689194458,1.2057697497922766
1.3435486407898587,1.2112379451721464,1.2611925440105265,1.2204460382409346
1.3384479650478673,1.207751027050421,1.2549581820150748,1.2061560055146956
1.3572720135007497,1.2232964817067464,1.2705950905898433,1.216197650133134
1.3508354279870578,1.2161775642388117,1.2659205115275474,1.220059821140225
1.3451274896173233,1.2131266016851914,1.264367410544014,1.2293290315572452
1.3718454057272893,1.2211172995331752,1.27324423484427,1.2077008739175323
1.3736671085988508,1.217339870279387,1.2743439195549926,1.2181287742583897
1.3949200253948468,1.2228606423663393,1.2881889935612176,1.236667156470719
1.4024496544916185,1.2312871795547302,1.2988524630227785,1.2579090970097226
1.3962559230220235,1.2341928284284696,1.299799202045922,1.2675645245274514
1.4018423918638756,1.247268459023,1.312557205008679,1.2926686746952571
1.4026925085357154,1.2511912164851315,1.3223796647646247,1.3316765632451715
1.397164806398246,1.2486751366271052,1.3156507462959262,1.312533661260243
1.4140485635833875,1.2548708473883066,1.3261550860606806,1.3208503309633897
1.3958476301152172,1.2470901434657375,1.318870614012672,1.333703482805997
1.3873458678990878,1.246657790079859,1.3253827687609465,1.380957717521466
1.389501247271317,1.2531418517028279,1.331148023891766,1.3915427417045063
1.3993201977448047,1.251556872950358,1.3340981867197577,1.3919207377788423
1.4369195814860258,1.2554472177071936,1.3495450572465146,1.3926768055342904
1.4366801308121013,1.2580408337110425,1.3532355703164303,1.4055299573768971
1.43883552215866,1.263804407219832,1.3545449219143673,1.3960791104338033
1.4409908057362508,1.2829682700447669,1.3628816437584816,1.3926768055342904
1.4536836672186892,1.2939190611523566,1.3739182173133206,1.4009935886476002
1.4850563515428186,1.2931985730381765,1.383715322780043,1.3949450844074078
1.4455411109492722,1.2656775207006035,1.3458134720764818,1.3382400027488452
1.452126944467097,1.2643807775387186,1.347169757910099,1.3359717238757276
1.4754769355635642,1.259337692144109,1.3527463961750368,1.3325694189762136
1.4937976482531812,1.2815273946786916,1.3713689235198714,1.3442885069890376
1.4720043679339765,1.2750433330557227,1.3596666103156807,1.3393740287752411
1.4705674244038307,1.2910372095579221,1.3697163191560153,1.357141696635033
1.480386362902989,1.3151000543910716,1.3840344296445297,1.3590318282202638
1.4846971336217771,1.3087602114256793,1.3799686283150652,1.345044612547873
1.4837392590800986,1.3091924639492734,1.3799645239395024,1.3458005290897694
1.46637642093216,1.291613579876809,1.3673522963809617,1.3518490711333495
1.4624368791774949,1.2860781592209507,1.363509226642642,1.3509553341193512
1.4643243039498872,1.2976464068845588,1.3709344184934307,1.3594660201694788
1.4789522824138168,1.3050728974587154,1.3803217537298915,1.3639062638840629
1.4701047576051083,1.3010740014397588,1.3821292626643964,1.3953581782909275
1.4821373441581531,1.305215744247388,1.381610191712352,1.3642762132724615
1.6791421945086311,1.3032163033788213,1.4544900537593652,1.3768570086370788
1.644931836028489,1.2463746069722832,1.397500205273737,1.2810209498301424
1.6406850241203095,1.2308074632897188,1.3889391128598647,1.279170869867097
1.6114292559396457,1.2463746069722832,1.3854961807526927,1.281391047227898
1.6122549305481932,1.244946439003827,1.385185237706925,1.281391047227898
1.5934982251405305,1.2320927844695015,1.3730207591034518,1.2817609966162966
1.5910208356171938,1.2282367352392178,1.3716665898282063,1.28731142151713
1.6452857252241377,1.250230756175324,1.4010851553570645,1.2895314508685736
1.6324273696889475,1.2413759833781315,1.390702114090651,1.2802808660416494
1.690349023876228,1.250516349779912,1.4170649416610912,1.287681370905528
1.6783165199000822,1.263512851102911,1.4222077146516294,1.3061825405593768
1.6870459715410437,1.265655153041973,1.431789182770436,1.3320842150771042
1.683742907409159,1.2583713950019093,1.4269413590210407,1.3294940513255653
1.6695869031053245,1.252230197043891,1.4171680457339313,1.3198733691008853
1.6981348928946915,1.2580856871427413,1.43335069482682,1.3357843750031955
1.6610932674922643,1.239662236086911,1.4048839324929803,1.3017422968447923
1.6621549232825104,1.2368058001772417,1.4040493274722265,1.3017422968447923
1.663216756023253,1.229664888925851,1.393345157120425,1.263999910750941
1.7089878330666408,1.2496594689933902,1.4224756258160083,1.2832411271909436
1.677490668341038,1.240376255802937,1.4066860606913287,1.2810209498301424
1.6802038620955764,1.255657805880913,1.419619216597527,1.3065526379571322
1.6964833667270984,1.2639412914961716,1.429100028908507,1.30692262434787
1.7200767662169878,1.2617989895571096,1.4368537263934573,1.3076626711340242
1.7577082619967612,1.2910767828151017,1.4700019864561407,1.34096485051563
1.7638425930509316,1.279222841574148,1.461562966390988,1.314693078600147
1.7910929458683544,1.2853640252503442,1.4749548291774737,1.3191334703240887
1.7840148552411894,1.275223945555192,1.4680800739992508,1.3191334703240887
1.8137425857852485,1.274938251977846,1.4769449000070785,1.3109928816717167
1.8066644951580833,1.2790799947854754,1.4827026311262583,1.341704749292427
1.7943960100002392,1.2930762236836686,1.482035544648574,1.3313441682909501
1.7918007124629516,1.280936688838127,1.4741115865119438,1.3228336302501797
1.7961654441817825,1.280650995260781,1.4807685723490471,1.34725517419326
1.7982889327127705,1.2943615305816294,1.4999165890623902,1.4060888936924987
1.8378077706880371,1.3006455753283206,1.5234717553592738,1.4371708587109648
1.8184611949030278,1.292647783290408,1.5062248170511496,1.4049788605156073
1.8586879882200886,1.2942187980475361,1.514857270058851,1.37426684488554
1.8278985900890825,1.296789526098037,1.4944394423365759,1.3254237940017186
1.7894205519855169,1.2915734976897988,1.4763398629611597,1.3183281497301989
1.7568079250115283,1.2727421524119753,1.442450697825098,1.253301733601271
1.773114319452082,1.279255225321981,1.4553497150608317,1.2729186666287036
1.7732299095695732,1.2806710996563335,1.4582931164581707,1.283453703035837
1.8369518559264835,1.2813790863796064,1.4822865228900233,1.2870863890287836
1.8214550780297245,1.2779809823136068,1.4730587444018775,1.2769147374692211
1.8213394879122333,1.2759987525819603,1.4744854584627878,1.2874496285660093
1.7551888538310576,1.240743044147046,1.4305942770456632,1.2634734214884193
1.754379237287263,1.2500879648379506,1.43964943800579,1.2881761802956333
1.7880328345119418,1.2778393651465136,1.4675835924224794,1.3070665615934407
1.8243462765662797,1.284210820889426,1.4864208828273162,1.3212342839935216
1.8445846663221657,1.3060155178441633,1.5115547695752278,1.3608313532580256
1.895701033318871,1.2867594201772528,1.5174303929595812,1.340851217020954
1.9371030194919288,1.2850604247797932,1.5270628721178463,1.320144492726672
1.9573414092478145,1.2992193097121643,1.5389583750016238,1.3139687303696959
2.017594067703184,1.3160683119872616,1.5655742806789206,1.304160427330119
2.0330908455999417,1.3177674206558005,1.570668231880375,1.2987112167027663
2.0238389755885824,1.333059044700532,1.56958277337791,1.2794576321953188
1.9861378044958746,1.3323510438183734,1.5511261487161863,1.2583875593810523
1.946354889503289,1.3261212194014393,1.5345188307932018,1.2598406991678863
1.9360622342779459,1.3285282015221727,1.5312790951824449,1.2572978044417893
1.9804709975402561,1.3431118388436303,1.560701877360849,1.2907191113493164
1.9861378044958746,1.35203189387437,1.567057792547952,1.2932620060754143
1.9372905469069905,1.3465590502935016,1.536541586654787,1.2499773181256613
1.9246048838171712,1.348943305482162,1.5329938736865307,1.2499773181256613
1.9044436620133098,1.3438942350935825,1.5195724251336138,1.2317110675341563
1.930947721025349,1.356657205095856,1.535202068991725,1.2352927716768807
1.9141844938410486,1.3524496043631202,1.526316308506812,1.2302783930402588
1.9714967406485435,1.3704018406084293,1.5598010837062173,1.254633286381032
1.9856549099816878,1.3583401584327384,1.5499692086745904,1.2105796470346912
2.027110063768739,1.3409489580587732,1.5577112296856674,1.2112960021896235
2.0059294990790333,1.3366011754967762,1.5701976751334623,1.3090735561423632
2.0013987829536086,1.3272042103446362,1.5614402661597149,1.2947472768109665
2.038549807957242,1.342772191401285,1.583178533905514,1.3033430014306442
2.0395693207411187,1.3373023651469906,1.5814983819589468,1.3044174446231243
2.0155569522867522,1.3353388517988494,1.5692699048148868,1.291881927823173
2.009214115078574,1.3304300614158993,1.5576495738811194,1.2592893979002706
2.017709016678461,1.3315520910830014,1.5612416005921552,1.2596474859378195
1.9208671044601506,1.2969098441139406,1.50453722943,1.2259805486384032
1.8917579989234907,1.295086498569865,1.4910227189586818,1.2155938824074457
1.936724356052091,1.3072884607511854,1.5151160582673966,1.2284876305088137
1.928229454452204,1.2987330774564523,1.5100212634445787,1.2352927716768807
1.9562060197075684,1.3102337377859947,1.5301411758049304,1.2589313098627222
1.9663998336682187,1.3175268955591692,1.5456609121164453,1.2983288018738568
2.022466150247862,1.3374426591778157,1.577274790555281,1.3126552602850887
2.024165232506659,1.3396866343608465,1.588764113732219,1.357066951853011
2.026203918278347,1.342632009572024,1.5928101263777437,1.3663792107074553
2.029715121619896,1.3509068328554983,1.6016955939206203,1.3850033702566746
2.0624487977915895,1.3502055310037204,1.620505044586824,1.4179541314809931
2.074115117995564,1.3378633869931393,1.6209694440399494,1.4244010055316771
2.0918978579637413,1.3465590502935016,1.6359448513089876,1.446606869223622
2.0447794364434317,1.3567973869251169,1.6228642326621647,1.4444580186546279
2.02122022002001,1.3596024821306656,1.6100645998556034,1.4197448940124384
2.033792685714377,1.36254777319067,1.6150773725565708,1.4165214569870965
1.985768277275172,1.3565169250902267,1.5969579529853906,1.4236846861927122
2.0343590464673094,1.3525898843687496,1.6132035683272241,1.425833680025574
2.0153303762712795,1.3631087810116234,1.6143114170722193,1.4415926696668349
2.0084213482082025,1.387091865357376,1.701402827454114,1.7968869901614843
1.9609631419504334,1.3806402754164135,1.6723250570959638,1.7549823804639724
1.967419176554063,1.3837258464820474,1.6781723308910081,1.7650108153935136
1.9280028784367322,1.3967691661176471,1.6613251213900115,1.7284784932903379
1.9291355999425968,1.403220854234978,1.6616206412620522,1.7159429764903855
1.9951691544674186,1.412337147174296,1.6820279578283253,1.6844248897599639
2.0566723326628793,1.412337147174296,1.71432264315036,1.7302693990856506
2.0941631310774373,1.435338453808185,1.737845763202192,1.7324182854706114
2.0633360725717096,1.4150455849729109,1.7111130671702555,1.6973869327131712
2.0492537153202814,1.424067468958625,1.715717805572579,1.7231841817045852
2.031512318552185,1.4255942608563494,1.7224446087408964,1.7775675677015
2.0828516522615126,1.4215691049292956,1.747638541570695,1.8148689100288264
2.090280892859258,1.4257330866175797,1.7500248570449721,1.8061536349848015
2.0613400655007745,1.4577953972343838,1.7619759127528856,1.845546608461593
2.052802092252132,1.4379472691215711,1.745843231168978,1.824281441937473
2.0669952784149075,1.4607101413888026,1.7609003366263536,1.8267217189498002
2.0462597823329274,1.4682052473565932,1.7555640290134242,1.8221897062047077
2.015766585113528,1.474451212949119,1.7481377313817932,1.8260244620851782
2.0123292034195566,1.463347331179362,1.7384851627354065,1.8092911688617508
2.0561284897966603,1.4855549975602755,1.7675512412841514,1.8277674822328829
2.052802092252132,1.4931889292892957,1.7690477679638907,1.8256757813612163
2.0846258462716554,1.4902741851348769,1.7674925517810463,1.7744300686856513
2.1167822422633185,1.5101222993678896,1.797638154622578,1.8200980053330411
2.105028522966531,1.4827790791670863,1.7783674379335137,1.8037133928335751
2.1199979772230293,1.4872206152192287,1.7894581638156566,1.8207952621976629
2.0849584882437955,1.4793091291263505,1.7682480259746864,1.7970896792168154
2.0701000181367393,1.477643511467396,1.759382817377538,1.78453968315342
1.9949204486236005,1.4369756969899652,1.6790309277652913,1.6241786572044632
1.96354015439913,1.4479407529984922,1.6731631630672872,1.627664732360973
1.900145873067306,1.426435022722308,1.6358625667714906,1.6012425878176235
1.8454082762134887,1.3717570203451637,1.5722417089755285,1.5082540566651754
1.8386613491541828,1.383297144603534,1.5800544357840227,1.5317567291834622
1.8785991048035005,1.4139332260217994,1.6084554260166282,1.538568976098167
1.8986223611223663,1.429732157904712,1.6248559899152646,1.550490655146555
1.9329013145901388,1.4210771334018233,1.6409643209989773,1.5825086618545317
1.951074613883176,1.436189115182961,1.658803344025336,1.6046488645528305
1.9004723181481935,1.424236859330424,1.6227805976684628,1.5484469163548265
1.9203868174786467,1.4279462222742394,1.6355225741091934,1.5661590580764186
1.8690226895955964,1.4320676206449785,1.6145595235029009,1.5474250980515811
1.8886107329629334,1.449103029739459,1.6412284317073862,1.6019238567893628
1.8866518448330432,1.4436077449033482,1.6365273439467014,1.594430340902919
1.8639080314696428,1.4323424391525859,1.6242731453486061,1.5964739775094101
1.8787078617919124,1.4203901833000483,1.623204638109891,1.5903428633194634
1.9078723203671544,1.4235500191340706,1.6326695376776723,1.5808056086412916
1.9184279293487554,1.4099491407376201,1.6296498236023917,1.575696278692845
1.875334403703374,1.4087127596932962,1.6156177776159935,1.583530616404759
1.8822990188551554,1.4102239729834056,1.6159430826814363,1.571608903294626
1.8750079477402581,1.4121473041295045,1.6133434700258948,1.5682027968681462
1.8764225285811345,1.4044539520687536,1.6065608964748428,1.550490655146555
1.998521139622097,1.434403193290666,1.6745715567481898,1.602945777277845
2.002329984777815,1.4464927484915853,1.7073899556331102,1.716712041308604
2.020938671138032,1.4655888018187249,1.7313839931286592,1.7575859996612675
2.0752408809246705,1.4850969867400314,1.7608832670051677,1.766782705007933
2.071214510909899,1.4955380430406375,1.7640573578904228,1.768145208889667
2.076329169035853,1.4995221283248166,1.7739413919230362,1.795735256806174
2.06533800975365,1.4947137798523031,1.7548039301648353,1.7388520736981756
2.054020568623981,1.4988351644848639,1.7603196617328465,1.7725732698663743
2.0435735533973696,1.5144966871139727,1.7672391005120798,1.7906259609194721
1.984918354399421,1.4959501608966266,1.740709394456007,1.799141397294398
2.0004800277519874,1.5117490927795394,1.7690055960350368,1.868967941507047
2.006682810755702,1.5355160853253886,1.786772552433307,1.8938329816600863
2.0028741288334064,1.537714234979095,1.7662509667317798,1.8076568336693244
2.00254767287029,1.5509028718759563,1.7651295949267736,1.7800667516910729
2.0924348232105885,1.55571122034847,1.8123669987056656,1.8369499347990703
2.127802064789545,1.5503533310279853,1.8135603408999694,1.7974383100194131
2.158272336335022,1.5381263665732618,1.821926286407628,1.8083380685793187
2.23325087760018,1.5620307683729149,1.8644831455944841,1.8342249270356028
2.2092010880331214,1.5565355797040488,1.8607188488383162,1.8645400167773225
2.1727457215764048,1.5418357295170777,1.8309852347307685,1.8185565581674845
2.223130318336684,1.564915881866574,1.863174763874579,1.8389937076525436
2.051345544199751,1.5311375465897294,1.7722602380252384,1.768899136235734
1.9989466641474225,1.5045185283759956,1.7385394051611052,1.750964471144874
1.9265914427033815,1.462009605079641,1.6837745606806545,1.7014777722927563
1.9761088770193938,1.4880853641654015,1.7182166843127589,1.7277156688399216
1.9241369568677282,1.4946043514708276,1.7006028355927674,1.7200768207792234
1.8537025960865547,1.412845842347736,1.6191834906929596,1.6227641158637875
1.8853980402959154,1.4529102557513074,1.6572477080149786,1.6669367107143405
1.8936154176042002,1.4742326434645476,1.676966453511842,1.7011456802325349
1.9129314685510033,1.4625528506264753,1.6836269454418729,1.720408879626918
1.9930771074026672,1.4806156971530167,1.7217486623039535,1.730040545749164
2.000440714315711,1.5362984471903471,1.7536062491413924,1.7576068769622706
1.9602077475756094,1.5327673239736481,1.740311146195925,1.7679028268425416
1.9976660832576023,1.5530031798498038,1.7699749048222426,1.8021116635106267
2.0150612735415385,1.5547687957827077,1.7862356727076503,1.8416346706053308
2.0143141684184207,1.534668669806429,1.7538584906826973,1.7406685544771294
2.06276435238886,1.5612876880201627,1.7886936808674727,1.7692313279335379
2.072369125265173,1.5842398531173214,1.7975349077121878,1.752625064296091
2.009084902118575,1.5817952345754287,1.7751564651987126,1.757274818114576
1.9864605949408776,1.578807370486702,1.7767554085511534,1.8031081389664556
1.9085234116774,1.6025580354768902,1.7483123470744066,1.757692776665811
1.8851373675192347,1.6359697938560365,1.7846054756296157,1.886786993726733
1.9044335045309562,1.643752485522223,1.7977955371204044,1.9000857773123183
1.9649431962122172,1.6703209332984796,1.834372450185782,1.9182496950096508
1.9825613868365062,1.6817265493714706,1.8501515070062537,1.938684244325517
1.9629506512630288,1.6955474752191066,1.8489552440816501,1.9393329915828492
1.998291839272705,1.7096368224930316,1.87865576024053,1.9870134336625849
2.0212583208034918,1.7011831711898364,1.887584063543254,2.00452876628129
1.975849737617363,1.7005123054815408,1.8558501904844196,1.9406304536617727
2.0193705931023707,1.7174194068121165,1.8792938844803342,1.9454957499522252
2.0875358869925655,1.7070872885868544,1.8959921610395902,1.9318727711345491
2.100329998794309,1.690314304040709,1.8913923389127723,1.9221419515034572
2.040029931122213,1.6770301271169377,1.8592565555029712,1.8997613550300403
2.0863823099936094,1.6789087013861055,1.8810487788259382,1.918898442266983
2.048104938654002,1.6330177351575268,1.8423405288961485,1.8916524197601496
1.9364186319742747,1.5839064900799646,1.7765435198165667,1.8653794046142211
1.9002386228319221,1.5354660972923098,1.727326671722215,1.7956426586003822
1.9977674593972603,1.5963855905822961,1.796399350431021,1.8365116274891506
1.9074746519265102,1.5271466701206464,1.7159900709326854,1.7518543108357485
1.8762235388547701,1.514667556199927,1.6854270598205312,1.6918482547100377
1.9247780866845197,1.560558522428506,1.7349547586520493,1.7489350941385875
1.8625904486158262,1.54714013479159,1.7063861418761348,1.74439412282319
1.8317587303799712,1.5631079489875817,1.697479849063174,1.7259057504078386
1.8044927072066077,1.603228995113899,1.7266904236610237,1.8199694644100555
1.8097361913520074,1.5973248777168807,1.7250651923710862,1.8154284606589166
1.756776970022566,1.5578747778091842,1.6795496589324042,1.7706671055333776
1.7814212511232295,1.572500874006974,1.7044281624409652,1.8131579912190878
1.8572421472223601,1.60336311189833,1.7523056422011785,1.8485129489958123
1.8389947699615277,1.5989351244884735,1.757072258295832,1.9026805717272008
1.8448674407434704,1.6289922859583899,1.7867747381953998,1.9669033066289963
1.804177951340327,1.596922339506161,1.756320406361478,1.9542534000437073
1.8320733289417268,1.6022897213977025,1.7717359354499402,1.9682007687079197
1.8740212021049238,1.6551580881768262,1.8187839599168614,2.0129621238334585
1.9157592939544317,1.6700525118721905,1.8396883941518472,2.0132864488085134
1.9022311677811108,1.6646851433990366,1.8342796915203083,2.0197735970244257
1.8783209010520252,1.648046369566036,1.7873543565735697,1.8879223744074825
1.8411970962244053,1.6355672556453165,1.775187481563469,1.9130600088726615
1.8151892995065724,1.5817594943845077,1.7303661998263804,1.8556487147260932
1.7850917529468189,1.5742452375629976,1.7007409154911353,1.789479770488042
1.8236837228481826,1.6213438050053477,1.7402838770642461,1.8176989625344857
1.857871344345871,1.6131585751284416,1.7442488285467754,1.7975887057579334
1.8723432452305224,1.6234906933537043,1.7579318478584633,1.8157527856339706
1.8519828492950732,1.632182027053701,1.7466956858886087,1.7829768360268325
1.8721018520815733,1.6283372182145919,1.7540420951491191,1.7902684945390306
1.8824193052809888,1.6494173573638349,1.78179395620483,1.85430858813204
1.9488637245201306,1.6588304643219454,1.8206794527368078,1.9018630895355115
2.015514544410527,1.6833575820309714,1.87438073659275,1.984924920283908
2.02541921694234,1.706956658892108,1.8917882806957556,2.002995599114226
2.0163398065395888,1.7199493633417207,1.9023890563053756,2.0381859618557963
2.0218082011796232,1.7317488951433306,1.9168040320703397,2.069888962791444
2.00530021415584,1.731881606880461,1.9077716408983418,2.0565737658044734
2.0494588932144313,1.692903294662886,1.8892217877595021,1.9808034984592724
2.028514483854525,1.6987368173874102,1.878904189365444,1.9592454261200314
2.043990663653648,1.7072218702397153,1.8875602234117765,1.9582943677949631
2.022427217419229,1.6711603260133605,1.8644163290610376,1.9541729459703279
2.011903373886013,1.6832249763571676,1.8791588843536866,2.009970322726071
2.039141440015016,1.6754028590684706,1.8708749747374962,1.9494175909389833
2.020879506582238,1.6630729841191403,1.8607689624470407,1.9548070376920414
2.0304748205973198,1.6982063814342796,1.888198991809596,1.9953868471866698
2.036355686381361,1.7068241460237144,1.9013247177055381,2.0264557564006043
2.0552366463711973,1.6964828921543884,1.8962626235316211,1.9953868471866698
2.042855733484259,1.6821643165775588,1.884343193384541,1.9880951569714707
2.0426493431504578,1.7142485523543265,1.9026721743623372,2.01060425593278
2.0429588564289873,1.7146462765703272,1.905802721841718,2.022334461387972
2.071326067315449,1.7089401869176493,1.9038815463599985,1.9802944317112532
2.1180561026906584,1.7368288277173591,1.9346636887878583,1.9929785868503809
2.1121768167690953,1.7560760213024067,1.9574850041166194,2.0625874344075226
2.111467331318663,1.774799573738198,1.9735138568513144,2.0981653517001484
2.0640276584430453,1.7402332218667835,1.9120648637752298,1.9731787678158372
2.078725944203608,1.748351014838871,1.9243212734513235,1.9886474006063135
2.0851119417307293,1.7542429695869906,1.9294669618980418,1.9908129782597144
2.119373919812381,1.7840957262359416,1.9677171185073177,2.04835632317755
2.0944376531752873,1.7872381885175173,1.9596380354256324,2.0461907145868836
2.137417173216846,1.8122464822099802,1.987485751180079,2.057018726602952
2.1084263014354434,1.8122464822099802,1.974425686961335,2.045572093024327
2.1142042713912237,1.8304461840033956,1.9874900648803042,2.060731291284462
2.0722383367474206,1.8267800674792436,1.9592120925586665,2.012159784322368
2.0904843639967607,1.8191859156564119,1.966359419840628,2.027318982582503
2.049735082558871,1.8053070356702285,1.9468843450514202,2.0291751257055632
2.0477076279367425,1.767729076157942,1.9204369806741721,1.9858631395158248
1.9386371641804259,1.7438993252976156,1.858575197658229,1.929866657877036
1.9403603769419224,1.7738829496805897,1.8778265247681987,1.9567820479951985
1.8754857823331295,1.7442921118061672,1.8239849627800326,1.8794388840428191
1.909544986569906,1.7691693413648055,1.8564280970527198,1.9218229069514579
1.8806554307542858,1.7859287779513568,1.8559928952884457,1.9341978441211038
1.8890688829035363,1.8386948447095066,1.886412719688039,1.9598757126787625
1.8727488422605685,1.8047831850278522,1.8642600267155198,1.9484289862883417
1.8943399892037847,1.8300533974948436,1.885198728056265,1.9614226997068724
1.9489766029360476,1.8513953782633537,1.927006322456922,2.01803792665728
1.9538421615465467,1.8561089865791374,1.9271694951931724,2.004116033396789
1.951814858974392,1.8651434036088332,1.9294562622085119,2.001640990275782
1.8998137172989336,1.901804739063512,1.9305827848819734,2.0211316222781095
1.9276895458034888,1.9399063528183744,1.9780568986937133,2.111777810430298
1.926371728681767,1.932704987504095,1.9665328834944062,2.07867493625868
1.9295142265807426,1.9241944080234559,1.961715463899923,2.0684656076797
1.9529299022512392,1.9249799679472388,1.9780902043415374,2.1000214948232085
1.9339742273648275,1.9357163856518464,1.9782932941102738,2.1105402888697946
1.8990027638327442,1.9268130327559752,1.959637486672461,2.099402873260652
1.898090504537436,1.9230158520979985,1.9578730890713631,2.0997123077909925
1.8959617339495254,1.9320502822210144,1.949499835758171,2.0542344964497277
1.9158296681312441,1.911624729110311,1.9337430463288225,1.9951441954410478
2.0068568784830956,1.9492024922227968,2.000468351063233,2.074343750014612
1.9683375214122607,1.932181333261519,1.978383281257644,2.067537520649538
1.9200870471204283,1.8842597425531769,1.9957647242604424,2.284407566748415
1.8734584797609746,1.8072709551196682,1.9274165382780968,2.1990208993685827
1.8978877306925614,1.7957487679981565,1.9415953887823003,2.2401675244657793
1.8496967244136933,1.779754265551111,1.9119003918611706,2.209783487848619
1.823040026361314,1.8244808834361974,1.9325855624486286,2.2589298980914396
1.8054684569671917,1.8231881312998663,1.9198512071990048,2.234809066910643
1.783304434247706,1.844775977691101,1.9314085655405853,2.2779253221229134
1.7962833905758335,1.8671391832196778,1.9481164115755443,2.2908903499140156
1.7723223556291696,1.8765756559164426,1.9448608806099261,2.2966189323678994
1.7690276851197981,1.8849781570002175,1.9631730685545878,2.361142559049199
1.7971819016813175,1.8809707106941151,1.9696881019473578,2.3539063247705734
1.7739196521307785,1.8672683860435346,1.9572497293526585,2.3587306116116427
1.7225031960025097,1.8946732163191362,1.9536548796700366,2.373203080168894
1.6955469942483028,1.8748951143341006,1.9282272010637755,2.3409412668282443
1.717112009564132,1.8838146076877436,1.942838877204042,2.3548108012907534
1.724999143382656,1.8746367216131339,1.9413639716605722,2.3523986729458333
1.7600421846971668,1.8835562149667764,1.958989923352157,2.359333545706384
1.7763158115346662,1.8812292973162694,1.9714103996492827,2.389786345704218
1.7756170261385413,1.8932512742856955,1.9819759200578573,2.4139072070362424
1.719508029194966,1.910960851341191,1.9886259885437363,2.4913958313574165
1.7394756082361333,1.9687434178086938,2.044873322649548,2.5963222233879906
1.8035715169907016,1.9607287061709295,2.067506150779936,2.6092872511790928
1.7790114746403818,1.9776628982355902,2.074031873996319,2.643056716344483
1.7821064294241837,2.0010602822050894,2.0980713276685954,2.6976303475231145
1.7431697101966441,1.9666750867803406,2.069322248162825,2.6922031265873048
1.7472629540783995,1.9736554519294878,2.078967696415471,2.7139120404817727
1.7016371058558584,1.9805068081559651,2.079866380610927,2.7708978603077807
1.6396377130302968,1.9215606794492428,2.002244003455648,2.641549064519742
1.5961083807367624,1.923887597099749,1.9808251175500124,2.6135083928668292
1.6210678545382218,1.9445702739727313,2.0003312154605952,2.623458358218269
1.5610653394222511,1.956075258672289,1.9909307059039003,2.6521019338146963
1.5720475677976307,1.9757237700310948,2.021684838087197,2.7283845090390235
1.611982725879965,2.0084284238735015,2.041901063830071,2.700947012690671
1.6526166693584246,2.044752553601559,2.0996075391430993,2.8167276053830457
1.6447295355399005,2.035833254149103,2.099010416642255,2.8396425985255878
1.5863243069417485,2.0026114270623876,2.042081561286841,2.747078360493829
1.5639605684966935,2.016572338335122,2.0494798396992135,2.785973474018364
1.6236637396514686,1.9764993489231162,2.035955119831685,2.7114998819856244
1.6561110555933656,2.010108965455843,2.0712304369610446,2.753410088101047
1.6436313186926361,2.010367552077997,2.062188209716151,2.7344148751281674
1.6289551381135883,2.052508678617169,2.0871961555503153,2.788084029786618
1.6398374287558668,2.053672034028456,2.1051358032612537,2.8426576911164774
1.6513187268018008,2.046691681806055,2.107007114608472,2.8450698496126257
1.6605039429500013,2.073837731558316,2.1325723694978564,2.8912011672645574
1.644929111492417,2.055740365056809,2.1217724166351135,2.8987389741198495
1.5980809678865988,2.0368454346151843,2.0764690992795267,2.8040722354747434
1.5806204141490485,2.0037176333018833,2.041526882066761,2.741967748540783
1.601730856576186,2.027162009515741,2.053042184242753,2.721461696221128
1.5401752438675278,1.9736478395294108,1.956694058329401,2.5096621426589487
1.5253781978685779,1.9758140487168814,1.9500524110382615,2.5005809269078085
1.4909503449895027,1.8940138855277158,1.8739698163531229,2.375493146498797
1.4495186457865357,1.8921027470802707,1.8601252321596715,2.381352198542227
1.364188925076981,1.7558968066729068,1.7566886610070493,2.304014674302323
1.3998004923124847,1.7741171445385229,1.7741241367043543,2.2949331949004312
1.4529712010706806,1.8696778893405568,1.8555776572364167,2.3936558416518303
1.4220948069312094,1.808646325062197,1.8062857339625604,2.3371174028937047
1.4757587801501295,1.8785968539644486,1.8754858771771228,2.4267585702432117
1.461356252991603,1.8731179487391039,1.8741030286902562,2.4499012765423607
1.400984354639374,1.819986187370606,1.8189710527154863,2.3989288566655413
1.4099611207003997,1.7900439353388617,1.7235802936789966,2.0558899647903
1.4678669926899306,1.8213877577024677,1.7745566587444612,2.1279544740164917
1.4466578046424927,1.7922099661462751,1.7542228800757103,2.122681459002781
1.377210404473636,1.697923249935375,1.6529636514501986,1.9662487974407925
1.4264352934869629,1.7939937539744808,1.7327870028571566,2.063213596753788
1.4093692585898363,1.7267190023752816,1.6889913492945712,2.0189788011052654
1.3157533795501197,1.6690003252562857,1.6333117732879776,2.0192718049728615
1.344854207087296,1.6840351265817772,1.6673367437578153,2.089871499922772
1.403549126622372,1.7486342792579808,1.7473692727071308,2.223747726571552
1.477125305755918,1.757533922335948,1.7711282501123706,2.196340220591145
1.4413812758215852,1.7222799614780189,1.7427305435969613,2.188613767554807
1.41257125783412,1.7052826475920855,1.7122629367371942,2.1351002743276286
1.4399164167596905,1.6865224612822427,1.6960662899970438,2.062985768300388
1.4893329529109258,1.785233395559926,1.7926004259090027,2.2209507064028533
1.4550539285302526,1.7862406756866107,1.7688340969191347,2.17344668618732
1.4146222109189859,1.7239168137175827,1.7106732030747434,2.097326084214531
1.394797001705371,1.6430846295377872,1.653703395074389,2.0260702828257164
1.4354239440099414,1.6639852200157277,1.6923400535426985,2.089313405837654
1.4692147699317082,1.6286054152430696,1.6858197808863464,2.071857151315692
1.525662920610346,1.6681401592558203,1.7456747245765152,2.1677234098994034
1.504958799866042,1.66889557528343,1.740164863293212,2.17344668618732
1.46032757350451,1.5235990368317,1.618790643530691,1.983431091810968
1.4256578262859352,1.5193181529513835,1.6115831844257265,2.009472475390885
1.4591556882082177,1.5560829332738437,1.6517695479391512,2.0641304693448683
1.468140496982068,1.536441499612349,1.655010455839424,2.0947504567850306
1.5236119772915984,1.591588770821534,1.7178914647528831,2.179742413156313
1.5280068474608142,1.6058162091519848,1.7140018566163173,2.1365312007126485
1.5561331590786565,1.7707541812652088,1.8329291047208787,2.3093765369730908
1.526248868141551,1.7591707745755114,1.8412589647921522,2.4009504742707164
1.5709777068497341,1.7974463869531905,1.8869326710348313,2.45932876808187
1.5991041649593425,1.8149474290372734,1.9304370282547985,2.5640661807463996
1.5463670413546506,1.7531272952663957,1.8592405880454161,2.4530330411128753
1.5218541444641018,1.7886329439537838,1.8603728861901958,2.436435233678044
1.4948019593041337,1.7117038349150058,1.78640119127945,2.3025085596406942
1.478883138583415,1.7283236296474371,1.8063511872547418,2.3769122388224107
1.4827896735680777,1.7222799614780189,1.8047592626772369,2.374623037051125
1.4795668351869193,1.7638292657441383,1.827800223207366,2.4052430244912886
1.4793714737679688,1.7770495246733993,1.8343966198506347,2.410966300779205
1.4551515408769047,1.7254276331821141,1.7978298319679369,2.38063253867958
1.406125590837923,1.6472395813685667,1.7254389749397292,2.2850522765019217
1.3752647662573587,1.665999767678409,1.7166555344397667,2.2641621477810037
1.3393253749040746,1.6513945331993463,1.7124640629653676,2.3196786174389277
1.319500175456578,1.6082084648284707,1.6972000350448702,2.353732679395722
1.289127539568801,1.547521366964199,1.6544666144376463,2.3216817655705397
1.2880532568530427,1.5276280566129425,1.6282123214291495,2.250998443479614
1.347724245912838,1.6473654126926098,1.7449520351278198,2.441586288219368
1.3521189695902875,1.7022608198027196,1.7845420747212657,2.5059741122757857
1.3583692751675336,1.695713612295454,1.7843784165975578,2.5068325593629166
1.3386418247923362,1.7245463858304622,1.7988847885394892,2.5463239012015735
1.3350282635732769,1.7066676357325743,1.790944109302951,2.5477546272689175
1.2754550333518992,1.641825485312028,1.7112629482051849,2.417548253088737
1.3648149519298483,1.7370112413228012,1.799170421604945,2.492237928676507
1.3975315049019756,1.7906474916164652,1.8728302619821597,2.6530644906145255
1.4335683523440268,1.8347148954738006,1.9182437288815457,2.71344598979091
1.4836685850987665,1.8381144312769706,1.9444035645629576,2.741776575142113
1.4814224170867165,1.851334501345929,1.9465536853099157,2.7329054210612944
1.4778090023594226,1.8577558775291518,1.9489086866383818,2.7371979998986773
1.4577884317268568,1.8388698473045801,1.9202718492404904,2.681681301306267
1.4735118910286245,1.878404591317331,1.9535550416271739,2.729471317927853
1.5121856293206295,1.8702205315705014,1.956165824067769,2.6991375844450394
1.5232213911793444,1.8863367869650856,1.9561547110687025,2.65907399224298
1.533475844087904,1.9202055834129101,1.9566465689112347,2.594686168186563
1.4859147531108174,1.8753827635279658,1.9279325377496426,2.616721226886447
1.4847428678145254,1.885455350753131,1.9476330606394665,2.6799643785151943
1.5221471182297044,1.8491941097685183,1.944080165245686,2.670520773753298
1.5548636712018309,1.8853295068384015,1.9883475844609837,2.7432075015271318
1.552031409166809,1.8549859138388611,1.967080206496465,2.7105843373385468
1.532108597372661,1.82791582386746,1.9384711500810246,2.667659121300935
1.6291838270815167,1.8780268958942132,2.0053538215650963,2.718883241055962
1.6454932241483713,1.9134066880761849,2.0497743123291308,2.8158942293009654
1.6215790743419047,1.93718107292869,2.0384162628223783,2.7591923277942265
1.6093184807926404,1.9601732890252166,2.0661167036884396,2.848396277114824
1.6588434478090388,1.975957133191913,2.0938982264260537,2.864843187061085
1.6558507332356325,1.9652688944278156,2.0941942617848737,2.88630801899457
1.6118286122006877,1.92549855453947,2.054633995130327,2.8531351856127394
1.615690146381796,1.9471236579007765,2.0787565584894416,2.908608887850613
1.616558965989497,1.9873910506043908,2.0964884355382165,2.9150205392238906
1.6287230776600186,2.0231840855694765,2.12591031494736,2.9582288263125265
1.6353841985393824,1.9934807367811587,2.1103581510687,2.9339763962256327
1.625537244865441,1.9819226120916942,2.0992174766337492,2.921710785942573
1.6040087626863389,1.9767027994121087,2.0902731786685935,2.924219760874316
1.642914293490133,1.9960907425464278,2.1043927027706886,2.8966223189331224
1.6480310381849688,1.9703643009794598,2.097616560602964,2.9024763057191647
1.6572022904723787,1.983911171341939,2.0983788619403128,2.87236988884623
1.7079821687291152,2.004790434488465,2.140235465494767,2.9339763962256327
1.769091883098543,2.0054118810034898,2.1726757234046334,2.9757907866706543
1.771891469796799,2.0257940913347463,2.1753911789526343,2.951538356583761
1.781931696155595,2.0272854113469534,2.1827277693601927,2.964082813098569
1.766967997786819,2.0338723367617586,2.1883255075216383,2.9961405403160124
1.7530261121071238,2.018019221836943,2.183804384825884,3.0123759579691654
1.7851540709500135,1.9440591296737044,2.1221553670151163,2.8429553138841035
1.7637036214993458,1.9252931452930002,2.1053524080435935,2.835353130209818
1.7557907699682551,1.9230852828588394,2.0951567915959095,2.8101029299695126
1.6904861541091316,1.908489667139326,2.0716199078493465,2.829379937410821
1.6686542870666317,1.9018662760825638,2.0616780067621745,2.8304659946794364
1.719944742754116,1.9336335023893039,2.1291502683605366,2.973279009479876
1.72204212956727,1.9413607388056455,2.1429926258930467,3.0121045861934643
1.7227094006152484,1.96012672318635,2.1338852026603017,2.9480288092395703
1.7194680374990574,1.9706749304514561,2.1502770054178253,2.999615266988797
1.7252834926834606,1.980977793774791,2.1548480579624103,2.993913445965501
1.7334823406736937,1.9863745755109088,2.1665286638506625,3.01970676986775
1.7364377073307415,2.0106599338737947,2.1855053456838953,3.052287591951369
1.728238868874042,2.005508508344806,2.183520994768632,3.0634195092624728
1.7303362556871964,2.047701361935947,2.219558331630895,3.135911965328296
1.6803804946321979,1.980855201528727,2.1359781868273946,2.9819672504227768
1.7043097484878516,1.9732507413388092,2.141599455016593,2.9827817458604207
1.6977315915892472,1.9550978776380674,2.1441475382219046,3.028666572641622
1.6877213532450033,1.9026021607235923,2.087980657215347,2.9048590034515196
1.6943947978068337,1.9033380576299783,2.1009803874408512,2.9447706374337237
