PID,Date,AID,Adj Close,qty_chg
S03,2014-03-03,BRK-B,116.059998,0.0
S03,2014-03-04,BRK-B,118.57,0.0
S03,2014-03-05,BRK-B,118.980003,0.0
S03,2014-03-06,BRK-B,121.199997,0.0
S03,2014-03-07,BRK-B,122.669998,0.0
S03,2014-03-10,BRK-B,124.099998,0.0
S03,2014-03-11,BRK-B,124.690002,0.0
S03,2014-03-12,BRK-B,125.169998,0.0
S03,2014-03-13,BRK-B,123.610001,0.0
S03,2014-03-14,BRK-B,122.510002,0.0
S03,2014-03-17,BRK-B,123.360001,0.0
S03,2014-03-18,BRK-B,123.279999,0.0
S03,2014-03-19,BRK-B,122.620003,0.0
S03,2014-03-20,BRK-B,124.440002,0.0
S03,2014-03-21,BRK-B,125.199997,0.0
S03,2014-03-24,BRK-B,124.32,0.0
S03,2014-03-25,BRK-B,124.470001,0.0
S03,2014-03-26,BRK-B,123.010002,0.0
S03,2014-03-27,BRK-B,123.470001,0.0
S03,2014-03-28,BRK-B,123.529999,0.0
S03,2014-03-31,BRK-B,124.970001,0.0
S03,2014-04-01,BRK-B,124.879997,8.007687572253865
S03,2014-04-02,BRK-B,124.470001,0.0
S03,2014-04-03,BRK-B,124.309998,0.0
S03,2014-04-04,BRK-B,123.900002,0.0
S03,2014-04-07,BRK-B,123.120003,0.0
S03,2014-04-08,BRK-B,123.129997,0.0
S03,2014-04-09,BRK-B,124.010002,0.0
S03,2014-04-10,BRK-B,122.269997,0.0
S03,2014-04-11,BRK-B,121.699997,0.0
S03,2014-04-14,BRK-B,122.290001,0.0
S03,2014-04-15,BRK-B,123.769997,0.0
S03,2014-04-16,BRK-B,126.0,0.0
S03,2014-04-17,BRK-B,127.18,0.0
S03,2014-04-21,BRK-B,126.5,0.0
S03,2014-04-22,BRK-B,127.150002,0.0
S03,2014-04-23,BRK-B,127.199997,0.0
S03,2014-04-24,BRK-B,126.949997,0.0
S03,2014-04-25,BRK-B,127.260002,0.0
S03,2014-04-28,BRK-B,127.699997,0.0
S03,2014-04-29,BRK-B,128.490005,0.0
S03,2014-04-30,BRK-B,128.850006,0.0
S03,2014-05-01,BRK-B,129.059998,0.0
S03,2014-05-02,BRK-B,128.089996,0.0
S03,2014-05-05,BRK-B,126.610001,0.0
S03,2014-05-06,BRK-B,124.669998,0.0
S03,2014-05-07,BRK-B,127.449997,0.0
S03,2014-05-08,BRK-B,126.669998,0.0
S03,2014-05-09,BRK-B,127.339996,0.0
S03,2014-05-12,BRK-B,127.290001,0.0
S03,2014-05-13,BRK-B,127.889999,0.0
S03,2014-05-14,BRK-B,127.529999,0.0
S03,2014-05-15,BRK-B,126.360001,0.0
S03,2014-05-16,BRK-B,126.860001,0.0
S03,2014-05-19,BRK-B,127.129997,0.0
S03,2014-05-20,BRK-B,126.059998,0.0
S03,2014-05-21,BRK-B,126.660004,0.0
S03,2014-05-22,BRK-B,126.980003,0.0
S03,2014-05-23,BRK-B,126.800003,0.0
S03,2014-05-27,BRK-B,127.519997,0.0
S03,2014-05-28,BRK-B,127.459999,0.0
S03,2014-05-29,BRK-B,128.110001,0.0
S03,2014-05-30,BRK-B,128.339996,0.0
S03,2014-06-02,BRK-B,127.879997,0.0
S03,2014-06-03,BRK-B,126.93,0.0
S03,2014-06-04,BRK-B,127.230003,0.0
S03,2014-06-05,BRK-B,128.199997,0.0
S03,2014-06-06,BRK-B,128.649994,0.0
S03,2014-06-09,BRK-B,127.989998,0.0
S03,2014-06-10,BRK-B,128.25,0.0
S03,2014-06-11,BRK-B,128.220001,0.0
S03,2014-06-12,BRK-B,127.279999,0.0
S03,2014-06-13,BRK-B,126.540001,0.0
S03,2014-06-16,BRK-B,126.150002,0.0
S03,2014-06-17,BRK-B,126.029999,0.0
S03,2014-06-18,BRK-B,127.169998,0.0
S03,2014-06-19,BRK-B,127.25,0.0
S03,2014-06-20,BRK-B,126.739998,0.0
S03,2014-06-23,BRK-B,126.669998,0.0
S03,2014-06-24,BRK-B,126.779999,0.0
S03,2014-06-25,BRK-B,127.129997,0.0
S03,2014-06-26,BRK-B,127.099998,0.0
S03,2014-06-27,BRK-B,127.32,0.0
S03,2014-06-30,BRK-B,126.559998,0.0
S03,2014-07-01,BRK-B,127.239998,0.0
S03,2014-07-02,BRK-B,127.730003,0.0
S03,2014-07-03,BRK-B,129.300003,0.0
S03,2014-07-07,BRK-B,128.699997,0.0
S03,2014-07-08,BRK-B,128.220001,0.0
S03,2014-07-09,BRK-B,128.75,0.0
S03,2014-07-10,BRK-B,128.449997,0.0
S03,2014-07-11,BRK-B,128.630005,0.0
S03,2014-07-14,BRK-B,128.979996,0.0
S03,2014-07-15,BRK-B,128.490005,0.0
S03,2014-07-16,BRK-B,128.110001,0.0
S03,2014-07-17,BRK-B,126.519997,0.0
S03,2014-07-18,BRK-B,128.279999,0.0
S03,2014-07-21,BRK-B,128.580002,0.0
S03,2014-07-22,BRK-B,128.419998,0.0
S03,2014-07-23,BRK-B,128.130005,0.0
S03,2014-07-24,BRK-B,128.350006,0.0
S03,2014-07-25,BRK-B,127.550003,0.0
S03,2014-07-28,BRK-B,128.369995,0.0
S03,2014-07-29,BRK-B,127.360001,0.0
S03,2014-07-30,BRK-B,127.739998,0.0
S03,2014-07-31,BRK-B,125.43,0.0
S03,2014-08-01,BRK-B,125.830002,0.0
S03,2014-08-04,BRK-B,129.720001,0.0
S03,2014-08-05,BRK-B,127.989998,0.0
S03,2014-08-06,BRK-B,129.110001,0.0
S03,2014-08-07,BRK-B,128.949997,0.0
S03,2014-08-08,BRK-B,130.899994,0.0
S03,2014-08-11,BRK-B,131.949997,0.0
S03,2014-08-12,BRK-B,133.059998,0.0
S03,2014-08-13,BRK-B,133.080002,0.0
S03,2014-08-14,BRK-B,135.300003,0.0
S03,2014-08-15,BRK-B,134.339996,0.0
S03,2014-08-18,BRK-B,135.029999,0.0
S03,2014-08-19,BRK-B,134.899994,0.0
S03,2014-08-20,BRK-B,134.910004,0.0
S03,2014-08-21,BRK-B,136.809998,0.0
S03,2014-08-22,BRK-B,135.75,0.0
S03,2014-08-25,BRK-B,136.229996,0.0
S03,2014-08-26,BRK-B,136.25,0.0
S03,2014-08-27,BRK-B,136.520004,0.0
S03,2014-08-28,BRK-B,136.110001,0.0
S03,2014-08-29,BRK-B,137.25,0.0
S03,2014-09-02,BRK-B,137.96000700000002,0.0
S03,2014-09-03,BRK-B,137.729996,0.0
S03,2014-09-04,BRK-B,137.949997,0.0
S03,2014-09-05,BRK-B,138.070007,0.0
S03,2014-09-08,BRK-B,138.279999,0.0
S03,2014-09-09,BRK-B,136.889999,0.0
S03,2014-09-10,BRK-B,137.720001,0.0
S03,2014-09-11,BRK-B,137.919998,0.0
S03,2014-09-12,BRK-B,137.089996,0.0
S03,2014-09-15,BRK-B,138.03999299999998,0.0
S03,2014-09-16,BRK-B,138.690002,0.0
S03,2014-09-17,BRK-B,139.610001,0.0
S03,2014-09-18,BRK-B,141.279999,0.0
S03,2014-09-19,BRK-B,140.559998,0.0
S03,2014-09-22,BRK-B,139.259995,0.0
S03,2014-09-23,BRK-B,138.779999,0.0
S03,2014-09-24,BRK-B,139.949997,0.0
S03,2014-09-25,BRK-B,137.089996,0.0
S03,2014-09-26,BRK-B,138.679993,0.0
S03,2014-09-29,BRK-B,138.330002,0.0
S03,2014-09-30,BRK-B,138.139999,0.0
S03,2014-10-01,BRK-B,136.619995,0.0
S03,2014-10-02,BRK-B,137.639999,0.0
S03,2014-10-03,BRK-B,139.5,0.0
S03,2014-10-06,BRK-B,139.160004,0.0
S03,2014-10-07,BRK-B,136.720001,0.0
S03,2014-10-08,BRK-B,139.940002,0.0
S03,2014-10-09,BRK-B,137.089996,0.0
S03,2014-10-10,BRK-B,136.759995,0.0
S03,2014-10-13,BRK-B,136.380005,0.0
S03,2014-10-14,BRK-B,137.389999,0.0
S03,2014-10-15,BRK-B,135.639999,0.0
S03,2014-10-16,BRK-B,134.699997,0.0
S03,2014-10-17,BRK-B,137.089996,0.0
S03,2014-10-20,BRK-B,137.229996,0.0
S03,2014-10-21,BRK-B,138.970001,0.0
S03,2014-10-22,BRK-B,137.649994,0.0
S03,2014-10-23,BRK-B,138.679993,0.0
S03,2014-10-24,BRK-B,139.399994,0.0
S03,2014-10-27,BRK-B,139.529999,0.0
S03,2014-10-28,BRK-B,140.46000700000002,0.0
S03,2014-10-29,BRK-B,139.990005,0.0
S03,2014-10-30,BRK-B,139.53999299999998,0.0
S03,2014-10-31,BRK-B,140.160004,0.0
S03,2014-11-03,BRK-B,140.809998,0.0
S03,2014-11-04,BRK-B,142.179993,0.0
S03,2014-11-05,BRK-B,142.919998,0.0
S03,2014-11-06,BRK-B,143.28999299999995,0.0
S03,2014-11-07,BRK-B,143.610001,0.0
S03,2014-11-10,BRK-B,145.050003,0.0
S03,2014-11-11,BRK-B,144.949997,0.0
S03,2014-11-12,BRK-B,145.520004,0.0
S03,2014-11-13,BRK-B,146.28999299999995,0.0
S03,2014-11-14,BRK-B,145.520004,0.0
S03,2014-11-17,BRK-B,145.369995,0.0
S03,2014-11-18,BRK-B,145.809998,0.0
S03,2014-11-19,BRK-B,145.649994,0.0
S03,2014-11-20,BRK-B,145.720001,0.0
S03,2014-11-21,BRK-B,146.699997,0.0
S03,2014-11-24,BRK-B,147.270004,0.0
S03,2014-11-25,BRK-B,147.809998,0.0
S03,2014-11-26,BRK-B,148.190002,0.0
S03,2014-11-28,BRK-B,148.690002,0.0
S03,2014-12-01,BRK-B,148.520004,0.0
S03,2014-12-02,BRK-B,149.869995,0.0
S03,2014-12-03,BRK-B,149.729996,0.0
S03,2014-12-04,BRK-B,150.050003,0.0
S03,2014-12-05,BRK-B,150.679993,0.0
S03,2014-12-08,BRK-B,151.940002,0.0
S03,2014-12-09,BRK-B,150.46000700000005,0.0
S03,2014-12-10,BRK-B,149.080002,0.0
S03,2014-12-11,BRK-B,150.130005,0.0
S03,2014-12-12,BRK-B,146.46000700000005,0.0
S03,2014-12-15,BRK-B,146.119995,0.0
S03,2014-12-16,BRK-B,145.279999,0.0
S03,2014-12-17,BRK-B,148.449997,0.0
S03,2014-12-18,BRK-B,152.669998,0.0
S03,2014-12-19,BRK-B,151.559998,0.0
S03,2014-12-22,BRK-B,151.899994,0.0
S03,2014-12-23,BRK-B,151.75,0.0
S03,2014-12-24,BRK-B,151.53999299999995,0.0
S03,2014-12-26,BRK-B,151.350006,0.0
S03,2014-12-29,BRK-B,152.050003,0.0
S03,2014-12-30,BRK-B,152.089996,0.0
S03,2014-12-31,BRK-B,150.149994,0.0
S03,2015-01-02,BRK-B,149.169998,0.0
S03,2015-01-05,BRK-B,147.0,0.0
S03,2015-01-06,BRK-B,146.839996,0.0
S03,2015-01-07,BRK-B,148.880005,0.0
S03,2015-01-08,BRK-B,151.369995,0.0
S03,2015-01-09,BRK-B,149.470001,0.0
S03,2015-01-12,BRK-B,148.279999,0.0
S03,2015-01-13,BRK-B,148.630005,0.0
S03,2015-01-14,BRK-B,147.820007,0.0
S03,2015-01-15,BRK-B,147.580002,0.0
S03,2015-01-16,BRK-B,149.21000700000005,0.0
S03,2015-01-20,BRK-B,148.630005,0.0
S03,2015-01-21,BRK-B,147.179993,0.0
S03,2015-01-22,BRK-B,150.149994,0.0
S03,2015-01-23,BRK-B,149.119995,0.0
S03,2015-01-26,BRK-B,149.699997,0.0
S03,2015-01-27,BRK-B,147.649994,0.0
S03,2015-01-28,BRK-B,144.779999,0.0
S03,2015-01-29,BRK-B,146.28999299999995,0.0
S03,2015-01-30,BRK-B,143.910004,0.0
S03,2015-02-02,BRK-B,146.729996,0.0
S03,2015-02-03,BRK-B,148.28999299999995,0.0
S03,2015-02-04,BRK-B,147.529999,0.0
S03,2015-02-05,BRK-B,149.669998,0.0
S03,2015-02-06,BRK-B,150.179993,0.0
S03,2015-02-09,BRK-B,149.130005,0.0
S03,2015-02-10,BRK-B,149.919998,0.0
S03,2015-02-11,BRK-B,149.679993,0.0
S03,2015-02-12,BRK-B,149.78999299999995,0.0
S03,2015-02-13,BRK-B,148.339996,0.0
S03,2015-02-17,BRK-B,149.169998,0.0
S03,2015-02-18,BRK-B,148.669998,0.0
S03,2015-02-19,BRK-B,147.479996,0.0
S03,2015-02-20,BRK-B,148.720001,0.0
S03,2015-02-23,BRK-B,147.369995,0.0
S03,2015-02-24,BRK-B,148.949997,0.0
S03,2015-02-25,BRK-B,148.779999,0.0
S03,2015-02-26,BRK-B,148.339996,0.0
S03,2015-02-27,BRK-B,147.410004,0.0
S03,2015-03-02,BRK-B,147.080002,0.0
S03,2015-03-03,BRK-B,145.929993,0.0
S03,2015-03-04,BRK-B,144.919998,0.0
S03,2015-03-05,BRK-B,146.059998,0.0
S03,2015-03-06,BRK-B,145.279999,0.0
S03,2015-03-09,BRK-B,146.130005,0.0
S03,2015-03-10,BRK-B,143.190002,0.0
S03,2015-03-11,BRK-B,143.440002,0.0
S03,2015-03-12,BRK-B,145.669998,0.0
S03,2015-03-13,BRK-B,143.970001,0.0
S03,2015-03-16,BRK-B,145.979996,0.0
S03,2015-03-17,BRK-B,144.75,0.0
S03,2015-03-18,BRK-B,146.0,0.0
S03,2015-03-19,BRK-B,144.880005,0.0
S03,2015-03-20,BRK-B,145.529999,0.0
S03,2015-03-23,BRK-B,145.559998,0.0
S03,2015-03-24,BRK-B,144.28999299999995,0.0
S03,2015-03-25,BRK-B,143.559998,0.0
S03,2015-03-26,BRK-B,143.029999,0.0
S03,2015-03-27,BRK-B,143.889999,0.0
S03,2015-03-30,BRK-B,145.979996,0.0
S03,2015-03-31,BRK-B,144.320007,0.0
S03,2015-04-01,BRK-B,143.449997,0.0
S03,2015-04-02,BRK-B,143.559998,0.0
S03,2015-04-06,BRK-B,143.759995,0.0
S03,2015-04-07,BRK-B,143.059998,0.0
S03,2015-04-08,BRK-B,143.279999,0.0
S03,2015-04-09,BRK-B,143.649994,0.0
S03,2015-04-10,BRK-B,143.5,0.0
S03,2015-04-13,BRK-B,143.46000700000005,0.0
S03,2015-04-14,BRK-B,142.75,0.0
S03,2015-04-15,BRK-B,142.71000700000005,0.0
S03,2015-04-16,BRK-B,142.100006,0.0
S03,2015-04-17,BRK-B,140.699997,0.0
S03,2015-04-20,BRK-B,142.089996,0.0
S03,2015-04-21,BRK-B,141.139999,0.0
S03,2015-04-22,BRK-B,141.990005,0.0
S03,2015-04-23,BRK-B,142.429993,0.0
S03,2015-04-24,BRK-B,142.089996,0.0
S03,2015-04-27,BRK-B,141.089996,0.0
S03,2015-04-28,BRK-B,142.520004,0.0
S03,2015-04-29,BRK-B,142.410004,0.0
S03,2015-04-30,BRK-B,141.21000700000005,0.0
S03,2015-05-01,BRK-B,143.360001,0.0
S03,2015-05-04,BRK-B,146.149994,0.0
S03,2015-05-05,BRK-B,144.559998,0.0
S03,2015-05-06,BRK-B,143.779999,0.0
S03,2015-05-07,BRK-B,145.309998,0.0
S03,2015-05-08,BRK-B,148.309998,0.0
S03,2015-05-11,BRK-B,146.169998,0.0
S03,2015-05-12,BRK-B,144.78999299999995,0.0
S03,2015-05-13,BRK-B,144.259995,0.0
S03,2015-05-14,BRK-B,145.779999,0.0
S03,2015-05-15,BRK-B,145.259995,0.0
S03,2015-05-18,BRK-B,145.830002,0.0
S03,2015-05-19,BRK-B,146.53999299999995,0.0
S03,2015-05-20,BRK-B,145.940002,0.0
S03,2015-05-21,BRK-B,145.270004,0.0
S03,2015-05-22,BRK-B,144.600006,0.0
S03,2015-05-26,BRK-B,143.630005,0.0
S03,2015-05-27,BRK-B,144.75,0.0
S03,2015-05-28,BRK-B,144.740005,0.0
S03,2015-05-29,BRK-B,143.0,0.0
S03,2015-06-01,BRK-B,143.350006,0.0
S03,2015-06-02,BRK-B,143.029999,0.0
S03,2015-06-03,BRK-B,143.190002,0.0
S03,2015-06-04,BRK-B,141.369995,0.0
S03,2015-06-05,BRK-B,140.759995,0.0
S03,2015-06-08,BRK-B,139.520004,0.0
S03,2015-06-09,BRK-B,139.630005,0.0
S03,2015-06-10,BRK-B,140.860001,0.0
S03,2015-06-11,BRK-B,141.360001,0.0
S03,2015-06-12,BRK-B,140.28999299999998,0.0
S03,2015-06-15,BRK-B,139.399994,0.0
S03,2015-06-16,BRK-B,139.71000700000002,0.0
S03,2015-06-17,BRK-B,139.970001,0.0
S03,2015-06-18,BRK-B,142.669998,0.0
S03,2015-06-19,BRK-B,140.96000700000005,0.0
S03,2015-06-22,BRK-B,141.529999,0.0
S03,2015-06-23,BRK-B,141.330002,0.0
S03,2015-06-24,BRK-B,140.089996,0.0
S03,2015-06-25,BRK-B,139.449997,0.0
S03,2015-06-26,BRK-B,139.779999,0.0
S03,2015-06-29,BRK-B,136.509995,0.0
S03,2015-06-30,BRK-B,136.110001,0.0
S03,2015-07-01,BRK-B,137.520004,0.0
S03,2015-07-02,BRK-B,137.389999,0.0
S03,2015-07-06,BRK-B,136.889999,0.0
S03,2015-07-07,BRK-B,138.440002,0.0
S03,2015-07-08,BRK-B,136.899994,0.0
S03,2015-07-09,BRK-B,138.25,0.0
S03,2015-07-10,BRK-B,139.729996,0.0
S03,2015-07-13,BRK-B,141.389999,0.0
S03,2015-07-14,BRK-B,141.119995,0.0
S03,2015-07-15,BRK-B,142.610001,0.0
S03,2015-07-16,BRK-B,143.919998,0.0
S03,2015-07-17,BRK-B,143.880005,0.0
S03,2015-07-20,BRK-B,144.509995,0.0
S03,2015-07-21,BRK-B,143.600006,0.0
S03,2015-07-22,BRK-B,143.520004,0.0
S03,2015-07-23,BRK-B,142.179993,0.0
S03,2015-07-24,BRK-B,141.25,0.0
S03,2015-07-27,BRK-B,140.720001,0.0
S03,2015-07-28,BRK-B,143.220001,0.0
S03,2015-07-29,BRK-B,142.919998,0.0
S03,2015-07-30,BRK-B,142.850006,0.0
S03,2015-07-31,BRK-B,142.740005,0.0
S03,2015-08-03,BRK-B,142.330002,0.0
S03,2015-08-04,BRK-B,142.679993,0.0
S03,2015-08-05,BRK-B,143.5,0.0
S03,2015-08-06,BRK-B,143.350006,0.0
S03,2015-08-07,BRK-B,143.550003,0.0
S03,2015-08-10,BRK-B,143.419998,0.0
S03,2015-08-11,BRK-B,142.800003,0.0
S03,2015-08-12,BRK-B,141.600006,0.0
S03,2015-08-13,BRK-B,141.949997,0.0
S03,2015-08-14,BRK-B,142.570007,0.0
S03,2015-08-17,BRK-B,142.320007,0.0
S03,2015-08-18,BRK-B,141.360001,0.0
S03,2015-08-19,BRK-B,140.470001,0.0
S03,2015-08-20,BRK-B,138.389999,0.0
S03,2015-08-21,BRK-B,134.220001,0.0
S03,2015-08-24,BRK-B,129.570007,0.0
S03,2015-08-25,BRK-B,127.739998,0.0
S03,2015-08-26,BRK-B,132.610001,0.0
S03,2015-08-27,BRK-B,136.229996,0.0
S03,2015-08-28,BRK-B,135.740005,0.0
S03,2015-08-31,BRK-B,134.03999299999998,0.0
S03,2015-09-01,BRK-B,130.410004,0.0
S03,2015-09-02,BRK-B,132.220001,0.0
S03,2015-09-03,BRK-B,132.149994,0.0
S03,2015-09-04,BRK-B,129.639999,0.0
S03,2015-09-08,BRK-B,132.899994,0.0
S03,2015-09-09,BRK-B,130.589996,0.0
S03,2015-09-10,BRK-B,130.660004,0.0
S03,2015-09-11,BRK-B,131.369995,0.0
S03,2015-09-14,BRK-B,130.899994,0.0
S03,2015-09-15,BRK-B,132.259995,0.0
S03,2015-09-16,BRK-B,132.580002,0.0
S03,2015-09-17,BRK-B,131.470001,0.0
S03,2015-09-18,BRK-B,129.100006,0.0
S03,2015-09-21,BRK-B,130.979996,0.0
S03,2015-09-22,BRK-B,129.300003,0.0
S03,2015-09-23,BRK-B,129.160004,0.0
S03,2015-09-24,BRK-B,128.830002,0.0
S03,2015-09-25,BRK-B,129.639999,0.0
S03,2015-09-28,BRK-B,128.619995,0.0
S03,2015-09-29,BRK-B,128.809998,0.0
S03,2015-09-30,BRK-B,130.399994,0.0
S03,2015-10-01,BRK-B,129.880005,0.0
S03,2015-10-02,BRK-B,129.830002,0.0
S03,2015-10-05,BRK-B,132.380005,0.0
S03,2015-10-06,BRK-B,131.190002,0.0
S03,2015-10-07,BRK-B,132.679993,0.0
S03,2015-10-08,BRK-B,133.75,0.0
S03,2015-10-09,BRK-B,133.029999,0.0
S03,2015-10-12,BRK-B,133.399994,0.0
S03,2015-10-13,BRK-B,132.190002,0.0
S03,2015-10-14,BRK-B,131.179993,0.0
S03,2015-10-15,BRK-B,133.800003,0.0
S03,2015-10-16,BRK-B,133.809998,0.0
S03,2015-10-19,BRK-B,133.619995,0.0
S03,2015-10-20,BRK-B,134.160004,0.0
S03,2015-10-21,BRK-B,133.220001,0.0
S03,2015-10-22,BRK-B,137.28999299999998,0.0
S03,2015-10-23,BRK-B,137.779999,0.0
S03,2015-10-26,BRK-B,137.0,0.0
S03,2015-10-27,BRK-B,135.630005,0.0
S03,2015-10-28,BRK-B,138.160004,0.0
S03,2015-10-29,BRK-B,137.889999,0.0
S03,2015-10-30,BRK-B,136.020004,0.0
S03,2015-11-02,BRK-B,138.399994,0.0
S03,2015-11-03,BRK-B,137.940002,0.0
S03,2015-11-04,BRK-B,137.429993,0.0
S03,2015-11-05,BRK-B,136.570007,0.0
S03,2015-11-06,BRK-B,136.330002,0.0
S03,2015-11-09,BRK-B,134.0,0.0
S03,2015-11-10,BRK-B,134.729996,0.0
S03,2015-11-11,BRK-B,134.96000700000002,0.0
S03,2015-11-12,BRK-B,132.779999,0.0
S03,2015-11-13,BRK-B,131.96000700000002,0.0
S03,2015-11-16,BRK-B,133.300003,0.0
S03,2015-11-17,BRK-B,133.089996,0.0
S03,2015-11-18,BRK-B,136.220001,0.0
S03,2015-11-19,BRK-B,136.630005,0.0
S03,2015-11-20,BRK-B,136.630005,0.0
S03,2015-11-23,BRK-B,135.990005,0.0
S03,2015-11-24,BRK-B,135.53999299999998,0.0
S03,2015-11-25,BRK-B,135.130005,0.0
S03,2015-11-27,BRK-B,134.630005,0.0
S03,2015-11-30,BRK-B,134.089996,0.0
S03,2015-12-01,BRK-B,136.429993,0.0
S03,2015-12-02,BRK-B,135.270004,0.0
S03,2015-12-03,BRK-B,132.660004,0.0
S03,2015-12-04,BRK-B,136.479996,0.0
S03,2015-12-07,BRK-B,135.600006,0.0
S03,2015-12-08,BRK-B,133.360001,0.0
S03,2015-12-09,BRK-B,131.71000700000002,0.0
S03,2015-12-10,BRK-B,131.71000700000002,0.0
S03,2015-12-11,BRK-B,130.309998,0.0
S03,2015-12-14,BRK-B,132.020004,0.0
S03,2015-12-15,BRK-B,134.880005,0.0
S03,2015-12-16,BRK-B,135.880005,0.0
S03,2015-12-17,BRK-B,133.970001,0.0
S03,2015-12-18,BRK-B,129.529999,0.0
S03,2015-12-21,BRK-B,131.190002,0.0
S03,2015-12-22,BRK-B,133.139999,0.0
S03,2015-12-23,BRK-B,134.149994,0.0
S03,2015-12-24,BRK-B,133.889999,0.0
S03,2015-12-28,BRK-B,133.119995,0.0
S03,2015-12-29,BRK-B,134.139999,0.0
S03,2015-12-30,BRK-B,133.259995,0.0
S03,2015-12-31,BRK-B,132.03999299999998,0.0
S03,2016-01-04,BRK-B,130.75,0.0
S03,2016-01-05,BRK-B,131.25,0.0
S03,2016-01-06,BRK-B,131.330002,0.0
S03,2016-01-07,BRK-B,129.479996,0.0
S03,2016-01-08,BRK-B,128.330002,0.0
S03,2016-01-11,BRK-B,128.360001,0.0
S03,2016-01-12,BRK-B,128.800003,0.0
S03,2016-01-13,BRK-B,126.25,0.0
S03,2016-01-14,BRK-B,128.070007,0.0
S03,2016-01-15,BRK-B,126.139999,0.0
S03,2016-01-19,BRK-B,127.760002,0.0
S03,2016-01-20,BRK-B,124.830002,0.0
S03,2016-01-21,BRK-B,125.620003,0.0
S03,2016-01-22,BRK-B,127.040001,0.0
S03,2016-01-25,BRK-B,124.129997,0.0
S03,2016-01-26,BRK-B,125.889999,0.0
S03,2016-01-27,BRK-B,125.190002,0.0
S03,2016-01-28,BRK-B,126.010002,0.0
S03,2016-01-29,BRK-B,129.770004,0.0
S03,2016-02-01,BRK-B,128.660004,0.0
S03,2016-02-02,BRK-B,125.699997,0.0
S03,2016-02-03,BRK-B,126.239998,0.0
S03,2016-02-04,BRK-B,127.440002,0.0
S03,2016-02-05,BRK-B,126.559998,0.0
S03,2016-02-08,BRK-B,126.779999,0.0
S03,2016-02-09,BRK-B,127.720001,0.0
S03,2016-02-10,BRK-B,126.580002,0.0
S03,2016-02-11,BRK-B,125.089996,0.0
S03,2016-02-12,BRK-B,128.070007,0.0
S03,2016-02-16,BRK-B,128.559998,0.0
S03,2016-02-17,BRK-B,130.259995,0.0
S03,2016-02-18,BRK-B,130.860001,0.0
S03,2016-02-19,BRK-B,131.050003,0.0
S03,2016-02-22,BRK-B,131.990005,0.0
S03,2016-02-23,BRK-B,130.740005,0.0
S03,2016-02-24,BRK-B,131.029999,0.0
S03,2016-02-25,BRK-B,132.309998,0.0
S03,2016-02-26,BRK-B,131.919998,0.0
S03,2016-02-29,BRK-B,134.169998,0.0
S03,2016-03-01,BRK-B,136.940002,0.0
S03,2016-03-02,BRK-B,136.729996,0.0
S03,2016-03-03,BRK-B,136.839996,0.0
S03,2016-03-04,BRK-B,137.970001,0.0
S03,2016-03-07,BRK-B,138.720001,0.0
S03,2016-03-08,BRK-B,137.800003,0.0
S03,2016-03-09,BRK-B,139.130005,0.0
S03,2016-03-10,BRK-B,138.619995,0.0
S03,2016-03-11,BRK-B,140.649994,0.0
S03,2016-03-14,BRK-B,139.720001,0.0
S03,2016-03-15,BRK-B,140.399994,0.0
S03,2016-03-16,BRK-B,139.830002,0.0
S03,2016-03-17,BRK-B,142.399994,0.0
S03,2016-03-18,BRK-B,142.160004,0.0
S03,2016-03-21,BRK-B,142.130005,0.0
S03,2016-03-22,BRK-B,142.179993,0.0
S03,2016-03-23,BRK-B,140.96000700000005,0.0
S03,2016-03-24,BRK-B,140.110001,0.0
S03,2016-03-28,BRK-B,141.28999299999995,0.0
S03,2016-03-29,BRK-B,141.899994,0.0
S03,2016-03-30,BRK-B,142.46000700000005,0.0
S03,2016-03-31,BRK-B,141.880005,0.0
S03,2016-04-01,BRK-B,143.78999299999995,0.0
S03,2016-04-04,BRK-B,143.220001,0.0
S03,2016-04-05,BRK-B,141.199997,0.0
S03,2016-04-06,BRK-B,141.699997,0.0
S03,2016-04-07,BRK-B,140.809998,0.0
S03,2016-04-08,BRK-B,141.059998,0.0
S03,2016-04-11,BRK-B,140.990005,0.0
S03,2016-04-12,BRK-B,142.399994,0.0
S03,2016-04-13,BRK-B,144.03999299999995,0.0
S03,2016-04-14,BRK-B,143.720001,0.0
S03,2016-04-15,BRK-B,143.449997,0.0
S03,2016-04-18,BRK-B,144.380005,0.0
S03,2016-04-19,BRK-B,145.949997,0.0
S03,2016-04-20,BRK-B,146.089996,0.0
S03,2016-04-21,BRK-B,144.860001,0.0
S03,2016-04-22,BRK-B,146.110001,0.0
S03,2016-04-25,BRK-B,146.179993,0.0
S03,2016-04-26,BRK-B,147.020004,0.0
S03,2016-04-27,BRK-B,147.600006,0.0
S03,2016-04-28,BRK-B,146.070007,0.0
S03,2016-04-29,BRK-B,145.479996,0.0
S03,2016-05-02,BRK-B,146.889999,0.0
S03,2016-05-03,BRK-B,144.830002,0.0
S03,2016-05-04,BRK-B,144.240005,0.0
S03,2016-05-05,BRK-B,143.880005,0.0
S03,2016-05-06,BRK-B,144.619995,0.0
S03,2016-05-09,BRK-B,142.910004,0.0
S03,2016-05-10,BRK-B,144.779999,0.0
S03,2016-05-11,BRK-B,142.869995,0.0
S03,2016-05-12,BRK-B,143.309998,0.0
S03,2016-05-13,BRK-B,141.399994,0.0
S03,2016-05-16,BRK-B,141.850006,0.0
S03,2016-05-17,BRK-B,140.339996,0.0
S03,2016-05-18,BRK-B,141.470001,0.0
S03,2016-05-19,BRK-B,140.78999299999995,0.0
S03,2016-05-20,BRK-B,141.830002,0.0
S03,2016-05-23,BRK-B,141.479996,0.0
S03,2016-05-24,BRK-B,143.71000700000005,0.0
S03,2016-05-25,BRK-B,144.080002,0.0
S03,2016-05-26,BRK-B,143.050003,0.0
S03,2016-05-27,BRK-B,143.350006,0.0
S03,2016-05-31,BRK-B,140.53999299999998,0.0
S03,2016-06-01,BRK-B,141.990005,0.0
S03,2016-06-02,BRK-B,142.110001,0.0
S03,2016-06-03,BRK-B,141.139999,0.0
S03,2016-06-06,BRK-B,141.820007,0.0
S03,2016-06-07,BRK-B,141.410004,0.0
S03,2016-06-08,BRK-B,142.529999,0.0
S03,2016-06-09,BRK-B,142.229996,0.0
S03,2016-06-10,BRK-B,141.759995,0.0
S03,2016-06-13,BRK-B,140.940002,0.0
S03,2016-06-14,BRK-B,141.300003,0.0
S03,2016-06-15,BRK-B,140.449997,0.0
S03,2016-06-16,BRK-B,141.990005,0.0
S03,2016-06-17,BRK-B,140.729996,0.0
S03,2016-06-20,BRK-B,141.669998,0.0
S03,2016-06-21,BRK-B,143.529999,0.0
S03,2016-06-22,BRK-B,143.940002,0.0
S03,2016-06-23,BRK-B,145.979996,0.0
S03,2016-06-24,BRK-B,139.71000700000002,0.0
S03,2016-06-27,BRK-B,138.5,0.0
S03,2016-06-28,BRK-B,140.279999,0.0
S03,2016-06-29,BRK-B,142.119995,0.0
S03,2016-06-30,BRK-B,144.78999299999995,0.0
S03,2016-07-01,BRK-B,143.96000700000005,0.0
S03,2016-07-05,BRK-B,142.229996,0.0
S03,2016-07-06,BRK-B,142.509995,0.0
S03,2016-07-07,BRK-B,141.910004,0.0
S03,2016-07-08,BRK-B,143.649994,0.0
S03,2016-07-11,BRK-B,143.929993,0.0
S03,2016-07-12,BRK-B,144.669998,0.0
S03,2016-07-13,BRK-B,145.929993,0.0
S03,2016-07-14,BRK-B,145.729996,0.0
S03,2016-07-15,BRK-B,145.970001,0.0
S03,2016-07-18,BRK-B,146.570007,0.0
S03,2016-07-19,BRK-B,146.919998,0.0
S03,2016-07-20,BRK-B,146.169998,0.0
S03,2016-07-21,BRK-B,144.350006,0.0
S03,2016-07-22,BRK-B,144.600006,0.0
S03,2016-07-25,BRK-B,144.139999,0.0
S03,2016-07-26,BRK-B,144.339996,0.0
S03,2016-07-27,BRK-B,144.190002,0.0
S03,2016-07-28,BRK-B,144.419998,0.0
S03,2016-07-29,BRK-B,144.270004,0.0
S03,2016-08-01,BRK-B,143.929993,0.0
S03,2016-08-02,BRK-B,143.309998,0.0
S03,2016-08-03,BRK-B,143.630005,0.0
S03,2016-08-04,BRK-B,143.119995,0.0
S03,2016-08-05,BRK-B,145.649994,0.0
S03,2016-08-08,BRK-B,145.559998,0.0
S03,2016-08-09,BRK-B,147.220001,0.0
S03,2016-08-10,BRK-B,146.690002,0.0
S03,2016-08-11,BRK-B,147.740005,0.0
S03,2016-08-12,BRK-B,147.720001,0.0
S03,2016-08-15,BRK-B,147.779999,0.0
S03,2016-08-16,BRK-B,147.240005,0.0
S03,2016-08-17,BRK-B,149.080002,0.0
S03,2016-08-18,BRK-B,148.809998,0.0
S03,2016-08-19,BRK-B,148.75,0.0
S03,2016-08-22,BRK-B,148.449997,0.0
S03,2016-08-23,BRK-B,148.770004,0.0
S03,2016-08-24,BRK-B,148.410004,0.0
S03,2016-08-25,BRK-B,148.639999,0.0
S03,2016-08-26,BRK-B,147.910004,0.0
S03,2016-08-29,BRK-B,149.300003,0.0
S03,2016-08-30,BRK-B,150.229996,0.0
S03,2016-08-31,BRK-B,150.490005,0.0
S03,2016-09-01,BRK-B,150.350006,0.0
S03,2016-09-02,BRK-B,150.720001,0.0
S03,2016-09-06,BRK-B,150.429993,0.0
S03,2016-09-07,BRK-B,149.580002,0.0
S03,2016-09-08,BRK-B,149.779999,0.0
S03,2016-09-09,BRK-B,146.619995,0.0
S03,2016-09-12,BRK-B,148.970001,0.0
S03,2016-09-13,BRK-B,146.229996,0.0
S03,2016-09-14,BRK-B,145.779999,0.0
S03,2016-09-15,BRK-B,146.660004,0.0
S03,2016-09-16,BRK-B,145.009995,0.0
S03,2016-09-19,BRK-B,145.240005,0.0
S03,2016-09-20,BRK-B,144.919998,0.0
S03,2016-09-21,BRK-B,146.46000700000005,0.0
S03,2016-09-22,BRK-B,146.529999,0.0
S03,2016-09-23,BRK-B,145.0,0.0
S03,2016-09-26,BRK-B,144.179993,0.0
S03,2016-09-27,BRK-B,145.339996,0.0
S03,2016-09-28,BRK-B,145.279999,0.0
S03,2016-09-29,BRK-B,143.589996,0.0
S03,2016-09-30,BRK-B,144.470001,0.0
S03,2016-10-03,BRK-B,143.759995,0.0
S03,2016-10-04,BRK-B,143.169998,0.0
S03,2016-10-05,BRK-B,144.149994,0.0
S03,2016-10-06,BRK-B,143.869995,0.0
S03,2016-10-07,BRK-B,144.520004,0.0
S03,2016-10-10,BRK-B,145.199997,0.0
S03,2016-10-11,BRK-B,143.949997,0.0
S03,2016-10-12,BRK-B,144.910004,0.0
S03,2016-10-13,BRK-B,143.220001,0.0
S03,2016-10-14,BRK-B,144.179993,0.0
S03,2016-10-17,BRK-B,143.800003,0.0
S03,2016-10-18,BRK-B,144.300003,0.0
S03,2016-10-19,BRK-B,144.860001,0.0
S03,2016-10-20,BRK-B,144.490005,0.0
S03,2016-10-21,BRK-B,143.600006,0.0
S03,2016-10-24,BRK-B,143.830002,0.0
S03,2016-10-25,BRK-B,143.419998,0.0
S03,2016-10-26,BRK-B,143.940002,0.0
S03,2016-10-27,BRK-B,144.449997,0.0
S03,2016-10-28,BRK-B,144.0,0.0
S03,2016-10-31,BRK-B,144.300003,0.0
S03,2016-11-01,BRK-B,143.630005,0.0
S03,2016-11-02,BRK-B,143.190002,0.0
S03,2016-11-03,BRK-B,143.639999,0.0
S03,2016-11-04,BRK-B,142.949997,0.0
S03,2016-11-07,BRK-B,146.910004,0.0
S03,2016-11-08,BRK-B,147.78999299999995,0.0
S03,2016-11-09,BRK-B,151.279999,0.0
S03,2016-11-10,BRK-B,156.059998,0.0
S03,2016-11-11,BRK-B,156.919998,0.0
S03,2016-11-14,BRK-B,157.929993,0.0
S03,2016-11-15,BRK-B,157.46000700000005,0.0
S03,2016-11-16,BRK-B,157.080002,0.0
S03,2016-11-17,BRK-B,158.389999,0.0
S03,2016-11-18,BRK-B,157.75,0.0
S03,2016-11-21,BRK-B,158.71000700000005,0.0
S03,2016-11-22,BRK-B,158.660004,0.0
S03,2016-11-23,BRK-B,158.110001,0.0
S03,2016-11-25,BRK-B,158.179993,0.0
S03,2016-11-28,BRK-B,156.970001,0.0
S03,2016-11-29,BRK-B,157.679993,0.0
S03,2016-11-30,BRK-B,157.440002,0.0
S03,2016-12-01,BRK-B,160.119995,0.0
S03,2016-12-02,BRK-B,159.389999,0.0
S03,2016-12-05,BRK-B,160.21000700000005,0.0
S03,2016-12-06,BRK-B,161.339996,0.0
S03,2016-12-07,BRK-B,164.690002,0.0
S03,2016-12-08,BRK-B,164.110001,0.0
S03,2016-12-09,BRK-B,164.860001,0.0
S03,2016-12-12,BRK-B,166.119995,0.0
S03,2016-12-13,BRK-B,166.619995,0.0
S03,2016-12-14,BRK-B,165.059998,0.0
S03,2016-12-15,BRK-B,165.729996,0.0
S03,2016-12-16,BRK-B,164.759995,0.0
S03,2016-12-19,BRK-B,165.350006,0.0
S03,2016-12-20,BRK-B,166.360001,0.0
S03,2016-12-21,BRK-B,165.949997,0.0
S03,2016-12-22,BRK-B,166.029999,0.0
S03,2016-12-23,BRK-B,165.320007,0.0
S03,2016-12-27,BRK-B,164.949997,0.0
S03,2016-12-28,BRK-B,163.75,0.0
S03,2016-12-29,BRK-B,163.050003,0.0
S03,2016-12-30,BRK-B,162.979996,0.0
S03,2017-01-03,BRK-B,163.830002,0.0
S03,2017-01-04,BRK-B,164.080002,0.0
S03,2017-01-05,BRK-B,163.300003,0.0
S03,2017-01-06,BRK-B,163.410004,0.0
S03,2017-01-09,BRK-B,162.020004,0.0
S03,2017-01-10,BRK-B,161.470001,0.0
S03,2017-01-11,BRK-B,162.229996,0.0
S03,2017-01-12,BRK-B,161.410004,0.0
S03,2017-01-13,BRK-B,161.899994,0.0
S03,2017-01-17,BRK-B,159.639999,0.0
S03,2017-01-18,BRK-B,160.490005,0.0
S03,2017-01-19,BRK-B,159.410004,0.0
S03,2017-01-20,BRK-B,160.21000700000005,0.0
S03,2017-01-23,BRK-B,158.809998,0.0
S03,2017-01-24,BRK-B,160.720001,0.0
S03,2017-01-25,BRK-B,164.25,0.0
S03,2017-01-26,BRK-B,164.919998,0.0
S03,2017-01-27,BRK-B,164.399994,0.0
S03,2017-01-30,BRK-B,164.800003,0.0
S03,2017-01-31,BRK-B,164.139999,0.0
S03,2017-02-01,BRK-B,163.610001,0.0
S03,2017-02-02,BRK-B,163.0,0.0
S03,2017-02-03,BRK-B,163.940002,0.0
S03,2017-02-06,BRK-B,163.419998,0.0
S03,2017-02-07,BRK-B,162.929993,0.0
S03,2017-02-08,BRK-B,162.869995,0.0
S03,2017-02-09,BRK-B,164.03999299999995,0.0
S03,2017-02-10,BRK-B,164.009995,0.0
S03,2017-02-13,BRK-B,165.850006,0.0
S03,2017-02-14,BRK-B,166.949997,0.0
S03,2017-02-15,BRK-B,167.279999,0.0
S03,2017-02-16,BRK-B,167.740005,0.0
S03,2017-02-17,BRK-B,168.570007,0.0
S03,2017-02-21,BRK-B,168.919998,0.0
S03,2017-02-22,BRK-B,169.610001,0.0
S03,2017-02-23,BRK-B,170.149994,0.0
S03,2017-02-24,BRK-B,170.220001,0.0
S03,2017-02-27,BRK-B,170.630005,0.0
S03,2017-02-28,BRK-B,171.419998,0.0
S03,2017-03-01,BRK-B,177.279999,0.0
S03,2017-03-02,BRK-B,175.889999,0.0
S03,2017-03-03,BRK-B,175.679993,0.0
S03,2017-03-06,BRK-B,175.399994,0.0
S03,2017-03-07,BRK-B,175.300003,0.0
S03,2017-03-08,BRK-B,174.970001,0.0
S03,2017-03-09,BRK-B,175.369995,0.0
S03,2017-03-10,BRK-B,174.979996,0.0
S03,2017-03-13,BRK-B,175.389999,0.0
S03,2017-03-14,BRK-B,174.729996,0.0
S03,2017-03-15,BRK-B,174.669998,0.0
S03,2017-03-16,BRK-B,174.080002,0.0
S03,2017-03-17,BRK-B,172.820007,0.0
S03,2017-03-20,BRK-B,172.070007,0.0
S03,2017-03-21,BRK-B,169.470001,0.0
S03,2017-03-22,BRK-B,169.300003,0.0
S03,2017-03-23,BRK-B,169.889999,0.0
S03,2017-03-24,BRK-B,168.660004,0.0
S03,2017-03-27,BRK-B,167.440002,0.0
S03,2017-03-28,BRK-B,168.309998,0.0
S03,2017-03-29,BRK-B,166.589996,0.0
S03,2017-03-30,BRK-B,167.360001,0.0
S03,2017-03-31,BRK-B,166.679993,0.0
S03,2017-04-03,BRK-B,166.869995,0.0
S03,2017-04-04,BRK-B,166.860001,0.0
S03,2017-04-05,BRK-B,165.830002,0.0
S03,2017-04-06,BRK-B,166.470001,0.0
S03,2017-04-07,BRK-B,166.169998,0.0
S03,2017-04-10,BRK-B,166.350006,0.0
S03,2017-04-11,BRK-B,165.699997,0.0
S03,2017-04-12,BRK-B,165.110001,0.0
S03,2017-04-13,BRK-B,162.899994,0.0
S03,2017-04-17,BRK-B,164.350006,0.0
S03,2017-04-18,BRK-B,163.690002,0.0
S03,2017-04-19,BRK-B,162.759995,0.0
S03,2017-04-20,BRK-B,164.979996,0.0
S03,2017-04-21,BRK-B,163.410004,0.0
S03,2017-04-24,BRK-B,165.779999,0.0
S03,2017-04-25,BRK-B,167.529999,0.0
S03,2017-04-26,BRK-B,167.630005,0.0
S03,2017-04-27,BRK-B,166.550003,0.0
S03,2017-04-28,BRK-B,165.21000700000005,0.0
S03,2017-05-01,BRK-B,165.440002,0.0
S03,2017-05-02,BRK-B,166.050003,0.0
S03,2017-05-03,BRK-B,166.729996,0.0
S03,2017-05-04,BRK-B,166.339996,0.0
S03,2017-05-05,BRK-B,166.550003,0.0
S03,2017-05-08,BRK-B,165.020004,0.0
S03,2017-05-09,BRK-B,163.46000700000005,0.0
S03,2017-05-10,BRK-B,163.720001,0.0
S03,2017-05-11,BRK-B,163.270004,0.0
S03,2017-05-12,BRK-B,163.320007,0.0
S03,2017-05-15,BRK-B,163.800003,0.0
S03,2017-05-16,BRK-B,163.610001,0.0
S03,2017-05-17,BRK-B,161.259995,0.0
S03,2017-05-18,BRK-B,161.619995,0.0
S03,2017-05-19,BRK-B,163.240005,0.0
S03,2017-05-22,BRK-B,165.130005,0.0
S03,2017-05-23,BRK-B,165.479996,0.0
S03,2017-05-24,BRK-B,164.929993,0.0
S03,2017-05-25,BRK-B,165.300003,0.0
S03,2017-05-26,BRK-B,165.690002,0.0
S03,2017-05-30,BRK-B,165.110001,0.0
S03,2017-05-31,BRK-B,165.279999,0.0
S03,2017-06-01,BRK-B,166.660004,0.0
S03,2017-06-02,BRK-B,166.28999299999995,0.0
S03,2017-06-05,BRK-B,166.520004,0.0
S03,2017-06-06,BRK-B,166.130005,0.0
S03,2017-06-07,BRK-B,166.5,0.0
S03,2017-06-08,BRK-B,166.940002,0.0
S03,2017-06-09,BRK-B,170.0,0.0
S03,2017-06-12,BRK-B,170.5,0.0
S03,2017-06-13,BRK-B,171.470001,0.0
S03,2017-06-14,BRK-B,171.449997,0.0
S03,2017-06-15,BRK-B,170.550003,0.0
S03,2017-06-16,BRK-B,170.479996,0.0
S03,2017-06-19,BRK-B,171.550003,0.0
S03,2017-06-20,BRK-B,170.550003,0.0
S03,2017-06-21,BRK-B,169.619995,0.0
S03,2017-06-22,BRK-B,168.320007,0.0
S03,2017-06-23,BRK-B,167.220001,0.0
S03,2017-06-26,BRK-B,167.490005,0.0
S03,2017-06-27,BRK-B,167.350006,0.0
S03,2017-06-28,BRK-B,169.889999,0.0
S03,2017-06-29,BRK-B,169.300003,0.0
S03,2017-06-30,BRK-B,169.369995,0.0
S03,2017-07-03,BRK-B,171.800003,0.0
S03,2017-07-05,BRK-B,171.850006,0.0
S03,2017-07-06,BRK-B,170.199997,0.0
S03,2017-07-07,BRK-B,171.139999,0.0
S03,2017-07-10,BRK-B,170.25,0.0
S03,2017-07-11,BRK-B,169.240005,0.0
S03,2017-07-12,BRK-B,169.919998,0.0
S03,2017-07-13,BRK-B,169.690002,0.0
S03,2017-07-14,BRK-B,169.470001,0.0
S03,2017-07-17,BRK-B,170.160004,0.0
S03,2017-07-18,BRK-B,170.309998,0.0
S03,2017-07-19,BRK-B,171.199997,0.0
S03,2017-07-20,BRK-B,171.330002,0.0
S03,2017-07-21,BRK-B,171.339996,0.0
S03,2017-07-24,BRK-B,171.369995,0.0
S03,2017-07-25,BRK-B,172.940002,0.0
S03,2017-07-26,BRK-B,173.020004,0.0
S03,2017-07-27,BRK-B,173.050003,0.0
S03,2017-07-28,BRK-B,174.0,0.0
S03,2017-07-31,BRK-B,174.970001,0.0
S03,2017-08-01,BRK-B,176.28999299999995,0.0
S03,2017-08-02,BRK-B,177.850006,0.0
S03,2017-08-03,BRK-B,178.990005,0.0
S03,2017-08-04,BRK-B,179.919998,0.0
S03,2017-08-07,BRK-B,178.03999299999995,0.0
S03,2017-08-08,BRK-B,176.429993,0.0
S03,2017-08-09,BRK-B,178.059998,0.0
S03,2017-08-10,BRK-B,176.360001,0.0
S03,2017-08-11,BRK-B,175.339996,0.0
S03,2017-08-14,BRK-B,177.28999299999995,0.0
S03,2017-08-15,BRK-B,177.470001,0.0
S03,2017-08-16,BRK-B,178.53999299999995,0.0
S03,2017-08-17,BRK-B,177.160004,0.0
S03,2017-08-18,BRK-B,177.559998,0.0
S03,2017-08-21,BRK-B,178.339996,0.0
S03,2017-08-22,BRK-B,180.449997,0.0
S03,2017-08-23,BRK-B,179.979996,0.0
S03,2017-08-24,BRK-B,178.429993,0.0
S03,2017-08-25,BRK-B,179.600006,0.0
S03,2017-08-28,BRK-B,178.699997,0.0
S03,2017-08-29,BRK-B,178.619995,0.0
S03,2017-08-30,BRK-B,180.350006,0.0
S03,2017-08-31,BRK-B,181.160004,0.0
S03,2017-09-01,BRK-B,180.729996,0.0
S03,2017-09-05,BRK-B,176.979996,0.0
S03,2017-09-06,BRK-B,176.78999299999995,0.0
S03,2017-09-07,BRK-B,173.990005,0.0
S03,2017-09-08,BRK-B,175.5,0.0
S03,2017-09-11,BRK-B,177.869995,0.0
S03,2017-09-12,BRK-B,178.630005,0.0
S03,2017-09-13,BRK-B,178.919998,0.0
S03,2017-09-14,BRK-B,178.570007,0.0
S03,2017-09-15,BRK-B,179.889999,0.0
S03,2017-09-18,BRK-B,181.470001,0.0
S03,2017-09-19,BRK-B,183.009995,0.0
S03,2017-09-20,BRK-B,183.820007,0.0
S03,2017-09-21,BRK-B,183.160004,0.0
S03,2017-09-22,BRK-B,181.860001,0.0
S03,2017-09-25,BRK-B,182.520004,0.0
S03,2017-09-26,BRK-B,181.860001,0.0
S03,2017-09-27,BRK-B,183.270004,0.0
S03,2017-09-28,BRK-B,183.210007,0.0
S03,2017-09-29,BRK-B,183.320007,0.0
S03,2017-10-02,BRK-B,185.410004,0.0
S03,2017-10-03,BRK-B,185.669998,0.0
S03,2017-10-04,BRK-B,185.830002,0.0
S03,2017-10-05,BRK-B,187.119995,0.0
S03,2017-10-06,BRK-B,187.429993,0.0
S03,2017-10-09,BRK-B,187.5,0.0
S03,2017-10-10,BRK-B,188.0,0.0
S03,2017-10-11,BRK-B,187.460007,0.0
S03,2017-10-12,BRK-B,186.300003,0.0
S03,2017-10-13,BRK-B,187.369995,0.0
S03,2017-10-16,BRK-B,187.960007,0.0
S03,2017-10-17,BRK-B,187.389999,0.0
S03,2017-10-18,BRK-B,187.850006,0.0
S03,2017-10-19,BRK-B,187.210007,0.0
S03,2017-10-20,BRK-B,189.039993,0.0
S03,2017-10-23,BRK-B,189.389999,0.0
S03,2017-10-24,BRK-B,189.779999,0.0
S03,2017-10-25,BRK-B,188.710007,0.0
S03,2017-10-26,BRK-B,188.610001,0.0
S03,2017-10-27,BRK-B,188.589996,0.0
S03,2017-10-30,BRK-B,187.850006,0.0
S03,2017-10-31,BRK-B,186.940002,0.0
S03,2017-11-01,BRK-B,187.169998,0.0
S03,2017-11-02,BRK-B,188.610001,0.0
S03,2017-11-03,BRK-B,187.270004,0.0
S03,2017-11-06,BRK-B,186.679993,0.0
S03,2017-11-07,BRK-B,186.300003,0.0
S03,2017-11-08,BRK-B,184.600006,0.0
S03,2017-11-09,BRK-B,184.490005,0.0
S03,2017-11-10,BRK-B,183.679993,0.0
S03,2017-11-13,BRK-B,184.399994,0.0
S03,2017-11-14,BRK-B,183.339996,0.0
S03,2017-11-15,BRK-B,181.809998,0.0
S03,2017-11-16,BRK-B,182.050003,0.0
S03,2017-11-17,BRK-B,181.059998,0.0
S03,2017-11-20,BRK-B,181.630005,0.0
S03,2017-11-21,BRK-B,183.179993,0.0
S03,2017-11-22,BRK-B,182.559998,0.0
S03,2017-11-24,BRK-B,182.360001,0.0
S03,2017-11-27,BRK-B,183.490005,0.0
S03,2017-11-28,BRK-B,187.539993,0.0
S03,2017-11-29,BRK-B,189.850006,0.0
S03,2017-11-30,BRK-B,193.009995,0.0
S03,2017-12-01,BRK-B,194.559998,0.0
S03,2017-12-04,BRK-B,196.960007,0.0
S03,2017-12-05,BRK-B,196.070007,0.0
S03,2017-12-06,BRK-B,196.009995,0.0
S03,2017-12-07,BRK-B,196.339996,0.0
S03,2017-12-08,BRK-B,196.440002,0.0
S03,2017-12-11,BRK-B,196.699997,0.0
S03,2017-12-12,BRK-B,199.070007,0.0
S03,2017-12-13,BRK-B,197.399994,0.0
S03,2017-12-14,BRK-B,196.660004,0.0
S03,2017-12-15,BRK-B,197.779999,0.0
S03,2017-12-18,BRK-B,199.339996,0.0
S03,2017-12-19,BRK-B,197.910004,0.0
S03,2017-12-20,BRK-B,197.789993,0.0
S03,2017-12-21,BRK-B,198.889999,0.0
S03,2017-12-22,BRK-B,197.919998,0.0
S03,2017-12-26,BRK-B,197.570007,0.0
S03,2017-12-27,BRK-B,198.690002,0.0
S03,2017-12-28,BRK-B,199.559998,0.0
S03,2017-12-29,BRK-B,198.220001,0.0
S03,2018-01-02,BRK-B,197.220001,0.0
S03,2018-01-03,BRK-B,199.789993,0.0
S03,2018-01-04,BRK-B,200.690002,0.0
S03,2018-01-05,BRK-B,201.419998,0.0
S03,2018-01-08,BRK-B,202.740005,0.0
S03,2018-01-09,BRK-B,203.020004,0.0
S03,2018-01-10,BRK-B,205.610001,0.0
S03,2018-01-11,BRK-B,206.690002,0.0
S03,2018-01-12,BRK-B,210.160004,0.0
S03,2018-01-16,BRK-B,210.289993,0.0
S03,2018-01-17,BRK-B,214.160004,0.0
S03,2018-01-18,BRK-B,213.190002,0.0
S03,2018-01-19,BRK-B,213.25,0.0
S03,2018-01-22,BRK-B,215.970001,0.0
S03,2018-01-23,BRK-B,215.559998,0.0
S03,2018-01-24,BRK-B,215.610001,0.0
S03,2018-01-25,BRK-B,215.100006,0.0
S03,2018-01-26,BRK-B,217.190002,0.0
S03,2018-01-29,BRK-B,215.460007,0.0
S03,2018-01-30,BRK-B,214.410004,0.0
S03,2018-01-31,BRK-B,214.380005,0.0
S03,2018-02-01,BRK-B,217.25,0.0
S03,2018-02-02,BRK-B,209.119995,0.0
S03,2018-02-05,BRK-B,196.800003,0.0
S03,2018-02-06,BRK-B,201.240005,0.0
S03,2018-02-07,BRK-B,200.369995,0.0
S03,2018-02-08,BRK-B,191.419998,0.0
S03,2018-02-09,BRK-B,196.020004,0.0
S03,2018-02-12,BRK-B,198.889999,0.0
S03,2018-02-13,BRK-B,197.990005,0.0
S03,2018-02-14,BRK-B,200.539993,0.0
S03,2018-02-15,BRK-B,203.899994,0.0
S03,2018-02-16,BRK-B,203.789993,0.0
S03,2018-02-20,BRK-B,203.050003,0.0
S03,2018-02-21,BRK-B,201.020004,0.0
S03,2018-02-22,BRK-B,200.729996,0.0
S03,2018-02-23,BRK-B,202.759995,0.0
S03,2018-02-26,BRK-B,210.619995,0.0
S03,2018-02-27,BRK-B,209.660004,0.0
S03,2018-02-28,BRK-B,207.199997,0.0
S03,2018-03-01,BRK-B,201.529999,0.0
S03,2018-03-02,BRK-B,201.339996,0.0
S03,2018-03-05,BRK-B,203.240005,0.0
S03,2018-03-06,BRK-B,204.550003,0.0
S03,2018-03-07,BRK-B,204.300003,0.0
S03,2018-03-08,BRK-B,205.289993,0.0
S03,2018-03-09,BRK-B,212.940002,0.0
S03,2018-03-12,BRK-B,211.820007,0.0
S03,2018-03-13,BRK-B,209.130005,0.0
S03,2018-03-14,BRK-B,206.990005,0.0
S03,2018-03-15,BRK-B,207.820007,0.0
S03,2018-03-16,BRK-B,206.960007,0.0
S03,2018-03-19,BRK-B,203.990005,0.0
S03,2018-03-20,BRK-B,204.75,0.0
S03,2018-03-21,BRK-B,204.830002,0.0
S03,2018-03-22,BRK-B,197.630005,0.0
S03,2018-03-23,BRK-B,192.460007,0.0
S03,2018-03-26,BRK-B,199.339996,0.0
S03,2018-03-27,BRK-B,196.149994,0.0
S03,2018-03-28,BRK-B,196.669998,0.0
S03,2018-03-29,BRK-B,199.479996,0.0
S03,2018-04-02,BRK-B,195.0,0.0
S03,2018-04-03,BRK-B,197.960007,0.0
S03,2018-04-04,BRK-B,200.110001,0.0
S03,2018-04-05,BRK-B,200.850006,0.0
S03,2018-04-06,BRK-B,195.490005,0.0
S03,2018-04-09,BRK-B,195.330002,0.0
S03,2018-04-10,BRK-B,197.800003,0.0
S03,2018-04-11,BRK-B,195.220001,0.0
S03,2018-04-12,BRK-B,198.130005,0.0
S03,2018-04-13,BRK-B,197.0,0.0
S03,2018-04-16,BRK-B,198.220001,0.0
S03,2018-04-17,BRK-B,199.270004,0.0
S03,2018-04-18,BRK-B,199.509995,0.0
S03,2018-04-19,BRK-B,200.380005,0.0
S03,2018-04-20,BRK-B,200.130005,0.0
S03,2018-04-23,BRK-B,199.419998,0.0
S03,2018-04-24,BRK-B,196.800003,0.0
S03,2018-04-25,BRK-B,196.800003,0.0
S03,2018-04-26,BRK-B,197.029999,0.0
S03,2018-04-27,BRK-B,197.229996,0.0
S03,2018-04-30,BRK-B,193.729996,0.0
S03,2018-05-01,BRK-B,195.110001,0.0
S03,2018-05-02,BRK-B,193.309998,0.0
S03,2018-05-03,BRK-B,191.610001,0.0
S03,2018-05-04,BRK-B,195.639999,0.0
S03,2018-05-07,BRK-B,197.059998,0.0
S03,2018-05-08,BRK-B,196.240005,0.0
S03,2018-05-09,BRK-B,199.869995,0.0
S03,2018-05-10,BRK-B,201.199997,0.0
S03,2018-05-11,BRK-B,199.300003,0.0
S03,2018-05-14,BRK-B,199.179993,0.0
S03,2018-05-15,BRK-B,197.360001,0.0
S03,2018-05-16,BRK-B,197.830002,0.0
S03,2018-05-17,BRK-B,197.490005,0.0
S03,2018-05-18,BRK-B,196.059998,0.0
S03,2018-05-21,BRK-B,197.910004,0.0
S03,2018-05-22,BRK-B,198.130005,0.0
S03,2018-05-23,BRK-B,195.949997,0.0
S03,2018-05-24,BRK-B,194.830002,0.0
S03,2018-05-25,BRK-B,194.149994,0.0
S03,2018-05-29,BRK-B,189.869995,0.0
S03,2018-05-30,BRK-B,194.100006,0.0
S03,2018-05-31,BRK-B,191.529999,0.0
S03,2018-06-01,BRK-B,192.229996,0.0
S03,2018-06-04,BRK-B,191.300003,0.0
S03,2018-06-05,BRK-B,190.770004,0.0
S03,2018-06-06,BRK-B,193.990005,0.0
S03,2018-06-07,BRK-B,195.570007,0.0
S03,2018-06-08,BRK-B,196.009995,0.0
S03,2018-06-11,BRK-B,195.330002,0.0
S03,2018-06-12,BRK-B,195.270004,0.0
S03,2018-06-13,BRK-B,194.550003,0.0
S03,2018-06-14,BRK-B,192.5,0.0
S03,2018-06-15,BRK-B,191.759995,0.0
S03,2018-06-18,BRK-B,191.110001,0.0
S03,2018-06-19,BRK-B,190.350006,0.0
S03,2018-06-20,BRK-B,189.5,0.0
S03,2018-06-21,BRK-B,188.860001,0.0
S03,2018-06-22,BRK-B,188.910004,0.0
S03,2018-06-25,BRK-B,186.729996,0.0
S03,2018-06-26,BRK-B,186.440002,0.0
S03,2018-06-27,BRK-B,184.910004,0.0
S03,2018-06-28,BRK-B,187.089996,0.0
S03,2018-06-29,BRK-B,186.649994,0.0
S03,2018-07-02,BRK-B,187.830002,0.0
S03,2018-07-03,BRK-B,186.020004,0.0
S03,2018-07-05,BRK-B,187.5,0.0
S03,2018-07-06,BRK-B,187.559998,0.0
S03,2018-07-09,BRK-B,189.639999,0.0
S03,2018-07-10,BRK-B,189.899994,0.0
S03,2018-07-11,BRK-B,189.910004,0.0
S03,2018-07-12,BRK-B,189.960007,0.0
S03,2018-07-13,BRK-B,190.960007,0.0
S03,2018-07-16,BRK-B,192.0,0.0
S03,2018-07-17,BRK-B,190.410004,0.0
S03,2018-07-18,BRK-B,200.440002,0.0
S03,2018-07-19,BRK-B,197.490005,0.0
S03,2018-07-20,BRK-B,196.779999,0.0
S03,2018-07-23,BRK-B,197.850006,0.0
S03,2018-07-24,BRK-B,198.460007,0.0
S03,2018-07-25,BRK-B,197.610001,0.0
S03,2018-07-26,BRK-B,197.460007,0.0
S03,2018-07-27,BRK-B,197.949997,0.0
S03,2018-07-30,BRK-B,199.089996,0.0
S03,2018-07-31,BRK-B,197.869995,0.0
S03,2018-08-01,BRK-B,197.850006,0.0
S03,2018-08-02,BRK-B,198.059998,0.0
S03,2018-08-03,BRK-B,200.240005,0.0
S03,2018-08-06,BRK-B,206.059998,0.0
S03,2018-08-07,BRK-B,208.720001,0.0
S03,2018-08-08,BRK-B,208.940002,0.0
S03,2018-08-09,BRK-B,209.100006,0.0
S03,2018-08-10,BRK-B,206.630005,0.0
S03,2018-08-13,BRK-B,205.169998,0.0
S03,2018-08-14,BRK-B,205.830002,0.0
S03,2018-08-15,BRK-B,204.5,0.0
S03,2018-08-16,BRK-B,207.559998,0.0
S03,2018-08-17,BRK-B,208.139999,0.0
S03,2018-08-20,BRK-B,208.460007,0.0
S03,2018-08-21,BRK-B,208.490005,0.0
S03,2018-08-22,BRK-B,207.330002,0.0
S03,2018-08-23,BRK-B,207.240005,0.0
S03,2018-08-24,BRK-B,207.979996,0.0
S03,2018-08-27,BRK-B,210.50999500000003,0.0
S03,2018-08-28,BRK-B,210.770004,0.0
S03,2018-08-29,BRK-B,211.270004,0.0
S03,2018-08-30,BRK-B,209.75,0.0
S03,2018-08-31,BRK-B,208.720001,0.0
S03,2018-09-04,BRK-B,210.050003,0.0
S03,2018-09-05,BRK-B,212.25999500000003,0.0
S03,2018-09-06,BRK-B,212.880005,0.0
S03,2018-09-07,BRK-B,214.039993,0.0
S03,2018-09-10,BRK-B,215.110001,0.0
S03,2018-09-11,BRK-B,215.100006,0.0
S03,2018-09-12,BRK-B,214.589996,0.0
S03,2018-09-13,BRK-B,214.889999,0.0
S03,2018-09-14,BRK-B,216.369995,0.0
S03,2018-09-17,BRK-B,216.289993,0.0
S03,2018-09-18,BRK-B,218.300003,0.0
S03,2018-09-19,BRK-B,220.949997,0.0
S03,2018-09-20,BRK-B,221.679993,0.0
S03,2018-09-21,BRK-B,220.520004,0.0
S03,2018-09-24,BRK-B,218.130005,0.0
S03,2018-09-25,BRK-B,218.050003,0.0
S03,2018-09-26,BRK-B,216.110001,0.0
S03,2018-09-27,BRK-B,216.699997,0.0
S03,2018-09-28,BRK-B,214.110001,0.0
S03,2018-10-01,BRK-B,214.77999900000003,0.0
S03,2018-10-02,BRK-B,215.289993,0.0
S03,2018-10-03,BRK-B,216.399994,0.0
S03,2018-10-04,BRK-B,218.970001,0.0
S03,2018-10-05,BRK-B,219.460007,0.0
S03,2018-10-08,BRK-B,222.059998,0.0
S03,2018-10-09,BRK-B,223.75999500000003,0.0
S03,2018-10-10,BRK-B,213.100006,0.0
S03,2018-10-11,BRK-B,205.190002,0.0
S03,2018-10-12,BRK-B,206.800003,0.0
S03,2018-10-15,BRK-B,205.029999,0.0
S03,2018-10-16,BRK-B,209.830002,0.0
S03,2018-10-17,BRK-B,210.520004,0.0
S03,2018-10-18,BRK-B,208.699997,0.0
S03,2018-10-19,BRK-B,209.830002,0.0
S03,2018-10-22,BRK-B,206.190002,0.0
S03,2018-10-23,BRK-B,204.0,0.0
S03,2018-10-24,BRK-B,199.809998,0.0
S03,2018-10-25,BRK-B,201.979996,0.0
S03,2018-10-26,BRK-B,198.490005,0.0
S03,2018-10-29,BRK-B,200.039993,0.0
S03,2018-10-30,BRK-B,203.350006,0.0
S03,2018-10-31,BRK-B,205.279999,0.0
S03,2018-11-01,BRK-B,205.860001,0.0
S03,2018-11-02,BRK-B,206.570007,0.0
S03,2018-11-05,BRK-B,216.240005,0.0
S03,2018-11-06,BRK-B,218.50999500000003,0.0
S03,2018-11-07,BRK-B,221.240005,0.0
S03,2018-11-08,BRK-B,222.419998,0.0
S03,2018-11-09,BRK-B,219.630005,0.0
S03,2018-11-12,BRK-B,215.419998,0.0
S03,2018-11-13,BRK-B,217.919998,0.0
S03,2018-11-14,BRK-B,216.02999900000003,0.0
S03,2018-11-15,BRK-B,217.380005,0.0
S03,2018-11-16,BRK-B,218.410004,0.0
S03,2018-11-19,BRK-B,217.940002,0.0
S03,2018-11-20,BRK-B,210.710007,0.0
S03,2018-11-21,BRK-B,210.860001,0.0
S03,2018-11-23,BRK-B,207.070007,0.0
S03,2018-11-26,BRK-B,210.630005,0.0
S03,2018-11-27,BRK-B,212.52999900000003,0.0
S03,2018-11-28,BRK-B,217.5,0.0
S03,2018-11-29,BRK-B,217.699997,0.0
S03,2018-11-30,BRK-B,218.240005,0.0
S03,2018-12-03,BRK-B,220.809998,0.0
S03,2018-12-04,BRK-B,210.119995,0.0
S03,2018-12-06,BRK-B,207.960007,0.0
S03,2018-12-07,BRK-B,204.880005,0.0
S03,2018-12-10,BRK-B,203.259995,0.0
S03,2018-12-11,BRK-B,202.279999,0.0
S03,2018-12-12,BRK-B,202.479996,0.0
S03,2018-12-13,BRK-B,202.419998,0.0
S03,2018-12-14,BRK-B,200.0,0.0
S03,2018-12-17,BRK-B,197.919998,0.0
S03,2018-12-18,BRK-B,196.520004,0.0
S03,2018-12-19,BRK-B,195.169998,0.0
S03,2018-12-20,BRK-B,193.580002,0.0
S03,2018-12-21,BRK-B,192.100006,0.0
S03,2018-12-24,BRK-B,187.759995,0.0
S03,2018-12-26,BRK-B,197.570007,0.0
S03,2018-12-27,BRK-B,200.119995,0.0
S03,2018-12-28,BRK-B,202.080002,0.0
S03,2018-12-31,BRK-B,204.179993,0.0
S03,2019-01-02,BRK-B,202.800003,0.0
S03,2019-01-03,BRK-B,191.660004,0.0
S03,2019-01-04,BRK-B,195.199997,0.0
S03,2019-01-07,BRK-B,196.910004,0.0
S03,2019-01-08,BRK-B,196.309998,0.0
S03,2019-01-09,BRK-B,196.369995,0.0
S03,2019-01-10,BRK-B,196.580002,0.0
S03,2019-01-11,BRK-B,196.289993,0.0
S03,2019-01-14,BRK-B,195.779999,0.0
S03,2019-01-15,BRK-B,196.940002,0.0
S03,2019-01-16,BRK-B,198.410004,0.0
S03,2019-01-17,BRK-B,198.779999,0.0
S03,2019-01-18,BRK-B,204.479996,0.0
S03,2019-01-22,BRK-B,200.720001,0.0
S03,2019-01-23,BRK-B,201.149994,0.0
S03,2019-01-24,BRK-B,201.020004,0.0
S03,2019-01-25,BRK-B,202.75,0.0
S03,2019-01-28,BRK-B,200.949997,0.0
S03,2019-01-29,BRK-B,202.050003,0.0
S03,2019-01-30,BRK-B,205.960007,0.0
S03,2019-01-31,BRK-B,205.539993,0.0
S03,2019-02-01,BRK-B,209.190002,0.0
S03,2019-02-04,BRK-B,208.520004,0.0
S03,2019-02-05,BRK-B,207.820007,0.0
S03,2019-02-06,BRK-B,206.009995,0.0
S03,2019-02-07,BRK-B,201.729996,0.0
S03,2019-02-08,BRK-B,200.919998,0.0
S03,2019-02-11,BRK-B,203.050003,0.0
S03,2019-02-12,BRK-B,206.149994,0.0
S03,2019-02-13,BRK-B,205.800003,0.0
S03,2019-02-14,BRK-B,202.779999,0.0
S03,2019-02-15,BRK-B,205.289993,0.0
S03,2019-02-19,BRK-B,205.690002,0.0
S03,2019-02-20,BRK-B,206.160004,0.0
S03,2019-02-21,BRK-B,205.330002,0.0
S03,2019-02-22,BRK-B,201.910004,0.0
S03,2019-02-25,BRK-B,202.309998,0.0
S03,2019-02-26,BRK-B,201.899994,0.0
S03,2019-02-27,BRK-B,202.289993,0.0
S03,2019-02-28,BRK-B,201.300003,0.0
S03,2019-03-01,BRK-B,203.130005,0.0
S03,2019-03-04,BRK-B,201.809998,0.0
S03,2019-03-05,BRK-B,201.470001,0.0
S03,2019-03-06,BRK-B,200.669998,0.0
S03,2019-03-07,BRK-B,199.300003,0.0
S03,2019-03-08,BRK-B,198.699997,0.0
S03,2019-03-11,BRK-B,202.089996,0.0
S03,2019-03-12,BRK-B,202.5,0.0
S03,2019-03-13,BRK-B,204.059998,0.0
S03,2019-03-14,BRK-B,203.380005,0.0
S03,2019-03-15,BRK-B,204.309998,0.0
S03,2019-03-18,BRK-B,206.679993,0.0
S03,2019-03-19,BRK-B,205.149994,0.0
S03,2019-03-20,BRK-B,203.270004,0.0
S03,2019-03-21,BRK-B,204.429993,0.0
S03,2019-03-22,BRK-B,200.550003,0.0
S03,2019-03-25,BRK-B,199.440002,0.0
S03,2019-03-26,BRK-B,200.619995,0.0
S03,2019-03-27,BRK-B,199.210007,0.0
S03,2019-03-28,BRK-B,200.660004,0.0
S03,2014-03-03,SPY,166.793854,0.0
S03,2014-03-04,SPY,169.13821399999995,0.0
S03,2014-03-05,SPY,169.291519,0.0
S03,2014-03-06,SPY,169.67926,0.0
S03,2014-03-07,SPY,169.751389,0.0
S03,2014-03-10,SPY,169.661179,0.0
S03,2014-03-11,SPY,168.822647,0.0
S03,2014-03-12,SPY,168.867706,0.0
S03,2014-03-13,SPY,166.974182,0.0
S03,2014-03-14,SPY,166.50531,0.0
S03,2014-03-17,SPY,168.011124,0.0
S03,2014-03-18,SPY,169.210342,0.0
S03,2014-03-19,SPY,168.30865500000004,0.0
S03,2014-03-20,SPY,169.291519,0.0
S03,2014-03-21,SPY,168.63458300000005,0.0
S03,2014-03-24,SPY,167.937164,0.0
S03,2014-03-25,SPY,168.734207,0.0
S03,2014-03-26,SPY,167.520584,0.0
S03,2014-03-27,SPY,167.167389,0.0
S03,2014-03-28,SPY,167.991547,0.0
S03,2014-03-31,SPY,169.368149,0.0
S03,2014-04-01,SPY,170.49118,5.8654060579556075
S03,2014-04-02,SPY,171.061722,0.0
S03,2014-04-03,SPY,170.835327,0.0
S03,2014-04-04,SPY,168.815704,0.0
S03,2014-04-07,SPY,166.950043,0.0
S03,2014-04-08,SPY,167.638336,0.0
S03,2014-04-09,SPY,169.44061299999996,0.0
S03,2014-04-10,SPY,165.881363,0.0
S03,2014-04-11,SPY,164.387024,0.0
S03,2014-04-14,SPY,165.682068,0.0
S03,2014-04-15,SPY,166.823227,0.0
S03,2014-04-16,SPY,168.571167,0.0
S03,2014-04-17,SPY,168.80664099999996,0.0
S03,2014-04-21,SPY,169.395294,0.0
S03,2014-04-22,SPY,170.165146,0.0
S03,2014-04-23,SPY,169.766647,0.0
S03,2014-04-24,SPY,170.110825,0.0
S03,2014-04-25,SPY,168.71608,0.0
S03,2014-04-28,SPY,169.250412,0.0
S03,2014-04-29,SPY,170.038345,0.0
S03,2014-04-30,SPY,170.545532,0.0
S03,2014-05-01,SPY,170.56364399999995,0.0
S03,2014-05-02,SPY,170.31909199999996,0.0
S03,2014-05-05,SPY,170.645126,0.0
S03,2014-05-06,SPY,169.159851,0.0
S03,2014-05-07,SPY,170.156097,0.0
S03,2014-05-08,SPY,169.97493,0.0
S03,2014-05-09,SPY,170.22851599999996,0.0
S03,2014-05-12,SPY,171.88591,0.0
S03,2014-05-13,SPY,172.039856,0.0
S03,2014-05-14,SPY,171.224747,0.0
S03,2014-05-15,SPY,169.721359,0.0
S03,2014-05-16,SPY,170.310059,0.0
S03,2014-05-19,SPY,170.93493700000005,0.0
S03,2014-05-20,SPY,169.857224,0.0
S03,2014-05-21,SPY,171.288147,0.0
S03,2014-05-22,SPY,171.70478799999995,0.0
S03,2014-05-23,SPY,172.393112,0.0
S03,2014-05-27,SPY,173.452682,0.0
S03,2014-05-28,SPY,173.32591200000005,0.0
S03,2014-05-29,SPY,174.222534,0.0
S03,2014-05-30,SPY,174.50328100000004,0.0
S03,2014-06-02,SPY,174.702545,0.0
S03,2014-06-03,SPY,174.611954,0.0
S03,2014-06-04,SPY,174.965164,0.0
S03,2014-06-05,SPY,176.106277,0.0
S03,2014-06-06,SPY,176.94856299999995,0.0
S03,2014-06-09,SPY,177.12973,0.0
S03,2014-06-10,SPY,177.147797,0.0
S03,2014-06-11,SPY,176.531906,0.0
S03,2014-06-12,SPY,175.282135,0.0
S03,2014-06-13,SPY,175.816513,0.0
S03,2014-06-16,SPY,175.961349,0.0
S03,2014-06-17,SPY,176.450424,0.0
S03,2014-06-18,SPY,177.745529,0.0
S03,2014-06-19,SPY,177.944763,0.0
S03,2014-06-20,SPY,178.305786,0.0
S03,2014-06-23,SPY,178.25118999999995,0.0
S03,2014-06-24,SPY,177.177353,0.0
S03,2014-06-25,SPY,177.97821000000005,0.0
S03,2014-06-26,SPY,177.850784,0.0
S03,2014-06-27,SPY,178.196579,0.0
S03,2014-06-30,SPY,178.105576,0.0
S03,2014-07-01,SPY,179.297668,0.0
S03,2014-07-02,SPY,179.47966,0.0
S03,2014-07-03,SPY,180.36235,0.0
S03,2014-07-07,SPY,179.734497,0.0
S03,2014-07-08,SPY,178.578766,0.0
S03,2014-07-09,SPY,179.379578,0.0
S03,2014-07-10,SPY,178.669769,0.0
S03,2014-07-11,SPY,178.915512,0.0
S03,2014-07-14,SPY,179.81639099999995,0.0
S03,2014-07-15,SPY,179.47966,0.0
S03,2014-07-16,SPY,180.143967,0.0
S03,2014-07-17,SPY,178.09651200000005,0.0
S03,2014-07-18,SPY,179.916458,0.0
S03,2014-07-21,SPY,179.579758,0.0
S03,2014-07-22,SPY,180.36235,0.0
S03,2014-07-23,SPY,180.762772,0.0
S03,2014-07-24,SPY,180.771896,0.0
S03,2014-07-25,SPY,179.92558300000005,0.0
S03,2014-07-28,SPY,179.998367,0.0
S03,2014-07-29,SPY,179.22486899999996,0.0
S03,2014-07-30,SPY,179.252197,0.0
S03,2014-07-31,SPY,175.712265,0.0
S03,2014-08-01,SPY,175.175385,0.0
S03,2014-08-04,SPY,176.44030800000004,0.0
S03,2014-08-05,SPY,174.729431,0.0
S03,2014-08-06,SPY,174.784042,0.0
S03,2014-08-07,SPY,173.837677,0.0
S03,2014-08-08,SPY,175.84877,0.0
S03,2014-08-11,SPY,176.358383,0.0
S03,2014-08-12,SPY,176.112686,0.0
S03,2014-08-13,SPY,177.30476399999995,0.0
S03,2014-08-14,SPY,178.141937,0.0
S03,2014-08-15,SPY,178.105576,0.0
S03,2014-08-18,SPY,179.597977,0.0
S03,2014-08-19,SPY,180.535263,0.0
S03,2014-08-20,SPY,181.017578,0.0
S03,2014-08-21,SPY,181.545349,0.0
S03,2014-08-22,SPY,181.26329,0.0
S03,2014-08-25,SPY,182.182388,0.0
S03,2014-08-26,SPY,182.30069,0.0
S03,2014-08-27,SPY,182.227921,0.0
S03,2014-08-28,SPY,182.127777,0.0
S03,2014-08-29,SPY,182.646484,0.0
S03,2014-09-02,SPY,182.555466,0.0
S03,2014-09-03,SPY,182.455399,0.0
S03,2014-09-04,SPY,182.191467,0.0
S03,2014-09-05,SPY,183.010452,0.0
S03,2014-09-08,SPY,182.537277,0.0
S03,2014-09-09,SPY,181.381607,0.0
S03,2014-09-10,SPY,182.064102,0.0
S03,2014-09-11,SPY,182.273392,0.0
S03,2014-09-12,SPY,181.208664,0.0
S03,2014-09-15,SPY,181.072159,0.0
S03,2014-09-16,SPY,182.437164,0.0
S03,2014-09-17,SPY,182.682892,0.0
S03,2014-09-18,SPY,183.656586,0.0
S03,2014-09-19,SPY,183.491257,0.0
S03,2014-09-22,SPY,182.074188,0.0
S03,2014-09-23,SPY,181.031921,0.0
S03,2014-09-24,SPY,182.44902,0.0
S03,2014-09-25,SPY,179.505051,0.0
S03,2014-09-26,SPY,180.931366,0.0
S03,2014-09-29,SPY,180.602203,0.0
S03,2014-09-30,SPY,180.12686200000005,0.0
S03,2014-10-01,SPY,177.685776,0.0
S03,2014-10-02,SPY,177.713165,0.0
S03,2014-10-03,SPY,179.669708,0.0
S03,2014-10-06,SPY,179.459396,0.0
S03,2014-10-07,SPY,176.689209,0.0
S03,2014-10-08,SPY,179.779404,0.0
S03,2014-10-09,SPY,176.213806,0.0
S03,2014-10-10,SPY,174.202469,0.0
S03,2014-10-13,SPY,171.34080500000005,0.0
S03,2014-10-14,SPY,171.605942,0.0
S03,2014-10-15,SPY,170.444794,0.0
S03,2014-10-16,SPY,170.298569,0.0
S03,2014-10-17,SPY,172.30993700000005,0.0
S03,2014-10-20,SPY,173.983002,0.0
S03,2014-10-21,SPY,177.42976399999995,0.0
S03,2014-10-22,SPY,176.168045,0.0
S03,2014-10-23,SPY,178.216034,0.0
S03,2014-10-24,SPY,179.587402,0.0
S03,2014-10-27,SPY,179.34053,0.0
S03,2014-10-28,SPY,181.397629,0.0
S03,2014-10-29,SPY,181.123352,0.0
S03,2014-10-30,SPY,182.284424,0.0
S03,2014-10-31,SPY,184.368958,0.0
S03,2014-11-03,SPY,184.469543,0.0
S03,2014-11-04,SPY,183.829575,0.0
S03,2014-11-05,SPY,184.990662,0.0
S03,2014-11-06,SPY,185.731186,0.0
S03,2014-11-07,SPY,185.904907,0.0
S03,2014-11-10,SPY,186.490036,0.0
S03,2014-11-11,SPY,186.672882,0.0
S03,2014-11-12,SPY,186.471771,0.0
S03,2014-11-13,SPY,186.682022,0.0
S03,2014-11-14,SPY,186.727737,0.0
S03,2014-11-17,SPY,186.846573,0.0
S03,2014-11-18,SPY,187.925415,0.0
S03,2014-11-19,SPY,187.623718,0.0
S03,2014-11-20,SPY,187.952805,0.0
S03,2014-11-21,SPY,188.958527,0.0
S03,2014-11-24,SPY,189.48877,0.0
S03,2014-11-25,SPY,189.351669,0.0
S03,2014-11-26,SPY,189.836197,0.0
S03,2014-11-28,SPY,189.433945,0.0
S03,2014-12-01,SPY,188.117416,0.0
S03,2014-12-02,SPY,189.333359,0.0
S03,2014-12-03,SPY,190.064804,0.0
S03,2014-12-04,SPY,189.854523,0.0
S03,2014-12-05,SPY,190.165314,0.0
S03,2014-12-08,SPY,188.894531,0.0
S03,2014-12-09,SPY,188.766541,0.0
S03,2014-12-10,SPY,185.740387,0.0
S03,2014-12-11,SPY,186.682022,0.0
S03,2014-12-12,SPY,183.664963,0.0
S03,2014-12-15,SPY,182.403336,0.0
S03,2014-12-16,SPY,180.940491,0.0
S03,2014-12-17,SPY,184.487778,0.0
S03,2014-12-18,SPY,189.049957,0.0
S03,2014-12-19,SPY,189.854279,0.0
S03,2014-12-22,SPY,190.727615,0.0
S03,2014-12-23,SPY,190.984985,0.0
S03,2014-12-24,SPY,191.003418,0.0
S03,2014-12-26,SPY,191.619354,0.0
S03,2014-12-29,SPY,191.876709,0.0
S03,2014-12-30,SPY,190.847137,0.0
S03,2014-12-31,SPY,188.953339,0.0
S03,2015-01-02,SPY,188.852234,0.0
S03,2015-01-05,SPY,185.441605,0.0
S03,2015-01-06,SPY,183.694977,0.0
S03,2015-01-07,SPY,185.983978,0.0
S03,2015-01-08,SPY,189.284317,0.0
S03,2015-01-09,SPY,187.767456,0.0
S03,2015-01-12,SPY,186.296539,0.0
S03,2015-01-13,SPY,185.772598,0.0
S03,2015-01-14,SPY,184.651016,0.0
S03,2015-01-15,SPY,182.959518,0.0
S03,2015-01-16,SPY,185.358871,0.0
S03,2015-01-20,SPY,185.75415,0.0
S03,2015-01-21,SPY,186.691849,0.0
S03,2015-01-22,SPY,189.468185,0.0
S03,2015-01-23,SPY,188.429352,0.0
S03,2015-01-26,SPY,188.870605,0.0
S03,2015-01-27,SPY,186.379318,0.0
S03,2015-01-28,SPY,183.989105,0.0
S03,2015-01-29,SPY,185.68985,0.0
S03,2015-01-30,SPY,183.354767,0.0
S03,2015-02-02,SPY,185.625473,0.0
S03,2015-02-03,SPY,188.309845,0.0
S03,2015-02-04,SPY,187.592804,0.0
S03,2015-02-05,SPY,189.486526,0.0
S03,2015-02-06,SPY,188.96254,0.0
S03,2015-02-09,SPY,188.11676,0.0
S03,2015-02-10,SPY,190.12088,0.0
S03,2015-02-11,SPY,190.231171,0.0
S03,2015-02-12,SPY,192.060577,0.0
S03,2015-02-13,SPY,192.851196,0.0
S03,2015-02-17,SPY,193.154541,0.0
S03,2015-02-18,SPY,193.172974,0.0
S03,2015-02-19,SPY,193.035049,0.0
S03,2015-02-20,SPY,194.193375,0.0
S03,2015-02-23,SPY,194.165817,0.0
S03,2015-02-24,SPY,194.717361,0.0
S03,2015-02-25,SPY,194.551895,0.0
S03,2015-02-26,SPY,194.322052,0.0
S03,2015-02-27,SPY,193.660187,0.0
S03,2015-03-02,SPY,194.882874,0.0
S03,2015-03-03,SPY,194.083038,0.0
S03,2015-03-04,SPY,193.264908,0.0
S03,2015-03-05,SPY,193.476303,0.0
S03,2015-03-06,SPY,190.755188,0.0
S03,2015-03-09,SPY,191.545776,0.0
S03,2015-03-10,SPY,188.438507,0.0
S03,2015-03-11,SPY,187.997238,0.0
S03,2015-03-12,SPY,190.387466,0.0
S03,2015-03-13,SPY,189.219955,0.0
S03,2015-03-16,SPY,191.748032,0.0
S03,2015-03-17,SPY,191.178085,0.0
S03,2015-03-18,SPY,193.476303,0.0
S03,2015-03-19,SPY,192.593811,0.0
S03,2015-03-20,SPY,194.293594,0.0
S03,2015-03-23,SPY,193.915024,0.0
S03,2015-03-24,SPY,192.825363,0.0
S03,2015-03-25,SPY,189.999786,0.0
S03,2015-03-26,SPY,189.547302,0.0
S03,2015-03-27,SPY,189.981308,0.0
S03,2015-03-30,SPY,192.299042,0.0
S03,2015-03-31,SPY,190.618439,0.0
S03,2015-04-01,SPY,189.944336,0.0
S03,2015-04-02,SPY,190.627686,0.0
S03,2015-04-06,SPY,191.911209,0.0
S03,2015-04-07,SPY,191.403336,0.0
S03,2015-04-08,SPY,192.049667,0.0
S03,2015-04-09,SPY,192.899231,0.0
S03,2015-04-10,SPY,193.951889,0.0
S03,2015-04-13,SPY,193.074707,0.0
S03,2015-04-14,SPY,193.444061,0.0
S03,2015-04-15,SPY,194.312042,0.0
S03,2015-04-16,SPY,194.256653,0.0
S03,2015-04-17,SPY,192.022003,0.0
S03,2015-04-20,SPY,193.776489,0.0
S03,2015-04-21,SPY,193.545654,0.0
S03,2015-04-22,SPY,194.496765,0.0
S03,2015-04-23,SPY,194.986145,0.0
S03,2015-04-24,SPY,195.438599,0.0
S03,2015-04-27,SPY,194.626022,0.0
S03,2015-04-28,SPY,195.244736,0.0
S03,2015-04-29,SPY,194.441315,0.0
S03,2015-04-30,SPY,192.492935,0.0
S03,2015-05-01,SPY,194.579849,0.0
S03,2015-05-04,SPY,195.133881,0.0
S03,2015-05-05,SPY,192.899231,0.0
S03,2015-05-06,SPY,192.105087,0.0
S03,2015-05-07,SPY,192.871552,0.0
S03,2015-05-08,SPY,195.410919,0.0
S03,2015-05-11,SPY,194.478302,0.0
S03,2015-05-12,SPY,193.896515,0.0
S03,2015-05-13,SPY,193.933487,0.0
S03,2015-05-14,SPY,195.955719,0.0
S03,2015-05-15,SPY,196.168091,0.0
S03,2015-05-18,SPY,196.777573,0.0
S03,2015-05-19,SPY,196.712906,0.0
S03,2015-05-20,SPY,196.574402,0.0
S03,2015-05-21,SPY,197.146927,0.0
S03,2015-05-22,SPY,196.67598,0.0
S03,2015-05-26,SPY,194.561401,0.0
S03,2015-05-27,SPY,196.408203,0.0
S03,2015-05-28,SPY,196.186539,0.0
S03,2015-05-29,SPY,194.967712,0.0
S03,2015-06-01,SPY,195.364731,0.0
S03,2015-06-02,SPY,195.170853,0.0
S03,2015-06-03,SPY,195.687958,0.0
S03,2015-06-04,SPY,194.035034,0.0
S03,2015-06-05,SPY,193.702621,0.0
S03,2015-06-08,SPY,192.455994,0.0
S03,2015-06-09,SPY,192.483749,0.0
S03,2015-06-10,SPY,194.801468,0.0
S03,2015-06-11,SPY,195.438599,0.0
S03,2015-06-12,SPY,193.850388,0.0
S03,2015-06-15,SPY,193.083969,0.0
S03,2015-06-16,SPY,194.145859,0.0
S03,2015-06-17,SPY,194.459778,0.0
S03,2015-06-18,SPY,196.417419,0.0
S03,2015-06-19,SPY,195.610214,0.0
S03,2015-06-22,SPY,196.612335,0.0
S03,2015-06-23,SPY,196.760788,0.0
S03,2015-06-24,SPY,195.331833,0.0
S03,2015-06-25,SPY,194.700867,0.0
S03,2015-06-26,SPY,194.765823,0.0
S03,2015-06-29,SPY,190.655243,0.0
S03,2015-06-30,SPY,191.044968,0.0
S03,2015-07-01,SPY,192.603836,0.0
S03,2015-07-02,SPY,192.371857,0.0
S03,2015-07-06,SPY,191.768707,0.0
S03,2015-07-07,SPY,193.012085,0.0
S03,2015-07-08,SPY,189.783005,0.0
S03,2015-07-09,SPY,190.033524,0.0
S03,2015-07-10,SPY,192.520294,0.0
S03,2015-07-13,SPY,194.63591,0.0
S03,2015-07-14,SPY,195.526703,0.0
S03,2015-07-15,SPY,195.443222,0.0
S03,2015-07-16,SPY,196.964966,0.0
S03,2015-07-17,SPY,197.150528,0.0
S03,2015-07-20,SPY,197.289703,0.0
S03,2015-07-21,SPY,196.49173,0.0
S03,2015-07-22,SPY,196.055603,0.0
S03,2015-07-23,SPY,194.988495,0.0
S03,2015-07-24,SPY,192.947144,0.0
S03,2015-07-27,SPY,191.833664,0.0
S03,2015-07-28,SPY,194.218353,0.0
S03,2015-07-29,SPY,195.573105,0.0
S03,2015-07-30,SPY,195.619522,0.0
S03,2015-07-31,SPY,195.276169,0.0
S03,2015-08-03,SPY,194.608093,0.0
S03,2015-08-04,SPY,194.2276,0.0
S03,2015-08-05,SPY,194.951416,0.0
S03,2015-08-06,SPY,193.327576,0.0
S03,2015-08-07,SPY,192.928589,0.0
S03,2015-08-10,SPY,195.443222,0.0
S03,2015-08-11,SPY,193.615204,0.0
S03,2015-08-12,SPY,193.856445,0.0
S03,2015-08-13,SPY,193.652359,0.0
S03,2015-08-14,SPY,194.264786,0.0
S03,2015-08-17,SPY,195.378235,0.0
S03,2015-08-18,SPY,194.793686,0.0
S03,2015-08-19,SPY,193.262634,0.0
S03,2015-08-20,SPY,189.300507,0.0
S03,2015-08-21,SPY,183.380508,0.0
S03,2015-08-24,SPY,175.883118,0.0
S03,2015-08-25,SPY,173.730392,0.0
S03,2015-08-26,SPY,180.643188,0.0
S03,2015-08-27,SPY,184.800201,0.0
S03,2015-08-28,SPY,184.87442,0.0
S03,2015-08-31,SPY,183.296997,0.0
S03,2015-09-01,SPY,177.943024,0.0
S03,2015-09-02,SPY,181.320587,0.0
S03,2015-09-03,SPY,181.543274,0.0
S03,2015-09-04,SPY,178.703903,0.0
S03,2015-09-08,SPY,183.222778,0.0
S03,2015-09-09,SPY,180.717438,0.0
S03,2015-09-10,SPY,181.728851,0.0
S03,2015-09-11,SPY,182.554703,0.0
S03,2015-09-14,SPY,181.849472,0.0
S03,2015-09-15,SPY,184.141388,0.0
S03,2015-09-16,SPY,185.709534,0.0
S03,2015-09-17,SPY,185.301239,0.0
S03,2015-09-18,SPY,182.217133,0.0
S03,2015-09-21,SPY,183.224487,0.0
S03,2015-09-22,SPY,180.855392,0.0
S03,2015-09-23,SPY,180.575546,0.0
S03,2015-09-24,SPY,179.95060700000005,0.0
S03,2015-09-25,SPY,179.894653,0.0
S03,2015-09-28,SPY,175.268356,0.0
S03,2015-09-29,SPY,175.42691000000005,0.0
S03,2015-09-30,SPY,178.70076,0.0
S03,2015-10-01,SPY,179.204468,0.0
S03,2015-10-02,SPY,181.881378,0.0
S03,2015-10-05,SPY,185.117889,0.0
S03,2015-10-06,SPY,184.483643,0.0
S03,2015-10-07,SPY,185.99469,0.0
S03,2015-10-08,SPY,187.673615,0.0
S03,2015-10-09,SPY,187.785507,0.0
S03,2015-10-12,SPY,187.962769,0.0
S03,2015-10-13,SPY,186.778168,0.0
S03,2015-10-14,SPY,185.882736,0.0
S03,2015-10-15,SPY,188.736893,0.0
S03,2015-10-16,SPY,189.595016,0.0
S03,2015-10-19,SPY,189.688278,0.0
S03,2015-10-20,SPY,189.445755,0.0
S03,2015-10-21,SPY,188.270508,0.0
S03,2015-10-22,SPY,191.404465,0.0
S03,2015-10-23,SPY,193.559082,0.0
S03,2015-10-26,SPY,193.064743,0.0
S03,2015-10-27,SPY,192.673004,0.0
S03,2015-10-28,SPY,194.883545,0.0
S03,2015-10-29,SPY,194.836914,0.0
S03,2015-10-30,SPY,193.941513,0.0
S03,2015-11-02,SPY,196.236008,0.0
S03,2015-11-03,SPY,196.804932,0.0
S03,2015-11-04,SPY,196.226669,0.0
S03,2015-11-05,SPY,196.012131,0.0
S03,2015-11-06,SPY,195.909561,0.0
S03,2015-11-09,SPY,194.081406,0.0
S03,2015-11-10,SPY,194.529099,0.0
S03,2015-11-11,SPY,193.764313,0.0
S03,2015-11-12,SPY,191.059372,0.0
S03,2015-11-13,SPY,188.914139,0.0
S03,2015-11-16,SPY,191.786911,0.0
S03,2015-11-17,SPY,191.647003,0.0
S03,2015-11-18,SPY,194.687683,0.0
S03,2015-11-19,SPY,194.519821,0.0
S03,2015-11-20,SPY,195.228653,0.0
S03,2015-11-23,SPY,195.004837,0.0
S03,2015-11-24,SPY,195.265991,0.0
S03,2015-11-25,SPY,195.237976,0.0
S03,2015-11-27,SPY,195.461838,0.0
S03,2015-11-30,SPY,194.65036,0.0
S03,2015-12-01,SPY,196.506485,0.0
S03,2015-12-02,SPY,194.501129,0.0
S03,2015-12-03,SPY,191.777588,0.0
S03,2015-12-04,SPY,195.517807,0.0
S03,2015-12-07,SPY,194.333267,0.0
S03,2015-12-08,SPY,193.02742,0.0
S03,2015-12-09,SPY,191.525742,0.0
S03,2015-12-10,SPY,192.020081,0.0
S03,2015-12-11,SPY,188.298538,0.0
S03,2015-12-14,SPY,189.249878,0.0
S03,2015-12-15,SPY,191.236588,0.0
S03,2015-12-16,SPY,194.03476,0.0
S03,2015-12-17,SPY,191.078033,0.0
S03,2015-12-18,SPY,187.673584,0.0
S03,2015-12-21,SPY,189.22171,0.0
S03,2015-12-22,SPY,190.938751,0.0
S03,2015-12-23,SPY,193.303223,0.0
S03,2015-12-24,SPY,192.984161,0.0
S03,2015-12-28,SPY,192.543167,0.0
S03,2015-12-29,SPY,194.598053,0.0
S03,2015-12-30,SPY,193.21875,0.0
S03,2015-12-31,SPY,191.285904,0.0
S03,2016-01-04,SPY,188.611862,0.0
S03,2016-01-05,SPY,188.930862,0.0
S03,2016-01-06,SPY,186.547623,0.0
S03,2016-01-07,SPY,182.072052,0.0
S03,2016-01-08,SPY,180.07351699999995,0.0
S03,2016-01-11,SPY,180.251831,0.0
S03,2016-01-12,SPY,181.706116,0.0
S03,2016-01-13,SPY,177.174271,0.0
S03,2016-01-14,SPY,180.08291599999995,0.0
S03,2016-01-15,SPY,176.217224,0.0
S03,2016-01-19,SPY,176.451797,0.0
S03,2016-01-20,SPY,174.190552,0.0
S03,2016-01-21,SPY,175.166336,0.0
S03,2016-01-22,SPY,178.759949,0.0
S03,2016-01-25,SPY,176.05770900000005,0.0
S03,2016-01-26,SPY,178.459686,0.0
S03,2016-01-27,SPY,176.517456,0.0
S03,2016-01-28,SPY,177.437012,0.0
S03,2016-01-29,SPY,181.762436,0.0
S03,2016-02-01,SPY,181.696747,0.0
S03,2016-02-02,SPY,178.422195,0.0
S03,2016-02-03,SPY,179.491806,0.0
S03,2016-02-04,SPY,179.7733,0.0
S03,2016-02-05,SPY,176.34854099999995,0.0
S03,2016-02-08,SPY,173.97473100000005,0.0
S03,2016-02-09,SPY,173.98413100000005,0.0
S03,2016-02-10,SPY,173.834,0.0
S03,2016-02-11,SPY,171.572784,0.0
S03,2016-02-12,SPY,175.110077,0.0
S03,2016-02-16,SPY,178.065643,0.0
S03,2016-02-17,SPY,180.974274,0.0
S03,2016-02-18,SPY,180.233032,0.0
S03,2016-02-19,SPY,180.148605,0.0
S03,2016-02-22,SPY,182.756973,0.0
S03,2016-02-23,SPY,180.448868,0.0
S03,2016-02-24,SPY,181.274536,0.0
S03,2016-02-25,SPY,183.470047,0.0
S03,2016-02-26,SPY,183.047852,0.0
S03,2016-02-29,SPY,181.612305,0.0
S03,2016-03-01,SPY,185.881454,0.0
S03,2016-03-02,SPY,186.716522,0.0
S03,2016-03-03,SPY,187.44838,0.0
S03,2016-03-04,SPY,188.058258,0.0
S03,2016-03-07,SPY,188.208344,0.0
S03,2016-03-08,SPY,186.153534,0.0
S03,2016-03-09,SPY,187.073059,0.0
S03,2016-03-10,SPY,187.223145,0.0
S03,2016-03-11,SPY,190.2444,0.0
S03,2016-03-14,SPY,190.000488,0.0
S03,2016-03-15,SPY,189.690826,0.0
S03,2016-03-16,SPY,190.788605,0.0
S03,2016-03-17,SPY,191.999008,0.0
S03,2016-03-18,SPY,192.753128,0.0
S03,2016-03-21,SPY,193.026611,0.0
S03,2016-03-22,SPY,192.922882,0.0
S03,2016-03-23,SPY,191.649689,0.0
S03,2016-03-24,SPY,191.564804,0.0
S03,2016-03-28,SPY,191.677994,0.0
S03,2016-03-29,SPY,193.451004,0.0
S03,2016-03-30,SPY,194.299835,0.0
S03,2016-03-31,SPY,193.828278,0.0
S03,2016-04-01,SPY,195.148621,0.0
S03,2016-04-04,SPY,194.516769,0.0
S03,2016-04-05,SPY,192.573914,0.0
S03,2016-04-06,SPY,194.677063,0.0
S03,2016-04-07,SPY,192.347565,0.0
S03,2016-04-08,SPY,192.866302,0.0
S03,2016-04-11,SPY,192.413589,0.0
S03,2016-04-12,SPY,194.205505,0.0
S03,2016-04-13,SPY,196.167191,0.0
S03,2016-04-14,SPY,196.176605,0.0
S03,2016-04-15,SPY,195.959671,0.0
S03,2016-04-18,SPY,197.336624,0.0
S03,2016-04-19,SPY,197.959091,0.0
S03,2016-04-20,SPY,198.14772,0.0
S03,2016-04-21,SPY,197.082016,0.0
S03,2016-04-22,SPY,197.082016,0.0
S03,2016-04-25,SPY,196.742477,0.0
S03,2016-04-26,SPY,197.034836,0.0
S03,2016-04-27,SPY,197.440399,0.0
S03,2016-04-28,SPY,195.648468,0.0
S03,2016-04-29,SPY,194.592209,0.0
S03,2016-05-02,SPY,196.13887,0.0
S03,2016-05-03,SPY,194.431854,0.0
S03,2016-05-04,SPY,193.34729,0.0
S03,2016-05-05,SPY,193.309555,0.0
S03,2016-05-06,SPY,194.016907,0.0
S03,2016-05-09,SPY,194.1772,0.0
S03,2016-05-10,SPY,196.591568,0.0
S03,2016-05-11,SPY,194.752502,0.0
S03,2016-05-12,SPY,194.809082,0.0
S03,2016-05-13,SPY,193.111496,0.0
S03,2016-05-16,SPY,195.016541,0.0
S03,2016-05-17,SPY,193.196396,0.0
S03,2016-05-18,SPY,193.252975,0.0
S03,2016-05-19,SPY,192.583344,0.0
S03,2016-05-20,SPY,193.799973,0.0
S03,2016-05-23,SPY,193.535873,0.0
S03,2016-05-24,SPY,196.044556,0.0
S03,2016-05-25,SPY,197.374359,0.0
S03,2016-05-26,SPY,197.430954,0.0
S03,2016-05-27,SPY,198.279755,0.0
S03,2016-05-31,SPY,197.902527,0.0
S03,2016-06-01,SPY,198.308075,0.0
S03,2016-06-02,SPY,198.911652,0.0
S03,2016-06-03,SPY,198.31749,0.0
S03,2016-06-06,SPY,199.326599,0.0
S03,2016-06-07,SPY,199.637802,0.0
S03,2016-06-08,SPY,200.288589,0.0
S03,2016-06-09,SPY,200.015076,0.0
S03,2016-06-10,SPY,198.119431,0.0
S03,2016-06-13,SPY,196.591568,0.0
S03,2016-06-14,SPY,196.204895,0.0
S03,2016-06-15,SPY,195.931381,0.0
S03,2016-06-16,SPY,196.516113,0.0
S03,2016-06-17,SPY,195.784683,0.0
S03,2016-06-20,SPY,197.045532,0.0
S03,2016-06-21,SPY,197.604874,0.0
S03,2016-06-22,SPY,197.282547,0.0
S03,2016-06-23,SPY,199.851669,0.0
S03,2016-06-24,SPY,192.675186,0.0
S03,2016-06-27,SPY,189.224411,0.0
S03,2016-06-28,SPY,192.637253,0.0
S03,2016-06-29,SPY,195.917389,0.0
S03,2016-06-30,SPY,198.590775,0.0
S03,2016-07-01,SPY,199.007935,0.0
S03,2016-07-05,SPY,197.576431,0.0
S03,2016-07-06,SPY,198.761475,0.0
S03,2016-07-07,SPY,198.638214,0.0
S03,2016-07-08,SPY,201.595993,0.0
S03,2016-07-11,SPY,202.307022,0.0
S03,2016-07-12,SPY,203.776459,0.0
S03,2016-07-13,SPY,203.748047,0.0
S03,2016-07-14,SPY,204.88562,0.0
S03,2016-07-15,SPY,204.610733,0.0
S03,2016-07-18,SPY,205.160553,0.0
S03,2016-07-19,SPY,204.951996,0.0
S03,2016-07-20,SPY,205.805191,0.0
S03,2016-07-21,SPY,205.027847,0.0
S03,2016-07-22,SPY,205.947449,0.0
S03,2016-07-25,SPY,205.388107,0.0
S03,2016-07-26,SPY,205.48288,0.0
S03,2016-07-27,SPY,205.264862,0.0
S03,2016-07-28,SPY,205.501846,0.0
S03,2016-07-29,SPY,205.833664,0.0
S03,2016-08-01,SPY,205.663025,0.0
S03,2016-08-02,SPY,204.345276,0.0
S03,2016-08-03,SPY,204.942505,0.0
S03,2016-08-04,SPY,205.160553,0.0
S03,2016-08-05,SPY,206.838547,0.0
S03,2016-08-08,SPY,206.715332,0.0
S03,2016-08-09,SPY,206.838547,0.0
S03,2016-08-10,SPY,206.32663,0.0
S03,2016-08-11,SPY,207.284119,0.0
S03,2016-08-12,SPY,207.104004,0.0
S03,2016-08-15,SPY,207.701248,0.0
S03,2016-08-16,SPY,206.630005,0.0
S03,2016-08-17,SPY,207.018692,0.0
S03,2016-08-18,SPY,207.483215,0.0
S03,2016-08-19,SPY,207.179825,0.0
S03,2016-08-22,SPY,207.170364,0.0
S03,2016-08-23,SPY,207.587479,0.0
S03,2016-08-24,SPY,206.525711,0.0
S03,2016-08-25,SPY,206.383514,0.0
S03,2016-08-26,SPY,205.994827,0.0
S03,2016-08-29,SPY,207.009201,0.0
S03,2016-08-30,SPY,206.667908,0.0
S03,2016-08-31,SPY,206.080124,0.0
S03,2016-09-01,SPY,206.089645,0.0
S03,2016-09-02,SPY,207.018692,0.0
S03,2016-09-06,SPY,207.644394,0.0
S03,2016-09-07,SPY,207.625412,0.0
S03,2016-09-08,SPY,207.151398,0.0
S03,2016-09-09,SPY,202.193268,0.0
S03,2016-09-12,SPY,205.094223,0.0
S03,2016-09-13,SPY,202.145859,0.0
S03,2016-09-14,SPY,202.070023,0.0
S03,2016-09-15,SPY,204.089294,0.0
S03,2016-09-16,SPY,203.30043,0.0
S03,2016-09-19,SPY,203.338593,0.0
S03,2016-09-20,SPY,203.348083,0.0
S03,2016-09-21,SPY,205.634827,0.0
S03,2016-09-22,SPY,206.930603,0.0
S03,2016-09-23,SPY,205.796814,0.0
S03,2016-09-26,SPY,204.129425,0.0
S03,2016-09-27,SPY,205.396637,0.0
S03,2016-09-28,SPY,206.416138,0.0
S03,2016-09-29,SPY,204.54863,0.0
S03,2016-09-30,SPY,206.092163,0.0
S03,2016-10-03,SPY,205.59671,0.0
S03,2016-10-04,SPY,204.54863,0.0
S03,2016-10-05,SPY,205.453812,0.0
S03,2016-10-06,SPY,205.59671,0.0
S03,2016-10-07,SPY,204.891632,0.0
S03,2016-10-10,SPY,205.958801,0.0
S03,2016-10-11,SPY,203.35759,0.0
S03,2016-10-12,SPY,203.62442,0.0
S03,2016-10-13,SPY,202.957443,0.0
S03,2016-10-14,SPY,203.062241,0.0
S03,2016-10-17,SPY,202.357178,0.0
S03,2016-10-18,SPY,203.62442,0.0
S03,2016-10-19,SPY,204.167496,0.0
S03,2016-10-20,SPY,203.786392,0.0
S03,2016-10-21,SPY,203.881668,0.0
S03,2016-10-24,SPY,204.748703,0.0
S03,2016-10-25,SPY,204.062683,0.0
S03,2016-10-26,SPY,203.652985,0.0
S03,2016-10-27,SPY,203.109894,0.0
S03,2016-10-28,SPY,202.509613,0.0
S03,2016-10-31,SPY,202.519165,0.0
S03,2016-11-01,SPY,201.051834,0.0
S03,2016-11-02,SPY,199.841766,0.0
S03,2016-11-03,SPY,198.927063,0.0
S03,2016-11-04,SPY,198.707932,0.0
S03,2016-11-07,SPY,203.09082,0.0
S03,2016-11-08,SPY,204.005508,0.0
S03,2016-11-09,SPY,206.168411,0.0
S03,2016-11-10,SPY,206.682892,0.0
S03,2016-11-11,SPY,206.206497,0.0
S03,2016-11-14,SPY,206.368454,0.0
S03,2016-11-15,SPY,207.978729,0.0
S03,2016-11-16,SPY,207.588074,0.0
S03,2016-11-17,SPY,208.655228,0.0
S03,2016-11-18,SPY,208.188339,0.0
S03,2016-11-21,SPY,209.760483,0.0
S03,2016-11-22,SPY,210.17019700000003,0.0
S03,2016-11-23,SPY,210.284531,0.0
S03,2016-11-25,SPY,211.065826,0.0
S03,2016-11-28,SPY,210.074921,0.0
S03,2016-11-29,SPY,210.484619,0.0
S03,2016-11-30,SPY,209.979645,0.0
S03,2016-12-01,SPY,209.207855,0.0
S03,2016-12-02,SPY,209.312637,0.0
S03,2016-12-05,SPY,210.570358,0.0
S03,2016-12-06,SPY,211.237335,0.0
S03,2016-12-07,SPY,214.000488,0.0
S03,2016-12-08,SPY,214.524521,0.0
S03,2016-12-09,SPY,215.820328,0.0
S03,2016-12-12,SPY,215.572601,0.0
S03,2016-12-13,SPY,217.011337,0.0
S03,2016-12-14,SPY,215.220093,0.0
S03,2016-12-15,SPY,216.106186,0.0
S03,2016-12-16,SPY,215.683441,0.0
S03,2016-12-19,SPY,216.153061,0.0
S03,2016-12-20,SPY,216.986893,0.0
S03,2016-12-21,SPY,216.383118,0.0
S03,2016-12-22,SPY,216.009308,0.0
S03,2016-12-23,SPY,216.325607,0.0
S03,2016-12-27,SPY,216.86232,0.0
S03,2016-12-28,SPY,215.070038,0.0
S03,2016-12-29,SPY,215.022125,0.0
S03,2016-12-30,SPY,214.236206,0.0
S03,2017-01-03,SPY,215.875137,0.0
S03,2017-01-04,SPY,217.159409,0.0
S03,2017-01-05,SPY,216.986893,0.0
S03,2017-01-06,SPY,217.763229,0.0
S03,2017-01-09,SPY,217.044403,0.0
S03,2017-01-10,SPY,217.044403,0.0
S03,2017-01-11,SPY,217.657791,0.0
S03,2017-01-12,SPY,217.111511,0.0
S03,2017-01-13,SPY,217.609879,0.0
S03,2017-01-17,SPY,216.84314,0.0
S03,2017-01-18,SPY,217.322342,0.0
S03,2017-01-19,SPY,216.517288,0.0
S03,2017-01-20,SPY,217.312775,0.0
S03,2017-01-23,SPY,216.747269,0.0
S03,2017-01-24,SPY,218.137009,0.0
S03,2017-01-25,SPY,220.025101,0.0
S03,2017-01-26,SPY,219.79509,0.0
S03,2017-01-27,SPY,219.450058,0.0
S03,2017-01-30,SPY,218.089096,0.0
S03,2017-01-31,SPY,218.069916,0.0
S03,2017-02-01,SPY,218.156189,0.0
S03,2017-02-02,SPY,218.299942,0.0
S03,2017-02-03,SPY,219.804672,0.0
S03,2017-02-06,SPY,219.411713,0.0
S03,2017-02-07,SPY,219.42131,0.0
S03,2017-02-08,SPY,219.708817,0.0
S03,2017-02-09,SPY,221.012268,0.0
S03,2017-02-10,SPY,221.88444500000003,0.0
S03,2017-02-13,SPY,223.092056,0.0
S03,2017-02-14,SPY,223.983383,0.0
S03,2017-02-15,SPY,225.152664,0.0
S03,2017-02-16,SPY,224.960983,0.0
S03,2017-02-17,SPY,225.315582,0.0
S03,2017-02-21,SPY,226.657364,0.0
S03,2017-02-22,SPY,226.4561,0.0
S03,2017-02-23,SPY,226.609467,0.0
S03,2017-02-24,SPY,226.896988,0.0
S03,2017-02-27,SPY,227.251602,0.0
S03,2017-02-28,SPY,226.638229,0.0
S03,2017-03-01,SPY,229.810577,0.0
S03,2017-03-02,SPY,228.363388,0.0
S03,2017-03-03,SPY,228.507141,0.0
S03,2017-03-06,SPY,227.826691,0.0
S03,2017-03-07,SPY,227.146133,0.0
S03,2017-03-08,SPY,226.724472,0.0
S03,2017-03-09,SPY,227.011993,0.0
S03,2017-03-10,SPY,227.807495,0.0
S03,2017-03-13,SPY,227.922516,0.0
S03,2017-03-14,SPY,227.050308,0.0
S03,2017-03-15,SPY,229.015091,0.0
S03,2017-03-16,SPY,228.564636,0.0
S03,2017-03-17,SPY,228.163269,0.0
S03,2017-03-20,SPY,227.912979,0.0
S03,2017-03-21,SPY,224.986679,0.0
S03,2017-03-22,SPY,225.516113,0.0
S03,2017-03-23,SPY,225.275452,0.0
S03,2017-03-24,SPY,225.111832,0.0
S03,2017-03-27,SPY,224.880783,0.0
S03,2017-03-28,SPY,226.517181,0.0
S03,2017-03-29,SPY,226.728973,0.0
S03,2017-03-30,SPY,227.450912,0.0
S03,2017-03-31,SPY,226.921509,0.0
S03,2017-04-03,SPY,226.526855,0.0
S03,2017-04-04,SPY,226.671219,0.0
S03,2017-04-05,SPY,225.997406,0.0
S03,2017-04-06,SPY,226.632736,0.0
S03,2017-04-07,SPY,226.401703,0.0
S03,2017-04-10,SPY,226.536469,0.0
S03,2017-04-11,SPY,226.266937,0.0
S03,2017-04-12,SPY,225.275452,0.0
S03,2017-04-13,SPY,223.812302,0.0
S03,2017-04-17,SPY,225.795288,0.0
S03,2017-04-18,SPY,225.121445,0.0
S03,2017-04-19,SPY,224.707535,0.0
S03,2017-04-20,SPY,226.536469,0.0
S03,2017-04-21,SPY,225.814499,0.0
S03,2017-04-24,SPY,228.298004,0.0
S03,2017-04-25,SPY,229.626389,0.0
S03,2017-04-26,SPY,229.48201,0.0
S03,2017-04-27,SPY,229.6745,0.0
S03,2017-04-28,SPY,229.173965,0.0
S03,2017-05-01,SPY,229.751511,0.0
S03,2017-05-02,SPY,229.838165,0.0
S03,2017-05-03,SPY,229.558975,0.0
S03,2017-05-04,SPY,229.828522,0.0
S03,2017-05-05,SPY,230.733353,0.0
S03,2017-05-08,SPY,230.69487,0.0
S03,2017-05-09,SPY,230.483109,0.0
S03,2017-05-10,SPY,230.897003,0.0
S03,2017-05-11,SPY,230.425339,0.0
S03,2017-05-12,SPY,230.040298,0.0
S03,2017-05-15,SPY,231.310913,0.0
S03,2017-05-16,SPY,231.099136,0.0
S03,2017-05-17,SPY,226.99852,0.0
S03,2017-05-18,SPY,227.912979,0.0
S03,2017-05-19,SPY,229.39537,0.0
S03,2017-05-22,SPY,230.560089,0.0
S03,2017-05-23,SPY,231.070282,0.0
S03,2017-05-24,SPY,231.609329,0.0
S03,2017-05-25,SPY,232.716309,0.0
S03,2017-05-26,SPY,232.668213,0.0
S03,2017-05-30,SPY,232.466034,0.0
S03,2017-05-31,SPY,232.408264,0.0
S03,2017-06-01,SPY,234.256439,0.0
S03,2017-06-02,SPY,235.036148,0.0
S03,2017-06-05,SPY,234.8629,0.0
S03,2017-06-06,SPY,234.112076,0.0
S03,2017-06-07,SPY,234.545242,0.0
S03,2017-06-08,SPY,234.660751,0.0
S03,2017-06-09,SPY,234.304581,0.0
S03,2017-06-12,SPY,234.256439,0.0
S03,2017-06-13,SPY,235.401947,0.0
S03,2017-06-14,SPY,235.103531,0.0
S03,2017-06-15,SPY,234.651123,0.0
S03,2017-06-16,SPY,234.702377,0.0
S03,2017-06-19,SPY,236.656326,0.0
S03,2017-06-20,SPY,235.06027200000003,0.0
S03,2017-06-21,SPY,235.002213,0.0
S03,2017-06-22,SPY,234.895813,0.0
S03,2017-06-23,SPY,235.176361,0.0
S03,2017-06-26,SPY,235.3311,0.0
S03,2017-06-27,SPY,233.435226,0.0
S03,2017-06-28,SPY,235.524567,0.0
S03,2017-06-29,SPY,233.454575,0.0
S03,2017-06-30,SPY,233.889877,0.0
S03,2017-07-03,SPY,234.286453,0.0
S03,2017-07-05,SPY,234.82814,0.0
S03,2017-07-06,SPY,232.68074,0.0
S03,2017-07-07,SPY,234.189713,0.0
S03,2017-07-10,SPY,234.441208,0.0
S03,2017-07-11,SPY,234.267105,0.0
S03,2017-07-12,SPY,236.027573,0.0
S03,2017-07-13,SPY,236.42414900000003,0.0
S03,2017-07-14,SPY,237.52684,0.0
S03,2017-07-17,SPY,237.49784900000003,0.0
S03,2017-07-18,SPY,237.623596,0.0
S03,2017-07-19,SPY,238.91008,0.0
S03,2017-07-20,SPY,239.016479,0.0
S03,2017-07-21,SPY,238.803665,0.0
S03,2017-07-24,SPY,238.745667,0.0
S03,2017-07-25,SPY,239.326004,0.0
S03,2017-07-26,SPY,239.335678,0.0
S03,2017-07-27,SPY,239.11322,0.0
S03,2017-07-28,SPY,238.83271800000003,0.0
S03,2017-07-31,SPY,238.697281,0.0
S03,2017-08-01,SPY,239.229309,0.0
S03,2017-08-02,SPY,239.345352,0.0
S03,2017-08-03,SPY,238.881073,0.0
S03,2017-08-04,SPY,239.316345,0.0
S03,2017-08-07,SPY,239.761276,0.0
S03,2017-08-08,SPY,239.171234,0.0
S03,2017-08-09,SPY,239.161591,0.0
S03,2017-08-10,SPY,235.785721,0.0
S03,2017-08-11,SPY,236.133987,0.0
S03,2017-08-14,SPY,238.474792,0.0
S03,2017-08-15,SPY,238.445786,0.0
S03,2017-08-16,SPY,238.86171,0.0
S03,2017-08-17,SPY,235.13765,0.0
S03,2017-08-18,SPY,234.770096,0.0
S03,2017-08-21,SPY,234.953873,0.0
S03,2017-08-22,SPY,237.41079700000003,0.0
S03,2017-08-23,SPY,236.55957,0.0
S03,2017-08-24,SPY,236.00824,0.0
S03,2017-08-25,SPY,236.55957,0.0
S03,2017-08-28,SPY,236.56926,0.0
S03,2017-08-29,SPY,236.840088,0.0
S03,2017-08-30,SPY,237.962112,0.0
S03,2017-08-31,SPY,239.393738,0.0
S03,2017-09-01,SPY,239.732269,0.0
S03,2017-09-05,SPY,238.010498,0.0
S03,2017-09-06,SPY,238.822998,0.0
S03,2017-09-07,SPY,238.794022,0.0
S03,2017-09-08,SPY,238.513504,0.0
S03,2017-09-11,SPY,241.057449,0.0
S03,2017-09-12,SPY,241.869965,0.0
S03,2017-09-13,SPY,241.986038,0.0
S03,2017-09-14,SPY,241.908661,0.0
S03,2017-09-15,SPY,242.234329,0.0
S03,2017-09-18,SPY,242.749542,0.0
S03,2017-09-19,SPY,242.992554,0.0
S03,2017-09-20,SPY,243.080032,0.0
S03,2017-09-21,SPY,242.428741,0.0
S03,2017-09-22,SPY,242.477341,0.0
S03,2017-09-25,SPY,241.981583,0.0
S03,2017-09-26,SPY,242.127396,0.0
S03,2017-09-27,SPY,243.070313,0.0
S03,2017-09-28,SPY,243.361938,0.0
S03,2017-09-29,SPY,244.217377,0.0
S03,2017-10-02,SPY,245.276947,0.0
S03,2017-10-03,SPY,245.80188,0.0
S03,2017-10-04,SPY,246.093521,0.0
S03,2017-10-05,SPY,247.551651,0.0
S03,2017-10-06,SPY,247.269714,0.0
S03,2017-10-09,SPY,246.86145,0.0
S03,2017-10-10,SPY,247.512741,0.0
S03,2017-10-11,SPY,247.901596,0.0
S03,2017-10-12,SPY,247.532166,0.0
S03,2017-10-13,SPY,247.833557,0.0
S03,2017-10-16,SPY,248.164032,0.0
S03,2017-10-17,SPY,248.339035,0.0
S03,2017-10-18,SPY,248.582062,0.0
S03,2017-10-19,SPY,248.650101,0.0
S03,2017-10-20,SPY,249.933243,0.0
S03,2017-10-23,SPY,248.961136,0.0
S03,2017-10-24,SPY,249.39859,0.0
S03,2017-10-25,SPY,248.164032,0.0
S03,2017-10-26,SPY,248.484833,0.0
S03,2017-10-27,SPY,250.516495,0.0
S03,2017-10-30,SPY,249.583298,0.0
S03,2017-10-31,SPY,249.972122,0.0
S03,2017-11-01,SPY,250.302612,0.0
S03,2017-11-02,SPY,250.399857,0.0
S03,2017-11-03,SPY,251.23587,0.0
S03,2017-11-06,SPY,251.62469500000003,0.0
S03,2017-11-07,SPY,251.449707,0.0
S03,2017-11-08,SPY,251.877396,0.0
S03,2017-11-09,SPY,250.963669,0.0
S03,2017-11-10,SPY,250.88588,0.0
S03,2017-11-13,SPY,251.119202,0.0
S03,2017-11-14,SPY,250.53595,0.0
S03,2017-11-15,SPY,249.281952,0.0
S03,2017-11-16,SPY,251.401093,0.0
S03,2017-11-17,SPY,250.662308,0.0
S03,2017-11-20,SPY,251.090027,0.0
S03,2017-11-21,SPY,252.732834,0.0
S03,2017-11-22,SPY,252.509308,0.0
S03,2017-11-24,SPY,253.09254500000003,0.0
S03,2017-11-27,SPY,252.966156,0.0
S03,2017-11-28,SPY,255.532486,0.0
S03,2017-11-29,SPY,255.376907,0.0
S03,2017-11-30,SPY,257.61276200000003,0.0
S03,2017-12-01,SPY,257.078094,0.0
S03,2017-12-04,SPY,256.766998,0.0
S03,2017-12-05,SPY,255.843536,0.0
S03,2017-12-06,SPY,255.892151,0.0
S03,2017-12-07,SPY,256.699005,0.0
S03,2017-12-08,SPY,258.098755,0.0
S03,2017-12-11,SPY,258.876465,0.0
S03,2017-12-12,SPY,259.333313,0.0
S03,2017-12-13,SPY,259.30419900000004,0.0
S03,2017-12-14,SPY,258.244568,0.0
S03,2017-12-15,SPY,260.395142,0.0
S03,2017-12-18,SPY,262.046326,0.0
S03,2017-12-19,SPY,261.039978,0.0
S03,2017-12-20,SPY,260.903168,0.0
S03,2017-12-21,SPY,261.440552,0.0
S03,2017-12-22,SPY,261.372162,0.0
S03,2017-12-26,SPY,261.059509,0.0
S03,2017-12-27,SPY,261.186523,0.0
S03,2017-12-28,SPY,261.723907,0.0
S03,2017-12-29,SPY,260.737061,0.0
S03,2018-01-02,SPY,262.603241,0.0
S03,2018-01-03,SPY,264.264221,0.0
S03,2018-01-04,SPY,265.378052,0.0
S03,2018-01-05,SPY,267.146545,0.0
S03,2018-01-08,SPY,267.635071,0.0
S03,2018-01-09,SPY,268.240875,0.0
S03,2018-01-10,SPY,267.830475,0.0
S03,2018-01-11,SPY,269.784576,0.0
S03,2018-01-12,SPY,271.543304,0.0
S03,2018-01-16,SPY,270.615112,0.0
S03,2018-01-17,SPY,273.19448900000003,0.0
S03,2018-01-18,SPY,272.735321,0.0
S03,2018-01-19,SPY,273.97616600000003,0.0
S03,2018-01-22,SPY,276.203827,0.0
S03,2018-01-23,SPY,276.7901,0.0
S03,2018-01-24,SPY,276.682617,0.0
S03,2018-01-25,SPY,276.799805,0.0
S03,2018-01-26,SPY,280.004608,0.0
S03,2018-01-29,SPY,278.148163,0.0
S03,2018-01-30,SPY,275.29519700000003,0.0
S03,2018-01-31,SPY,275.432007,0.0
S03,2018-02-01,SPY,275.119324,0.0
S03,2018-02-02,SPY,269.130005,0.0
S03,2018-02-05,SPY,257.87426800000003,0.0
S03,2018-02-06,SPY,262.954987,0.0
S03,2018-02-07,SPY,261.528473,0.0
S03,2018-02-08,SPY,251.718857,0.0
S03,2018-02-09,SPY,255.500046,0.0
S03,2018-02-12,SPY,259.251923,0.0
S03,2018-02-13,SPY,259.89682,0.0
S03,2018-02-14,SPY,263.404419,0.0
S03,2018-02-15,SPY,266.76547200000005,0.0
S03,2018-02-16,SPY,266.843628,0.0
S03,2018-02-20,SPY,265.172852,0.0
S03,2018-02-21,SPY,263.853851,0.0
S03,2018-02-22,SPY,264.195831,0.0
S03,2018-02-23,SPY,268.406952,0.0
S03,2018-02-26,SPY,271.523773,0.0
S03,2018-02-27,SPY,268.13336200000003,0.0
S03,2018-02-28,SPY,265.417175,0.0
S03,2018-03-01,SPY,261.5578,0.0
S03,2018-03-02,SPY,262.906128,0.0
S03,2018-03-05,SPY,265.944763,0.0
S03,2018-03-06,SPY,266.618958,0.0
S03,2018-03-07,SPY,266.521271,0.0
S03,2018-03-08,SPY,267.81097400000004,0.0
S03,2018-03-09,SPY,272.471497,0.0
S03,2018-03-12,SPY,272.129547,0.0
S03,2018-03-13,SPY,270.37085,0.0
S03,2018-03-14,SPY,268.983398,0.0
S03,2018-03-15,SPY,268.690277,0.0
S03,2018-03-16,SPY,268.981689,0.0
S03,2018-03-19,SPY,265.34222400000004,0.0
S03,2018-03-20,SPY,265.793518,0.0
S03,2018-03-21,SPY,265.283417,0.0
S03,2018-03-22,SPY,258.652069,0.0
S03,2018-03-23,SPY,253.138992,0.0
S03,2018-03-26,SPY,260.064667,0.0
S03,2018-03-27,SPY,255.640488,0.0
S03,2018-03-28,SPY,254.885086,0.0
S03,2018-03-29,SPY,258.141937,0.0
S03,2018-04-02,SPY,252.570038,0.0
S03,2018-04-03,SPY,255.80726600000003,0.0
S03,2018-04-04,SPY,258.544128,0.0
S03,2018-04-05,SPY,260.584564,0.0
S03,2018-04-06,SPY,254.777206,0.0
S03,2018-04-09,SPY,256.032867,0.0
S03,2018-04-10,SPY,260.103882,0.0
S03,2018-04-11,SPY,258.740356,0.0
S03,2018-04-12,SPY,260.869049,0.0
S03,2018-04-13,SPY,260.103882,0.0
S03,2018-04-16,SPY,262.242371,0.0
S03,2018-04-17,SPY,265.047974,0.0
S03,2018-04-18,SPY,265.244171,0.0
S03,2018-04-19,SPY,263.772736,0.0
S03,2018-04-20,SPY,261.53607200000005,0.0
S03,2018-04-23,SPY,261.496857,0.0
S03,2018-04-24,SPY,257.975189,0.0
S03,2018-04-25,SPY,258.612793,0.0
S03,2018-04-26,SPY,261.241821,0.0
S03,2018-04-27,SPY,261.48703,0.0
S03,2018-04-30,SPY,259.47607400000004,0.0
S03,2018-05-01,SPY,259.937134,0.0
S03,2018-05-02,SPY,258.19101,0.0
S03,2018-05-03,SPY,257.622009,0.0
S03,2018-05-04,SPY,260.957336,0.0
S03,2018-05-07,SPY,261.84024,0.0
S03,2018-05-08,SPY,261.84024,0.0
S03,2018-05-09,SPY,264.371094,0.0
S03,2018-05-10,SPY,266.843109,0.0
S03,2018-05-11,SPY,267.65731800000003,0.0
S03,2018-05-14,SPY,267.784882,0.0
S03,2018-05-15,SPY,265.940643,0.0
S03,2018-05-16,SPY,267.058899,0.0
S03,2018-05-17,SPY,266.833344,0.0
S03,2018-05-18,SPY,266.16626,0.0
S03,2018-05-21,SPY,268.167419,0.0
S03,2018-05-22,SPY,267.421875,0.0
S03,2018-05-23,SPY,268.157623,0.0
S03,2018-05-24,SPY,267.608307,0.0
S03,2018-05-25,SPY,266.970673,0.0
S03,2018-05-29,SPY,263.900208,0.0
S03,2018-05-30,SPY,267.421875,0.0
S03,2018-05-31,SPY,265.783661,0.0
S03,2018-06-01,SPY,268.393097,0.0
S03,2018-06-04,SPY,269.668335,0.0
S03,2018-06-05,SPY,269.864502,0.0
S03,2018-06-06,SPY,272.120758,0.0
S03,2018-06-07,SPY,272.091339,0.0
S03,2018-06-08,SPY,272.895752,0.0
S03,2018-06-11,SPY,273.258667,0.0
S03,2018-06-12,SPY,273.61181600000003,0.0
S03,2018-06-13,SPY,272.738739,0.0
S03,2018-06-14,SPY,273.425446,0.0
S03,2018-06-15,SPY,273.07663,0.0
S03,2018-06-18,SPY,272.514984,0.0
S03,2018-06-19,SPY,271.470459,0.0
S03,2018-06-20,SPY,271.933594,0.0
S03,2018-06-21,SPY,270.228882,0.0
S03,2018-06-22,SPY,270.721588,0.0
S03,2018-06-25,SPY,267.036285,0.0
S03,2018-06-26,SPY,267.627502,0.0
S03,2018-06-27,SPY,265.4104,0.0
S03,2018-06-28,SPY,266.927887,0.0
S03,2018-06-29,SPY,267.31219500000003,0.0
S03,2018-07-02,SPY,267.883698,0.0
S03,2018-07-03,SPY,266.937744,0.0
S03,2018-07-05,SPY,269.115387,0.0
S03,2018-07-06,SPY,271.391632,0.0
S03,2018-07-09,SPY,273.835358,0.0
S03,2018-07-10,SPY,274.820709,0.0
S03,2018-07-11,SPY,272.810577,0.0
S03,2018-07-12,SPY,275.283844,0.0
S03,2018-07-13,SPY,275.50064100000003,0.0
S03,2018-07-16,SPY,275.254272,0.0
S03,2018-07-17,SPY,276.367798,0.0
S03,2018-07-18,SPY,276.949158,0.0
S03,2018-07-19,SPY,275.904663,0.0
S03,2018-07-20,SPY,275.589325,0.0
S03,2018-07-23,SPY,276.101715,0.0
S03,2018-07-24,SPY,277.491089,0.0
S03,2018-07-25,SPY,279.855988,0.0
S03,2018-07-26,SPY,279.195801,0.0
S03,2018-07-27,SPY,277.303894,0.0
S03,2018-07-30,SPY,275.855408,0.0
S03,2018-07-31,SPY,277.215149,0.0
S03,2018-08-01,SPY,276.752045,0.0
S03,2018-08-02,SPY,278.25973500000003,0.0
S03,2018-08-03,SPY,279.451996,0.0
S03,2018-08-06,SPY,280.476776,0.0
S03,2018-08-07,SPY,281.403015,0.0
S03,2018-08-08,SPY,281.28476,0.0
S03,2018-08-09,SPY,280.900482,0.0
S03,2018-08-10,SPY,279.018433,0.0
S03,2018-08-13,SPY,277.973938,0.0
S03,2018-08-14,SPY,279.747589,0.0
S03,2018-08-15,SPY,277.6586,0.0
S03,2018-08-16,SPY,279.905273,0.0
S03,2018-08-17,SPY,280.890656,0.0
S03,2018-08-20,SPY,281.49173,0.0
S03,2018-08-21,SPY,282.151917,0.0
S03,2018-08-22,SPY,281.984406,0.0
S03,2018-08-23,SPY,281.609985,0.0
S03,2018-08-24,SPY,283.304779,0.0
S03,2018-08-27,SPY,285.54162599999995,0.0
S03,2018-08-28,SPY,285.679565,0.0
S03,2018-08-29,SPY,287.216736,0.0
S03,2018-08-30,SPY,286.053986,0.0
S03,2018-08-31,SPY,286.063843,0.0
S03,2018-09-04,SPY,285.571136,0.0
S03,2018-09-05,SPY,284.802551,0.0
S03,2018-09-06,SPY,283.945313,0.0
S03,2018-09-07,SPY,283.393494,0.0
S03,2018-09-10,SPY,283.886169,0.0
S03,2018-09-11,SPY,284.8222350000001,0.0
S03,2018-09-12,SPY,284.891235,0.0
S03,2018-09-13,SPY,286.576233,0.0
S03,2018-09-14,SPY,286.625488,0.0
S03,2018-09-17,SPY,285.108002,0.0
S03,2018-09-18,SPY,286.65509,0.0
S03,2018-09-19,SPY,286.9605410000001,0.0
S03,2018-09-20,SPY,289.286011,0.0
S03,2018-09-21,SPY,289.021698,0.0
S03,2018-09-24,SPY,288.061584,0.0
S03,2018-09-25,SPY,287.794312,0.0
S03,2018-09-26,SPY,286.933197,0.0
S03,2018-09-27,SPY,287.7349240000001,0.0
S03,2018-09-28,SPY,287.764648,0.0
S03,2018-10-01,SPY,288.7643740000001,0.0
S03,2018-10-02,SPY,288.5961,0.0
S03,2018-10-03,SPY,288.754486,0.0
S03,2018-10-04,SPY,286.49765,0.0
S03,2018-10-05,SPY,284.894104,0.0
S03,2018-10-08,SPY,284.894104,0.0
S03,2018-10-09,SPY,284.478363,0.0
S03,2018-10-10,SPY,275.470886,0.0
S03,2018-10-11,SPY,269.403229,0.0
S03,2018-10-12,SPY,273.144806,0.0
S03,2018-10-15,SPY,271.610535,0.0
S03,2018-10-16,SPY,277.54953,0.0
S03,2018-10-17,SPY,277.59906,0.0
S03,2018-10-18,SPY,273.59021,0.0
S03,2018-10-19,SPY,273.441742,0.0
S03,2018-10-22,SPY,272.214325,0.0
S03,2018-10-23,SPY,270.828552,0.0
S03,2018-10-24,SPY,262.622864,0.0
S03,2018-10-25,SPY,267.334442,0.0
S03,2018-10-26,SPY,262.632721,0.0
S03,2018-10-29,SPY,261.177673,0.0
S03,2018-10-30,SPY,265.04794300000003,0.0
S03,2018-10-31,SPY,267.878876,0.0
S03,2018-11-01,SPY,270.729584,0.0
S03,2018-11-02,SPY,269.12606800000003,0.0
S03,2018-11-05,SPY,270.61084,0.0
S03,2018-11-06,SPY,272.323212,0.0
S03,2018-11-07,SPY,278.153351,0.0
S03,2018-11-08,SPY,277.648529,0.0
S03,2018-11-09,SPY,274.936371,0.0
S03,2018-11-12,SPY,269.799164,0.0
S03,2018-11-13,SPY,269.294342,0.0
S03,2018-11-14,SPY,267.45324700000003,0.0
S03,2018-11-15,SPY,270.24453700000004,0.0
S03,2018-11-16,SPY,270.947357,0.0
S03,2018-11-19,SPY,266.364441,0.0
S03,2018-11-20,SPY,261.435028,0.0
S03,2018-11-21,SPY,262.325867,0.0
S03,2018-11-23,SPY,260.573883,0.0
S03,2018-11-26,SPY,264.78067000000004,0.0
S03,2018-11-27,SPY,265.671539,0.0
S03,2018-11-28,SPY,271.788696,0.0
S03,2018-11-29,SPY,271.194794,0.0
S03,2018-11-30,SPY,272.847839,0.0
S03,2018-12-03,SPY,276.460693,0.0
S03,2018-12-04,SPY,267.502716,0.0
S03,2018-12-06,SPY,267.096893,0.0
S03,2018-12-07,SPY,260.890656,0.0
S03,2018-12-10,SPY,261.385559,0.0
S03,2018-12-11,SPY,261.444946,0.0
S03,2018-12-12,SPY,262.761414,0.0
S03,2018-12-13,SPY,262.672302,0.0
S03,2018-12-14,SPY,257.822144,0.0
S03,2018-12-17,SPY,252.764099,0.0
S03,2018-12-18,SPY,252.486938,0.0
S03,2018-12-19,SPY,248.705765,0.0
S03,2018-12-20,SPY,244.657349,0.0
S03,2018-12-21,SPY,239.644424,0.0
S03,2018-12-24,SPY,233.312317,0.0
S03,2018-12-26,SPY,245.100388,0.0
S03,2018-12-27,SPY,246.982117,0.0
S03,2018-12-28,SPY,246.663513,0.0
S03,2018-12-31,SPY,248.82399,0.0
S03,2019-01-02,SPY,249.082855,0.0
S03,2019-01-03,SPY,243.139038,0.0
S03,2019-01-04,SPY,251.283173,0.0
S03,2019-01-07,SPY,253.26445,0.0
S03,2019-01-08,SPY,255.643951,0.0
S03,2019-01-09,SPY,256.838684,0.0
S03,2019-01-10,SPY,257.74472000000003,0.0
S03,2019-01-11,SPY,257.844269,0.0
S03,2019-01-14,SPY,256.271179,0.0
S03,2019-01-15,SPY,259.208252,0.0
S03,2019-01-16,SPY,259.83551,0.0
S03,2019-01-17,SPY,261.806793,0.0
S03,2019-01-18,SPY,265.291443,0.0
S03,2019-01-22,SPY,261.707245,0.0
S03,2019-01-23,SPY,262.254852,0.0
S03,2019-01-24,SPY,262.394226,0.0
S03,2019-01-25,SPY,264.614441,0.0
S03,2019-01-28,SPY,262.603302,0.0
S03,2019-01-29,SPY,262.254852,0.0
S03,2019-01-30,SPY,266.406525,0.0
S03,2019-01-31,SPY,268.746246,0.0
S03,2019-02-01,SPY,268.875671,0.0
S03,2019-02-04,SPY,270.767334,0.0
S03,2019-02-05,SPY,271.902344,0.0
S03,2019-02-06,SPY,271.543915,0.0
S03,2019-02-07,SPY,268.955353,0.0
S03,2019-02-08,SPY,269.283875,0.0
S03,2019-02-11,SPY,269.433228,0.0
S03,2019-02-12,SPY,272.89798,0.0
S03,2019-02-13,SPY,273.784058,0.0
S03,2019-02-14,SPY,273.176727,0.0
S03,2019-02-15,SPY,276.153625,0.0
S03,2019-02-19,SPY,276.631531,0.0
S03,2019-02-20,SPY,277.189056,0.0
S03,2019-02-21,SPY,276.2034,0.0
S03,2019-02-22,SPY,277.915863,0.0
S03,2019-02-25,SPY,278.294189,0.0
S03,2019-02-26,SPY,278.095062,0.0
S03,2019-02-27,SPY,277.975616,0.0
S03,2019-02-28,SPY,277.457855,0.0
S03,2019-03-01,SPY,279.190247,0.0
S03,2019-03-04,SPY,278.174713,0.0
S03,2019-03-05,SPY,277.79638700000004,0.0
S03,2019-03-06,SPY,276.11377000000005,0.0
S03,2019-03-07,SPY,273.803986,0.0
S03,2019-03-08,SPY,273.256378,0.0
S03,2019-03-11,SPY,277.218933,0.0
S03,2019-03-12,SPY,278.264313,0.0
S03,2019-03-13,SPY,280.106201,0.0
S03,2019-03-14,SPY,279.927002,0.0
S03,2019-03-15,SPY,281.309998,0.0
S03,2019-03-18,SPY,282.329987,0.0
S03,2019-03-19,SPY,282.399994,0.0
S03,2019-03-20,SPY,281.549988,0.0
S03,2019-03-21,SPY,284.730011,0.0
S03,2019-03-22,SPY,279.25,0.0
S03,2019-03-25,SPY,279.040009,0.0
S03,2019-03-26,SPY,281.119995,0.0
S03,2019-03-27,SPY,279.649994,0.0
S03,2019-03-28,SPY,280.709991,0.0
