Date,BABA,CRM,TEAM
2014-03-03,,,
2014-03-04,,,
2014-03-05,,,
2014-03-06,,,
2014-03-07,,,
2014-03-10,,,
2014-03-11,,,
2014-03-12,,,
2014-03-13,,,
2014-03-14,,,
2014-03-17,,,
2014-03-18,,,
2014-03-19,,,
2014-03-20,,,
2014-03-21,,,
2014-03-24,,,
2014-03-25,,,
2014-03-26,,,
2014-03-27,,,
2014-03-28,,,
2014-03-31,,,
2014-04-01,,1.0,
2014-04-02,,0.9889456290637013,
2014-04-03,,0.9479592338088304,
2014-04-04,,0.9253401517914991,
2014-04-07,,0.9178571754737616,
2014-04-08,,0.938945577192952,
2014-04-09,,0.9685374484445143,
2014-04-10,,0.9277210872061408,
2014-04-11,,0.8991496581488038,
2014-04-14,,0.9146258488881945,
2014-04-15,,0.9392857302599613,
2014-04-16,,0.9520408325177012,
2014-04-17,,0.9540816148653336,
2014-04-21,,0.9542517339158457,
2014-04-22,,0.970748349842659,
2014-04-23,,0.9462585024873897,
2014-04-24,,0.9307823287548014,
2014-04-25,,0.8979591819380812,
2014-04-28,,0.8355442489038138,
2014-04-29,,0.863265286790226,
2014-04-30,,0.8784014094966226,
2014-05-01,,0.8857143347910602,
2014-05-02,,0.8918367328543664,
2014-05-05,,0.9124150155172623,
2014-05-06,,0.8806122428675551,
2014-05-07,,0.8576530758104265,
2014-05-08,,0.8528912049811429,
2014-05-09,,0.8551020383520754,
2014-05-12,,0.9086734848413857,
2014-05-13,,0.889115644372715,
2014-05-14,,0.8823129571821932,
2014-05-15,,0.874489776777037,
2014-05-16,,0.8809523789277616,
2014-05-19,,0.9052721242393218,
2014-05-20,,0.8994897942090101,
2014-05-21,,0.8535714260811467,
2014-05-22,,0.9059523963597346,
2014-05-23,,0.9083333487811792,
2014-05-27,,0.924489828647786,
2014-05-28,,0.907142872570457,
2014-05-29,,0.9251701177750019,
2014-05-30,,0.895068059439933,
2014-06-02,,0.8908163586873531,
2014-06-03,,0.8664966303825958,
2014-06-04,,0.8685374297370311,
2014-06-05,,0.8736394536333241,
2014-06-06,,0.8809523789277616,
2014-06-09,,0.8794217666568327,
2014-06-10,,0.9023809847343703,
2014-06-11,,0.9066326854869503,
2014-06-12,,0.902040848674164,
2014-06-13,,0.92363948849727,
2014-06-16,,0.928741529400366,
2014-06-17,,0.9833333500566896,
2014-06-18,,0.9823129078624645,
2014-06-19,,0.9843537752441118,
2014-06-20,,0.9780612071098843,
2014-06-23,,0.9863945745985473,
2014-06-24,,0.9772108839661715,
2014-06-25,,0.9763605608224583,
2014-06-26,,0.9722788940863756,
2014-06-27,,0.975850373738952,
2014-06-30,,0.9877551528529788,
2014-07-01,,1.006802755217734,
2014-07-02,,1.001870765337938,
2014-07-03,,0.9993197108727843,
2014-07-07,,0.975170084611736,
2014-07-08,,0.9335034002296496,
2014-07-09,,0.928571410349854,
2014-07-10,,0.9234693864535608,
2014-07-11,,0.9219387741826323,
2014-07-14,,0.9307823287548014,
2014-07-15,,0.9139456277881908,
2014-07-16,,0.917517039413555,
2014-07-17,,0.8952380934564302,
2014-07-18,,0.9098639610521083,
2014-07-21,,0.9068027365102505,
2014-07-22,,0.9115646073395339,
2014-07-23,,0.9115646073395339,
2014-07-24,,0.9193877877446904,
2014-07-25,,0.9335034002296496,
2014-07-28,,0.918367362557268,
2014-07-29,,0.9324830430694396,
2014-07-30,,0.9566326693304877,
2014-07-31,,0.922619063309848,
2014-08-01,,0.9095238249919015,
2014-08-04,,0.9336735192801617,
2014-08-05,,0.9234693864535608,
2014-08-06,,0.91649659721933,
2014-08-07,,0.914115661804688,
2014-08-08,,0.9258503388750056,
2014-08-11,,0.9331632641694432,
2014-08-12,,0.8971088587943683,
2014-08-13,,0.8982993350050908,
2014-08-14,,0.9100339950686053,
2014-08-15,,0.9120748624502527,
2014-08-18,,0.9248299647079924,
2014-08-19,,0.934693876440372,
2014-08-20,,0.9420068017348096,
2014-08-21,,0.947448978698112,
2014-08-22,,1.0170068030103196,
2014-08-25,,1.0073129423012404,
2014-08-26,,1.0142857145286688,
2014-08-27,,1.0132653573684585,
2014-08-28,,0.9913265644783428,
2014-08-29,,1.0049319898797957,
2014-09-02,,1.0178571261540328,
2014-09-03,,1.0039115646923733,
2014-09-04,,1.0047619558632988,
2014-09-05,,1.0171769050540287,
2014-09-08,,1.0265306467097048,
2014-09-09,,1.0146258675956779,
2014-09-10,,1.0323129597332135,
2014-09-11,,1.0409863952548708,
2014-09-12,,1.0076530783614466,
2014-09-15,,0.9790816493041097,
2014-09-16,,0.9797619384313252,
2014-09-17,,0.9770408499496743,
2014-09-18,,0.9806122615750382,
2014-09-19,,0.99047624133463,
2014-09-22,,0.9748299485515297,
2014-09-23,,0.9661564960230696,
2014-09-24,,0.9806122615750382,
2014-09-25,,0.951020390323476,
2014-09-26,,0.9619047952704897,
2014-09-29,,0.9732993362806007,
2014-09-30,,0.9784013601768937,
2014-10-01,1.0,0.964795934775441,
2014-10-02,1.0111498260429692,0.9632653054977092,
2014-10-03,1.0232288042561861,0.9942176869764913,
2014-10-06,1.0256678287030851,0.99149659849484,
2014-10-07,1.0182346113411056,0.9678571593172984,
2014-10-08,1.0255517427538152,0.9846939283111212,
2014-10-09,1.0312427765677765,0.9715986729863721,
2014-10-10,0.9974448199174175,0.9314626008752145,
2014-10-13,0.9886179439864793,0.9052721242393218,
2014-10-14,0.9866434259382908,0.8965986717108618,
2014-10-15,0.9941927989359535,0.9028911718178771,
2014-10-16,1.0319396058522554,0.9161564611591234,
2014-10-17,1.0210221375382609,0.9460884684708922,
2014-10-20,1.0250871550542893,0.952891155661414,
2014-10-21,1.0557491766724547,0.97346943832431,
2014-10-22,1.0642276321539517,0.9566326693304877,
2014-10-23,1.0969802461551739,0.9843537752441118,
2014-10-24,1.1121951710149864,1.0130952553247492,
2014-10-27,1.135772395720613,1.005272142946805,
2014-10-28,1.1577236041283068,1.0464285722181728,
2014-10-29,1.141811849984015,1.036904796546,
2014-10-30,1.1466899569498246,1.0496598988037402,
2014-10-31,1.1451800266011618,1.0882653586439683,
2014-11-03,1.1823461714830699,1.0814626034262347,
2014-11-04,1.2319396337268207,1.0811224673660282,
2014-11-05,1.262137056031058,1.0528911743688976,
2014-11-06,1.295818845431332,1.072959201921075,
2014-11-07,1.3305458845655256,1.087925205576959,
2014-11-10,1.3838560367910808,1.0960884029947007,
2014-11-11,1.3303136313661705,1.0894557668274787,
2014-11-12,1.372822296697382,1.0845238279680922,
2014-11-13,1.3337978939325874,1.0741496781317972,
2014-11-14,1.336817661714696,1.0869047803895366,
2014-11-17,1.3269454431346213,1.0630952221614831,
2014-11-18,1.2869918765851769,1.0624150010614797,
2014-11-19,1.2638792395790766,1.037755119689713,
2014-11-20,1.2754936417071692,0.99149659849484,
2014-11-21,1.2860627824869404,0.9896258501637046,
2014-11-24,1.3231126672035465,0.987925186869476,
2014-11-25,1.3178862210891107,1.0091836906323757,
2014-11-26,1.30859466454343,1.0073129423012404,
2014-11-28,1.2966318419658964,1.018197279221042,
2014-12-01,1.231010458327769,1.0047619558632988,
2014-12-02,1.2763066382417334,1.0076530783614466,
2014-12-03,1.2850174398378036,1.0013605782544317,
2014-12-04,1.2679442570951045,1.002551054465154,
2014-12-05,1.253194012850035,1.0008503231437127,
2014-12-08,1.2203252315987276,0.9593537578121387,
2014-12-09,1.248315975570638,0.9547619039925495,
2014-12-10,1.2065040582230908,0.9408163425308901,
2014-12-11,1.2191638030003205,0.9435374310125412,
2014-12-12,1.2207898192982534,0.9365646417783103,
2014-12-15,1.2160278679681267,0.9423469548018187,
2014-12-16,1.2284552782451865,0.9147959509319037,
2014-12-17,1.2662020851614884,0.9693877715882272,
2014-12-18,1.2688734324941566,1.0090136566158785,
2014-12-19,1.2851336187022908,1.0180272452045447,
2014-12-22,1.2632984846294653,1.0180272452045447,
2014-12-23,1.2255516777131634,1.0289115821243462,
2014-12-24,1.230545870628243,1.0260204596261984,
2014-12-26,1.230545870628243,1.0340136060206395,
2014-12-29,1.2308943723784986,1.0263605276591927,
2014-12-30,1.228223025045831,1.0107143029033043,
2014-12-31,1.207200980422787,1.0086735035488694,
2015-01-02,1.2032520372416269,1.0074830443449496,
2015-01-05,1.1730546149373893,0.9892856970966956,
2015-01-06,1.2000000278745648,0.9727891491970944,
2015-01-07,1.186178854498928,0.9681972953775047,
2015-01-08,1.219860643899202,0.996428588374636,
2015-01-09,1.1965156723929309,0.9891156630801984,
2015-01-12,1.1802555791000133,0.9818027377857608,
2015-01-13,1.1703832676047217,0.9858843875150408,
2015-01-14,1.1565621871443015,0.9736394723408072,
2015-01-15,1.1185830457278294,0.937244930905526,
2015-01-16,1.1253194105765254,0.9632653054977092,
2015-01-20,1.1619048005088226,0.9743197614680232,
2015-01-21,1.1996516074251244,0.9814625847187517,
2015-01-22,1.2078978213216685,0.9863945745985473,
2015-01-23,1.1975610150420675,0.9969387754581424,
2015-01-26,1.207781654071583,1.0166666669501132,
2015-01-27,1.1955865782946942,0.982823162973183,
2015-01-28,1.1434378546675459,0.9583333156179136,
2015-01-29,1.0430894318952249,0.988095220885973,
2015-01-30,1.0346109647993258,0.9600340469393545,
2015-02-02,1.0468060289618124,0.974149659424314,
2015-02-03,1.0523809884409057,0.9967687414416452,
2015-02-04,1.0452961915283667,1.0032313435923697,
2015-02-05,1.0104529851440878,1.007823112377944,
2015-02-06,0.9951219743350053,1.0062925001070153,
2015-02-09,0.9988385830159947,0.9860544385383407,
2015-02-10,1.0134727529261964,0.9998299659835028,
2015-02-11,0.9988385830159947,1.0,
2015-02-12,1.0116144021280928,1.0418367183985835,
2015-02-13,1.0342625443498847,1.068877535184992,
2015-02-17,1.0087108015960695,1.0556122628505487,
2015-02-18,1.0074332173619798,1.071428589650146,
2015-02-19,1.0091753892955955,1.0681973140849883,
2015-02-20,1.0062717887635724,1.0840136578913886,
2015-02-23,0.9926829615025077,1.0642857663994179,
2015-02-24,0.9836237394569973,1.0532313104291036,
2015-02-25,1.0010453426491368,1.0692176882520015,
2015-02-26,0.9915215445185027,1.1945578094312552,
2015-02-27,0.9886179439864793,1.1799319418355771,
2015-03-02,0.9756097787598088,1.164285717079689,
2015-03-03,0.9475029488386284,1.1386054105205001,
2015-03-04,0.9929152147018633,1.1034013282891384,
2015-03-05,1.0,1.1154761414196623,
2015-03-06,0.9802555628398503,1.0979591683326386,
2015-03-09,0.9585365960171103,1.1136055121361481,
2015-03-10,0.9636469561822752,1.084353725924383,
2015-03-11,0.9522648072535377,1.0829932156971638,
2015-03-12,0.9514517991045712,1.1045918044998604,
2015-03-13,0.950754969820092,1.0986394404530515,
2015-03-16,0.9756097787598088,1.1297619239755432,
2015-03-17,0.9814169798238555,1.1488095943675098,
2015-03-18,0.9824622295577752,1.16581639737783,
2015-03-19,0.9958188152338864,1.1714285403304172,
2015-03-20,0.989547026470314,1.151190529782152,
2015-03-23,0.9785133792918322,1.1506803597054485,
2015-03-24,0.9713124151292084,1.1457483698256523,
2015-03-25,0.9727061782277857,1.118707485012032,
2015-03-26,0.9775842038927803,1.1222788966373962,
2015-03-27,0.9823461552229075,1.1318027913571902,
2015-03-30,0.974448361775804,1.1369047472262712,
2015-03-31,0.966782809913654,1.1362244751058583,
2015-04-01,0.9565621708841386,1.123809576935537,
2015-04-02,0.955632995485087,1.134013624728123,
2015-04-06,0.9502903821205664,1.1554422305347318,
2015-04-07,0.9548199873361203,1.1598639142833995,
2015-04-08,0.9917537861034562,1.1600340163271092,
2015-04-09,1.0004645876995262,1.1520408019054555,
2015-04-10,0.9823461552229075,1.1503401386112269,
2015-04-13,0.9788617997412727,1.1408163799458568,
2015-04-14,0.9872241808879021,1.1379252574477083,
2015-04-15,0.9833914049568269,1.1430272133167894,
2015-04-16,0.9763066196586903,1.1549320604580282,
2015-04-17,0.9512195575196181,1.1192176720955382,
2015-04-20,0.9547038200860353,1.1377551554039993,
2015-04-21,0.9572590001686176,1.1459183358149378,
2015-04-22,0.9529617294532343,1.151530614821949,
2015-04-23,0.955632995485087,1.1644558191233982,
2015-04-24,0.9822299879728218,1.1535714822035967,
2015-04-27,0.9860627639038968,1.1537414481928818,
2015-04-28,0.988153356286954,1.137585036353487,
2015-04-29,0.9576074206180583,1.2695578787339776,
2015-04-30,0.9441347606070793,1.2384353952114862,
2015-05-01,0.9427409975085014,1.247619085843862,
2015-05-04,0.9360046210454036,1.2176870615252902,
2015-05-05,0.9238095568829164,1.237244919000764,
2015-05-06,0.9291521702474373,1.2549320111382996,
2015-05-07,0.9988385830159947,1.267346909308621,
2015-05-08,1.0111498260429692,1.2312925719607581,
2015-05-11,1.007200964162624,1.210884323314359,
2015-05-12,1.0077816378114204,1.2205782010302417,
2015-05-13,1.016608606657575,1.22091840511766,
2015-05-14,1.0267131713522224,1.2394557523716965,
2015-05-15,1.0274100006367013,1.2312925719607581,
2015-05-18,1.0117305809925798,1.2380953101716887,
2015-05-19,1.0245064001046782,1.2156463301980667,
2015-05-20,1.0534262381748254,1.1931973672312477,
2015-05-21,1.090360036942161,1.239966075509627,
2015-05-22,1.0832752516440243,1.2756803278176927,
2015-05-26,1.0745644500479548,1.251190497469226,
2015-05-27,1.0754936138326043,1.2576530315927383,
2015-05-28,1.0563298387068487,1.2360544427900415,
2015-05-29,1.0373983980812633,1.237244919000764,
2015-06-01,1.0543554135738773,1.2431972660407697,
2015-06-02,1.0512195598424983,1.239795973465918,
2015-06-03,1.0544715808239624,1.249489834174997,
2015-06-04,1.0521486423263333,1.228061228368388,
2015-06-05,1.0535424054249105,1.2508504124294286,
2015-06-08,1.0254355755037299,1.2217686602341606,
2015-06-09,1.0171893616071863,1.2204082180341533,
2015-06-10,1.0325203724162688,1.2420068068368506,
2015-06-11,1.0128919979765851,1.2312925719607581,
2015-06-12,1.0061556215134873,1.2205782010302417,
2015-06-15,1.0002323461145726,1.2340135924151971,
2015-06-16,0.9998838327499148,1.2482993749710776,
2015-06-17,1.0081301395616755,1.2656462460143914,
2015-06-18,1.0075493846120647,1.2875850389045074,
2015-06-19,0.9958188152338864,1.2755102257739834,
2015-06-22,0.9951219743350053,1.27176871210491,
2015-06-23,0.988153356286954,1.2619047323453185,
2015-06-24,0.9891986060208733,1.2500000212585034,
2015-06-25,0.9900116141698401,1.2518707865964418,
2015-06-26,0.9672473976131799,1.2302720617393206,
2015-06-29,0.9415795805244963,1.1904762107223843,
2015-06-30,0.9555168282350016,1.1841836425881573,
2015-07-01,0.9577235878681436,1.1996599013547602,
2015-07-02,0.9531939826525896,1.1976190339731125,
2015-07-06,0.9318235175801046,1.176190564220928,
2015-07-07,0.9247387322819682,1.1948980135186735,
2015-07-08,0.90522652509237,1.1801020438792866,
2015-07-09,0.9180023558188699,1.1897959215951688,
2015-07-10,0.9326365257290713,1.2098639491473462,
2015-07-13,0.950754969820092,1.2083334049036294,
2015-07-14,0.9465737734395766,1.22091840511766,
2015-07-15,0.9376307186441514,1.2136054798232225,
2015-07-16,0.9469221938890172,1.231632639993752,
2015-07-17,0.9681765730122316,1.238265293167777,
2015-07-20,0.9601626007006407,1.2375850040405612,
2015-07-21,0.9586527632671954,1.2556123002655153,
2015-07-22,0.9773519623078273,1.256292589392731,
2015-07-23,0.9742160156612317,1.228061228368388,
2015-07-24,0.9642276298310717,1.2571428445092314,
2015-07-27,0.9454123564555716,1.232312929120968,
2015-07-28,0.9356562122103647,1.2549320111382996,
2015-07-29,0.9321719380295456,1.2564625553820166,
2015-07-30,0.9286875825479113,1.247619085843862,
2015-07-31,0.9098722162571944,1.2465987116768489,
2015-08-03,0.905807198741166,1.231972844081171,
2015-08-04,0.9160279306858985,1.222619051405086,
2015-08-05,0.9270615778643803,1.2335034053316907,
2015-08-06,0.9170731804198184,1.197789136016822,
2015-08-07,0.9154471757362873,1.1974490679838274,
2015-08-10,0.9346109508620427,1.2120747995250816,
2015-08-11,0.8982578141291012,1.2181972486087966,
2015-08-12,0.8522647933162553,1.2081633028599201,
2015-08-13,0.8723577554554646,1.2142857689504385,
2015-08-14,0.8682927263250342,1.2413265177096346,
2015-08-17,0.8732869192401144,1.2591837118908795,
2015-08-18,0.8580719943803018,1.234353796502616,
2015-08-19,0.8492451184493639,1.22517010587024,
2015-08-20,0.8167247576474972,1.1534013801598877,
2015-08-21,0.7918699370933783,1.1760204621772183,
2015-08-24,0.7642276948717233,1.1083333181689339,
2015-08-25,0.7963995539233345,1.1085034202126434,
2015-08-26,0.7974448965724713,1.1653060912467021,
2015-08-27,0.8227642002964971,1.1894558365553716,
2015-08-28,0.813821157115474,1.1947279114749645,
2015-08-31,0.7679443035527131,1.1795918738025828,
2015-09-01,0.7529617131930714,1.1331632335571977,
2015-09-02,0.761207927089615,1.1561225196619476,
2015-09-03,0.7720093210687413,1.160714305454325,
2015-09-04,0.7422764400064212,1.1416666350623574,
2015-09-08,0.7074332336221423,1.2034014150238337,
2015-09-09,0.7437863238974755,1.1739795947955713,
2015-09-10,0.7413473110649782,1.1860544079260953,
2015-09-11,0.750638774695442,1.1913266018933095,
2015-09-14,0.7270615499898153,1.1886054453844466,
2015-09-15,0.7531939547780244,1.2120747995250816,
2015-09-16,0.7808362899148963,1.2224489493613768,
2015-09-17,0.7665505404541357,1.2299319937063262,
2015-09-18,0.7636469399221123,1.2142857689504385,
2015-09-21,0.7421603192139447,1.226870752157666,
2015-09-22,0.7189315149577588,1.2185374697030182,
2015-09-23,0.6968641276855777,1.2243197146993148,
2015-09-24,0.6959349522865261,1.2195578268632283,
2015-09-25,0.6880372052970314,1.231972844081171,
2015-09-28,0.6665505265168531,1.1741496968392806,
2015-09-29,0.6715447310463352,1.1629251388252575,
2015-09-30,0.6849013051080444,1.1807823330065026,
2015-10-01,0.6837398416664306,1.239966075509627,
2015-10-02,0.7340302261098774,1.2573129465529413,
2015-10-05,0.7425087280489832,1.2801020115663606,
2015-10-06,0.742392560798898,1.2656462460143914,
2015-10-07,0.7698025614355997,1.2755102257739834,
2015-10-08,0.7862949892286873,1.2770407700177002,
2015-10-09,0.7980255586068654,1.2797619265265632,
2015-10-12,0.8164925044481417,1.2904761614026559,
2015-10-13,0.8092915402855178,1.3032312636603955,
2015-10-14,0.7960511334738941,1.2853742055335753,
2015-10-15,0.8336817731401109,1.3214285428814376,
2015-10-16,0.8361207859726081,1.33962582210248,
2015-10-19,0.8437863378347581,1.3253401585942204,
2015-10-20,0.8337979403901962,1.3185374203832896,
2015-10-21,0.8069686947031055,1.2896259062861553,
2015-10-22,0.8245063838445152,1.3158163999288501,
2015-10-23,0.8782811237695962,1.3360544104771155,
2015-10-26,0.8867595792510936,1.3302721484740159,
2015-10-27,0.9226481282845094,1.3222789340523626,
2015-10-28,0.9564459920196512,1.3355442233936095,
2015-10-29,0.9549361545862056,1.3289115702195846,
2015-10-30,0.9736353536268376,1.321598644925147,
2015-11-02,0.9796747962758372,1.3469387473969172,
2015-11-03,0.9691057367968813,1.3372448696810353,
2015-11-04,0.9918699649679434,1.3331632709721644,
2015-11-05,0.9916376188533708,1.3386054479354663,
2015-11-06,0.9710801735442548,1.3505102950767054,
2015-11-09,0.9451800103409991,1.3302721484740159,
2015-11-10,0.9457607652906102,1.3307823355575223,
2015-11-11,0.9274099866994189,1.3386054479354663,
2015-11-12,0.9147503348374061,1.3316327267284478,
2015-11-13,0.8809523781870471,1.2857142735665694,
2015-11-16,0.9094077214728855,1.2969388315805925,
2015-11-17,0.9074332034246968,1.3136054305034937,
2015-11-18,0.9023229245603467,1.3154761788346288,
2015-11-19,0.9044135285578053,1.371428577745384,
2015-11-20,0.9285714152978259,1.3773809417921927,
2015-11-23,0.9443670138064346,1.373809530166829,
2015-11-24,0.9391405676919992,1.3671768769928039,
2015-11-25,0.949012786272074,1.3675170980870255,
2015-11-27,0.9451800103409991,1.3600340537420754,
2015-11-30,0.9765389541588607,1.3552721659059896,
2015-12-01,0.9756097787598088,1.3777211458796113,
2015-12-02,0.9872241808879021,1.3755101764542543,
2015-12-03,0.9592334253015894,1.35935376461486,
2015-12-04,0.9854819973398836,1.3969387822608637,
2015-12-07,0.984436747605964,1.3721088668726,
2015-12-08,0.9800232167252779,1.378911622090334,
2015-12-09,0.9688734022967103,1.3556122509457864,
2015-12-10,0.9794425546908843,1.349999971938775,
2015-12-11,0.9261324024653287,1.3073129984236904,
2015-12-14,0.93577237946045,1.3093537297509137,
2015-12-15,0.9580720083175844,1.3158163999288501,
2015-12-16,0.9829268172573012,1.3416666724773245,
2015-12-17,0.9704994185946436,1.3338435600993805,
2015-12-18,0.9599303591156876,1.3100340188781294,
2015-12-21,0.9624855391982704,1.3144558216744187,
2015-12-22,0.9853658300897986,1.3241496993903008,
2015-12-23,0.9849013353054896,1.3272109239321586,
2015-12-24,0.9722415905282598,1.3236395123067948,
2015-12-28,0.9540069791871539,1.3299319443865976,
2015-12-29,0.9670151444138243,1.3510204651534092,
2015-12-30,0.9486643658226334,1.3459183732299045,
2015-12-31,0.9439024261069087,1.3333333900226767,
2016-01-04,0.8907085224322537,1.3045918419148272,
2016-01-05,0.9132404044887434,1.310374222965548,
2016-01-06,0.8981417397942334,1.297449018664099,
2016-01-07,0.8445993343693223,1.2636055146871683,
2016-01-08,0.8222997055121882,1.2454082354661267,
2016-01-11,0.8120789735674557,1.2445578442952017,
2016-01-12,0.8441347466697966,1.2663265351416075,
2016-01-13,0.8163763371980566,1.2304421637830298,
2016-01-14,0.8391405537547166,1.2426870959640661,
2016-01-15,0.8082461976363808,1.2051020783180624,
2016-01-19,0.8145179863999533,1.2040817041510494,
2016-01-20,0.7980255586068654,1.1960884897293962,
2016-01-21,0.8213705301131364,1.1821429112609334,
2016-01-22,0.8173055125971083,1.2168368064087893,
2016-01-25,0.8097561279850437,1.1891156324679528,
2016-01-26,0.8103368016338397,1.1882653773514522,
2016-01-27,0.807665535601987,1.1467687269858626,
2016-01-28,0.7772357671831767,1.1171769237615123,
2016-01-29,0.7785133630316693,1.157482978868758,
2016-02-01,0.7785133630316693,1.1639456320398915,1.0
2016-02-02,0.7559813880599624,1.097278879205423,1.0080302314596128
2016-02-03,0.7368176593918154,1.1112244406670824,1.1228153046764289
2016-02-04,0.7533101336425118,1.14285711127308,1.1336797354747286
2016-02-05,0.7275261376893412,0.9950680101202043,0.9537081247047708
2016-02-08,0.709639946797676,0.9192176857009813,0.8464808691544637
2016-02-09,0.7130081350292251,0.9750000505952388,0.8937175247992442
2016-02-10,0.7175377518591812,0.9993197108727843,0.9475672649976383
2016-02-11,0.7034843368985909,1.0074830443449496,0.9612659423712802
2016-02-12,0.7072009339651785,1.0149660036558843,0.949456778460085
2016-02-16,0.7699187286856849,1.0156462927831003,1.0477090222012282
2016-02-17,0.7709639784196047,1.0797619571388086,1.102975909305621
2016-02-18,0.7725899947175378,1.0493197627435333,1.0392064241851677
2016-02-19,0.7814169635636924,1.0568027220544682,1.0453471421823337
2016-02-22,0.7995353960403111,1.0880952566002593,1.044402503542749
2016-02-23,0.7778165221327878,1.0697279433627198,1.0632971185640059
2016-02-24,0.7808362899148963,1.0632653242051926,1.065658904109589
2016-02-25,0.7742160923162855,1.1806122309627929,1.1117146905999056
2016-02-26,0.7771196928483086,1.185714322886298,1.1006140292867264
2016-02-29,0.7991869872052726,1.152210903949165,1.1228153046764289
2016-03-01,0.8229965464110696,1.1908162957621822,1.1147850732168165
2016-03-02,0.8275261516266237,1.197789136016822,1.1412376003778932
2016-03-03,0.8248548042939557,1.2040817041510494,1.0864430798299478
2016-03-04,0.8387921333052759,1.2085033878997176,1.0873878129428436
2016-03-07,0.8465737595022941,1.198809510183835,1.087860226735947
2016-03-08,0.8254355592435669,1.1874149861805268,1.0562116674539443
2016-03-09,0.8412311461377734,1.2081633028599201,1.0283419933868678
2016-03-10,0.8358885327732527,1.2023809218091992,1.0495984411903636
2016-03-11,0.8595819247289646,1.2181972486087966,1.085025932923949
2016-03-14,0.8519163728668145,1.2282313304120973,1.0736891828058575
2016-03-15,0.8389083005553611,1.219387724819519,1.110061407652338
2016-03-16,0.8536585564148329,1.2369048339609665,1.1426547472838922
2016-03-17,0.8623693580109026,1.2367347319172572,1.1535191308455361
2016-03-18,0.8855981622670884,1.2355442727133379,1.0977798771846954
2016-03-21,0.9072009618397436,1.2287415174956038,1.1299008030231459
2016-03-22,0.908013958374308,1.2389455652881898,1.1662730751062824
2016-03-23,0.889198603697993,1.2207483030739503,1.1634387812942846
2016-03-24,0.8810685570515343,1.231972844081171,1.125177137458668
2016-03-28,0.8882695095997564,1.223639425572099,1.1341521020311764
2016-03-29,0.9068525413903031,1.229591908666529,1.13887581483231
2016-03-30,0.9159117634358134,1.2636055146871683,1.1213982050070854
2016-03-31,0.9178861885687848,1.2556123002655153,1.1880018894662254
2016-04-01,0.9144019143879653,1.287925242991926,1.119036419461502
2016-04-04,0.918466943518396,1.2872449538647102,1.1384034010392066
2016-04-05,0.8980255725441478,1.2683674025232554,1.1091166745394425
2016-04-06,0.9138211594383544,1.2853742055335753,1.1124231931979216
2016-04-07,0.901393760775697,1.2809524027372854,1.0892772319319792
2016-04-08,0.899767744477764,1.2729591713088295,1.0977798771846954
2016-04-11,0.9025551777597021,1.2612245792725267,1.0973075106282475
2016-04-12,0.9042973613077204,1.263095208556041,1.0916391591875296
2016-04-13,0.9249709738669216,1.291666637613378,1.1133679735474726
2016-04-14,0.9246225650318828,1.2950680832494572,1.0836089277279168
2016-04-15,0.9171893476699035,1.2977891037038962,1.0680208313651391
2016-04-18,0.9176539353694293,1.3141156175870004,1.1006140292867264
2016-04-19,0.9228803814838648,1.29574835536987,1.1053377420878598
2016-04-20,0.9432055852080273,1.2948979641989449,1.1152574870099194
2016-04-21,0.9382113922929477,1.312074886259777,1.1478506849315067
2016-04-22,0.9278745743989447,1.3006803452496656,1.125177137458668
2016-04-25,0.9156794173212407,1.3011905323331725,1.1294284364666984
2016-04-26,0.9130081629037899,1.296088440409667,1.1384034010392066
2016-04-27,0.9018583484752228,1.2872449538647102,1.1176192725555032
2016-04-28,0.8873403458151068,1.281972759897496,1.0954180916391119
2016-04-29,0.8936121229642771,1.2891157192026486,1.0944733112895608
2016-05-02,0.8897793586476042,1.313775532547203,1.1417099669343411
2016-05-03,0.8816493120011453,1.2738095794865574,1.1232877184695325
2016-05-04,0.8806039693520084,1.2583333207199545,1.0996693906471422
2016-05-05,0.9155633429863728,1.2552720961780968,1.0873878129428436
2016-05-06,0.9198606137017564,1.2627551235162435,1.031176192725555
2016-05-09,0.9222997194494708,1.269047691650471,0.9962210675484177
2016-05-10,0.9259001492659733,1.2911564505298712,1.0302314123760037
2016-05-11,0.9268293246650251,1.288945617158939,1.0396787907416156
2016-05-12,0.9193961189174477,1.2906462634463651,1.0193670288143601
2016-05-13,0.8961673146612615,1.2988095969185303,1.035899858290033
2016-05-16,0.9209059563508932,1.314795906714216,1.0406235710911667
2016-05-17,0.9216027856353723,1.3056122160818404,1.0264525271610774
2016-05-18,0.9178861885687848,1.32431980143401,1.0448748700991968
2016-05-19,0.9096399746722408,1.3790815880796188,1.029759045819556
2016-05-20,0.9150987552868468,1.3778911288756994,1.0717997638167216
2016-05-23,0.9175377681193442,1.3899660610538447,1.056684034010392
2016-05-24,0.9421603354741077,1.4073129491039615,1.0779404818138876
2016-05-25,0.8779326104049388,1.421258527572424,1.0873878129428436
2016-05-26,0.9099883835072793,1.4175169968965478,1.0821917808219175
2016-05-27,0.9404181519260894,1.4246598371540788,1.0760510628247522
2016-05-31,0.9523809745036231,1.4236394629870655,1.0661313179026926
2016-06-01,0.8907085224322537,1.4192176601907762,1.1303731695795933
2016-06-02,0.8977933193447926,1.4156462485654127,1.1785546055739253
2016-06-03,0.8898955258976893,1.4039116395223068,1.1407652338214456
2016-06-06,0.9066202068901325,1.4086735273583937,1.150684978743505
2016-06-07,0.9040650151931477,1.4139455852711835,1.1081718941898915
2016-06-08,0.9017421696107356,1.4175169968965478,1.1237600850259801
2016-06-09,0.9008130058260859,1.406972864064164,1.1332073689182804
2016-06-10,0.8817653863360132,1.3916667243480738,1.1261218705715634
2016-06-13,0.8763066057214077,1.3858843432973527,1.1502125649504014
2016-06-14,0.9032520186585833,1.3790815880796188,1.1582427964100142
2016-06-15,0.9104529712068054,1.3943877448025126,1.227680680207841
2016-06-16,0.90905921972263,1.3884353807557037,1.204534718941899
2016-06-17,0.8943089638631583,1.369047642330742,1.2191780349551251
2016-06-20,0.9076655495392694,1.3812925575049753,1.240434577231932
2016-06-21,0.9131243301538753,1.3882652787119947,1.227680680207841
2016-06-22,0.9144019143879653,1.3710885097123897,1.237128058573453
2016-06-23,0.9191637728028752,1.3993197346823083,1.2649976854038731
2016-06-24,0.8860627499666144,1.3343537471828868,1.223429381199811
2016-06-27,0.8621371048115469,1.2937075049950253,1.1785546055739253
2016-06-28,0.8859465827165293,1.3188776244707079,1.1988662730278694
2016-06-29,0.9063879536907773,1.3435374378152625,1.2191780349551251
2016-06-30,0.9236933896328312,1.3505102950767054,1.223429381199811
2016-07-01,0.9250871527314086,1.3576531183274347,1.2102031648559282
2016-07-05,0.9171893476699035,1.3379251588082506,1.236183278223902
2016-07-06,0.9133565717388287,1.3350340363101028,1.2739725555030705
2016-07-07,0.9216027856353723,1.3394558391063915,1.2555503070382614
2016-07-08,0.9174216008692591,1.3756802784979638,1.2744449692961741
2016-07-11,0.9461091857400507,1.388775601849925,1.2857817194142653
2016-07-12,0.9493612067215146,1.3933673706354996,1.2895606518658478
2016-07-13,0.93577237946045,1.383163322842914,1.2805857817666506
2016-07-14,0.9493612067215146,1.387074819508075,1.2919225318847425
2016-07-15,0.9436701729075534,1.3843537990536359,1.2942843646669815
2016-07-18,0.9599303591156876,1.3882652787119947,1.2848370807746812
2016-07-19,0.9613240292990484,1.3838436119701294,1.2994803967879074
2016-07-20,0.9804878044248035,1.3969387822608637,1.3235710911667453
2016-07-21,0.9777003711428657,1.3894557549227167,1.309872461029759
2016-07-22,0.9813008125737704,1.4039116395223068,1.3301842229570144
2016-07-25,0.966202136264858,1.3977891734317887,1.3415210203117616
2016-07-26,0.9708478274296823,1.3904762481373514,1.3556920642418517
2016-07-27,0.9651567936157213,1.3860544453410621,1.36986301369863
2016-07-28,0.9653891397302935,1.4001701258532337,1.4048181388757675
2016-07-29,0.9579559223683141,1.391156537264567,1.4156825224374114
2016-08-01,0.979558629025752,1.3778911288756994,1.4095418044402455
2016-08-02,0.9732869331773967,1.369047642330742,1.3854511100614075
2016-08-03,0.9717770028287338,1.3675170980870255,1.4071800188946622
2016-08-04,0.9843205803558788,1.3700680164977552,1.4189891828058576
2016-08-05,0.9824622295577752,1.383163322842914,1.510155833726972
2016-08-08,0.9872241808879021,1.38044216633405,1.4402456306093527
2016-08-09,0.9900116141698401,1.3806122683777593,1.4482758620689653
2016-08-10,1.014285761075163,1.364625839534453,1.4147378837978273
2016-08-11,1.065853648451885,1.3857143603012647,1.4161549362305152
2016-08-12,1.1411150090851339,1.3882652787119947,1.4170996693434106
2016-08-15,1.1285714315579891,1.3421768595608305,1.432687765706188
2016-08-16,1.1226481561590744,1.3258503456777266,1.4147378837978273
2016-08-17,1.1265970064250175,1.2979592057476055,1.3996220595181863
2016-08-18,1.1265970064250175,1.3079932875509062,1.4034009919697685
2016-08-19,1.1249710017414867,1.3176871482599855,1.3897024090694379
2016-08-22,1.1109175867808962,1.313775532547203,1.368445866792631
2016-08-23,1.1125435914644273,1.32687071984474,1.368445866792631
2016-08-24,1.090360036942161,1.323469410263085,1.3575814832309872
2016-08-25,1.0910569591418573,1.3632653973344455,1.3665564478034955
2016-08-26,1.1040650430677126,1.3610544279090886,1.3670288615965989
2016-08-29,1.101974439070254,1.3591836625711506,1.3708077468115254
2016-08-30,1.1149826042969246,1.3576531183274347,1.402928719886632
2016-08-31,1.1288037660581594,1.3506802610659905,1.3925366084081248
2016-09-01,1.1314750320900124,1.2909864845405865,1.4156825224374114
2016-09-02,1.1527294112132267,1.2772108720614095,1.4218233349078884
2016-09-06,1.2053426412390857,1.2826530490247112,1.4369390647142184
2016-09-07,1.188385625746472,1.2756803278176927,1.4473310817194145
2016-09-08,1.191289226278495,1.273469358392336,1.4487482286254132
2016-09-09,1.1570267748438274,1.2619047323453185,1.3925366084081248
2016-09-12,1.1707317693549775,1.2646258888541817,1.4279641001417098
2016-09-13,1.1646922337907606,1.242516993920357,1.3930089749645724
2016-09-14,1.1893148011455235,1.255442198221806,1.4043457723193198
2016-09-15,1.2131242674361038,1.2583333207199545,1.4175720358998583
2016-09-16,1.2153310270692455,1.2464286096331396,1.4170996693434106
2016-09-19,1.196631839643016,1.2414966197533437,1.4307983467170526
2016-09-20,1.1772358113179051,1.239966075509627,1.4293811998110535
2016-09-21,1.2311266255778543,1.2615646473055213,1.5068493150684932
2016-09-22,1.2701510283426487,1.2685373685125405,1.481341568256967
2016-09-23,1.250987241602491,1.1971088468896065,1.4525271610769956
2016-09-26,1.2298490297293616,1.1937075373079515,1.4180444024563061
2016-09-27,1.2573751976161487,1.1913266018933095,1.4067076523382145
2016-09-28,1.2630662314301095,1.2180272826195115,1.4170996693434106
2016-09-29,1.2259001794634188,1.210884323314359,1.4322153991497406
2016-09-30,1.2286876127453568,1.213095292739716,1.4156825224374114
2016-10-03,1.2239256614152305,1.1993196972673419,1.3788380255077939
2016-10-04,1.2247386695641966,1.2352040516191167,1.356636702881436
2016-10-05,1.2422764400064217,1.163605427952473,1.3736419461502125
2016-10-06,1.2436702031049989,1.2119048165289934,1.362777515351913
2016-10-07,1.2311266255778543,1.2059524694889874,1.3353802550779406
2016-10-10,1.2591173811641667,1.2772108720614095,1.344355172413793
2016-10-11,1.2221835707824291,1.231632639993752,1.3419933868682095
2016-10-12,1.2034843833561992,1.2284014324558064,1.3226263580538498
2016-10-13,1.1864112006135006,1.201190445598477,1.3249881435994333
2016-10-14,1.182926833517464,1.263095208556041,1.3424657534246573
2016-10-17,1.194425068395472,1.2386054972551959,1.3429381199811052
2016-10-18,1.2002322694595184,1.2375850040405612,1.3656117146906
2016-10-19,1.2070848131727017,1.2384353952114862,1.3712801606046292
2016-10-20,1.2061556377736502,1.2345237624919008,1.3556920642418517
2016-10-21,1.207200980422787,1.2585034227636636,1.371752527161077
2016-10-24,1.2137050223857146,1.2765305999409966,1.3816721776098253
2016-10-25,1.2104530014042507,1.2765305999409966,1.3764760982522437
2016-10-26,1.1937282391109927,1.2746598346030582,1.3589985829003306
2016-10-27,1.1890824550309511,1.271088422977694,1.337269674067076
2016-10-28,1.183856008916516,1.277721059144916,1.2848370807746812
2016-10-31,1.1810685756345778,1.2782313822828466,1.268776617855456
2016-11-01,1.1747967984854077,1.283163236108218,1.284364714218233
2016-11-02,1.144134776867242,1.2755102257739834,1.2815304204062354
2016-11-03,1.1353078080210872,1.2608843581783054,1.2725555503070383
2016-11-04,1.1332172156380305,1.264795990897891,1.2706660368445915
2016-11-07,1.1538908281972315,1.2976191207078083,1.2961738781294287
2016-11-08,1.1596980292612782,1.3018708214603882,1.2952290977798773
2016-11-09,1.1227642304939427,1.2908163824968775,1.2905054322153995
2016-11-10,1.0957026503066818,1.2522108546294362,1.2975908833254608
2016-11-11,1.0800232306625606,1.2685373685125405,1.2985356636750114
2016-11-14,1.0426248441956991,1.2374150210444732,1.3032593292394894
2016-11-15,1.0569105936564598,1.258843507803461,1.3183750590458196
2016-11-16,1.0785133932291147,1.2467686946729368,1.3486064714218233
2016-11-17,1.0925668081897049,1.2787415523595504,1.3868682569674065
2016-11-18,1.0846690031281998,1.3226190190921603,1.3585262163438827
2016-11-21,1.0849013492427724,1.2950680832494572,1.3183750590458196
2016-11-22,1.082578410745143,1.2852041034898656,1.2914501653282946
2016-11-23,1.0804878183620863,1.2576530315927383,1.2947567312234296
2016-11-25,1.0802555651627308,1.2539116369712866,1.2952290977798773
2016-11-28,1.0889663667588005,1.2403061435426215,1.2857817194142653
2016-11-29,1.1032520349187465,1.2403061435426215,1.304204109589041
2016-11-30,1.0919860532400945,1.224489816743024,1.2820027869626829
2016-12-01,1.043670186844836,1.164285717079689,1.2338214926783182
2016-12-02,1.0508711393930579,1.1634354619631881,1.1917808219178083
2016-12-05,1.0567944264063744,1.2040817041510494,1.2087860179499292
2016-12-06,1.0499419756084083,1.2010204796091914,1.2083136513934811
2016-12-07,1.057723601805426,1.2207483030739503,1.2319319792158714
2016-12-08,1.0721254372154574,1.2221088813283825,1.2531885214926786
2016-12-09,1.0833914188941096,1.2103741362308522,1.2541331601322627
2016-12-12,1.0739837763991584,1.196938744845897,1.2111478034955125
2016-12-13,1.070383346582656,1.2178571805758023,1.1941427019367032
2016-12-14,1.0591173532896017,1.213095292739716,1.1757203117619273
2016-12-15,1.0319396058522554,1.194387826435167,1.1643835616438354
2016-12-16,1.0298490134691987,1.1880952753077427,1.1426547472838922
2016-12-19,1.0328687812513073,1.1821429112609334,1.136986301369863
2016-12-20,1.0434378407302634,1.1880952753077427,1.1624941426547
2016-12-21,1.036585389932297,1.1923469760603227,1.1492678318375058
2016-12-22,1.0081301395616755,1.1887755644349587,1.1360415210203114
2016-12-23,1.0080139723115904,1.1882653773514522,1.1398204534718945
2016-12-27,1.0167247739076604,1.1879251562572306,1.1483230514879548
2016-12-28,1.0147503487746885,1.1749999519557817,1.1454888993859236
2016-12-29,1.014285761075163,1.1760204621772183,1.1459612659423712
2016-12-30,1.0198606276390387,1.164285717079689,1.1374586679263108
2017-01-03,1.0290360053202323,1.1996599013547602,1.1620217288615966
2017-01-04,1.0512195598424983,1.2380953101716887,1.1880018894662254
2017-01-05,1.0960511636713393,1.2379252081279795,1.1794992442135095
2017-01-06,1.0904762041922462,1.2551021131820088,1.1676900803023147
2017-01-09,1.1001161811873676,1.2578231336364474,1.1823335380255078
2017-01-10,1.1236934058929942,1.258163337723866,1.192253188474256
2017-01-11,1.1259001655261365,1.2886054130715205,1.228153046764289
2017-01-12,1.1138211873129193,1.2790816373993474,1.2664146905999054
2017-01-13,1.1181184580283035,1.286394562693785,1.271138403401039
2017-01-17,1.116376367395502,1.2758503108137809,1.2579120925838452
2017-01-18,1.1149826042969246,1.2887755151152298,1.2848370807746812
2017-01-19,1.1169570294298963,1.2852041034898656,1.2952290977798773
2017-01-20,1.1156794451958059,1.29302721586781,1.324043504959849
2017-01-23,1.1429733598832372,1.2952381852931665,1.3056211147850731
2017-01-24,1.1780488078524696,1.3113945971325611,1.3193197921587152
2017-01-25,1.2085946622205495,1.334523849226596,1.3155408597071327
2017-01-26,1.193379818661552,1.3256802436340174,1.3117619272555505
2017-01-27,1.1854820252144487,1.3301020464303066,1.3112895606991024
2017-01-30,1.173286868136745,1.3386054479354663,1.304204109589041
2017-01-31,1.1766550563682938,1.3452380841026883,1.3051487482286255
2017-02-01,1.1796748241504023,1.3363946145645345,1.3235710911667453
2017-02-02,1.1711962641392861,1.362755074196515,1.3292394426074636
2017-02-03,1.1659698180248503,1.3641156524509466,1.3301842229570144
2017-02-06,1.1718931979533844,1.3562925400730026,1.3193197921587152
2017-02-07,1.1710801898044176,1.3641156524509466,1.3226263580538498
2017-02-08,1.2029036284065886,1.372448951912397,1.3278224374114314
2017-02-09,1.2002322694595184,1.378061230919409,1.3349078885214924
2017-02-10,1.188850213445998,1.371428577745384,1.3528577704298534
2017-02-13,1.1974448361775805,1.3760204995921854,1.3660840812470478
2017-02-14,1.1799070657353554,1.37619046558147,1.3679735002361832
2017-02-15,1.179442570951047,1.3889455678392097,1.3991497874350494
2017-02-16,1.1709640225543323,1.3744898192940445,1.377420878601795
2017-02-17,1.1674796670726986,1.3855442582575557,1.4119035899858288
2017-02-21,1.1860627801640602,1.3976190713880794,1.419461454888994
2017-02-22,1.2102206669040805,1.3959184251006536,1.3897024090694379
2017-02-23,1.1900116304300032,1.395748323056944,1.3934813415210205
2017-02-24,1.1957026642439639,1.3908163331771484,1.3826169107227206
2017-02-27,1.2032520372416269,1.3867347344682779,1.3613604156825696
2017-02-28,1.1951220022095703,1.3835033908759078,1.3434105337742088
2017-03-01,1.208362409021194,1.4253401262812946,1.3665564478034955
2017-03-02,1.1984901788267173,1.4059523708495294,1.3509683514407183
2017-03-03,1.1998838606244795,1.3982993605152951,1.3599433632498819
2017-03-06,1.1882694584963867,1.4030612483513814,1.3523854038734056
2017-03-07,1.1919860555629747,1.4110544627730346,1.3486064714218233
2017-03-08,1.1988385992761577,1.419727966321904,1.3523854038734056
2017-03-09,1.1990708524755134,1.416326537692628,1.3481341993386866
2017-03-10,1.2008130244091295,1.4202381534054107,1.3542749173358528
2017-03-13,1.2216028158328178,1.4219388166996396,1.376003731695796
2017-03-14,1.2108014218536916,1.4202381534054107,1.3660840812470478
2017-03-15,1.2042973798907637,1.419727966321904,1.3712801606046292
2017-03-16,1.2268292619472536,1.4204081364014989,1.3882852621634387
2017-03-17,1.2265970203622998,1.4120748369400484,1.4010392064241848
2017-03-20,1.2456446282379705,1.4098640035691155,1.391119555975437
2017-03-21,1.2205574731836812,1.386904836511987,1.3693906471421824
2017-03-22,1.2321718753117739,1.3925169794645746,1.378365611714691
2017-03-23,1.2572590303660636,1.3863945303808594,1.383561691072272
2017-03-24,1.254820017533566,1.3879252106789999,1.3901747756258855
2017-03-27,1.2552846052330915,1.3879252106789999,1.3977326405290504
2017-03-28,1.252032584251628,1.3969387822608637,1.4081246575342465
2017-03-29,1.2718932002762648,1.4010203809697346,1.4100141709966934
2017-03-30,1.2642276484141146,1.4040816225183947,1.4090694378837978
2017-03-31,1.2523810047010686,1.4028911463076725,1.4147378837978273
2017-04-03,1.25540067956796,1.3998299217658148,1.4048181388757675
2017-04-04,1.2487804819693493,1.4110544627730346,1.4128483703353802
2017-04-05,1.2478513878711126,1.4513605008734778,1.4222957487009922
2017-04-06,1.254820017533566,1.4455782558771815,1.4794520547945205
2017-04-07,1.265853664712048,1.435033986990374,1.4794520547945205
2017-04-10,1.2973286828647774,1.4326530515757323,1.4903164383561645
2017-04-11,1.2826945942553911,1.4261905174522196,1.4747283419933872
2017-04-12,1.2849012725877185,1.417857217990769,1.492678318375059
2017-04-13,1.2800232469227233,1.4137754832274743,1.4752007557864903
2017-04-17,1.298025605064474,1.4319727624485166,1.4874822862541333
2017-04-18,1.2918699835509868,1.4236394629870655,1.492205951818611
2017-04-19,1.286411202936381,1.4200680513617014,1.5035427491733586
2017-04-20,1.311962852774979,1.4294218440377866,1.4770902220122815
2017-04-21,1.3137050363229974,1.4250000412414972,1.489844166273028
2017-04-24,1.33403024004716,1.4314625753650092,1.512517713745867
2017-04-25,1.3412311925953817,1.441326555124601,1.538497874350496
2017-04-26,1.3353078242812502,1.444727864706256,1.5503070382616908
2017-04-27,1.3406504376457709,1.4600340044223472,1.581010911667454
2017-04-28,1.3414634457947372,1.4646259262691486,1.6287198866320263
2017-05-01,1.355168440305887,1.4738096169015242,1.6400567312234295
2017-05-02,1.3715447008488895,1.4811224061415376,1.65044870099197
2017-05-03,1.3538908560717966,1.471938851563586,1.666509163911195
2017-05-04,1.3456446421752528,1.4714285454324585,1.7255549834671704
2017-05-05,1.3477352345583093,1.479081674814314,1.7387813415210205
2017-05-08,1.3572590443033459,1.4772109264831788,1.7392536608408125
2017-05-09,1.3937282553711554,1.4818026952687533,1.7401983939537085
2017-05-10,1.3934960021718001,1.4848639368174135,1.7562588568729334
2017-05-11,1.395586606169259,1.4916666750283447,1.7444496929617386
2017-05-12,1.3976771056370987,1.514285757045676,1.7401983939537085
2017-05-15,1.40998844157929,1.5272109613471252,1.7505905054322157
2017-05-16,1.4404181170828831,1.5263605701762,1.7430326877657063
2017-05-17,1.4020906365177848,1.4938775083992772,1.6721777042985355
2017-05-18,1.4084785112306275,1.4923469641555605,1.6693434104865377
2017-05-19,1.4311266418380173,1.4863946171155544,1.6650921114785073
2017-05-22,1.4488966654795972,1.5125850937514471,1.679735521965045
2017-05-23,1.4277584536064678,1.5049319643695915,1.6735947094945676
2017-05-24,1.4263647021222925,1.523809515711046,1.695796032120926
2017-05-25,1.4358885002529267,1.5522108597314772,1.6981578176665093
2017-05-26,1.4400696966334423,1.5447279514409513,1.680680302314596
2017-05-30,1.4391406141496075,1.545238138524458,1.6816248464808692
2017-05-31,1.4222996729918624,1.524489804838262,1.689182711384034
2017-06-01,1.4398374434340868,1.531462662099705,1.7246102031176196
2017-06-02,1.4416957013169733,1.545238138524458,1.7354748228625412
2017-06-05,1.4560976296422214,1.5540816080626125,1.7411431743032593
2017-06-06,1.4473868280461513,1.549319720226526,1.7812942371280114
2017-06-07,1.459233471759198,1.5542517101063213,1.741615446386396
2017-06-08,1.6531939524551444,1.5518707746916798,1.7576759093056213
2017-06-09,1.6195122559700874,1.4841836476901982,1.63533297118564
2017-06-12,1.615331071203974,1.4656462834293587,1.6329711856400568
2017-06-13,1.5865274003839118,1.4841836476901982,1.6358054322153992
2017-06-14,1.587340315617661,1.4824829843959686,1.6358054322153992
2017-06-15,1.5688734626916019,1.4671768446798785,1.636277704298536
2017-06-16,1.5664343569438872,1.462585058887501,1.643363297118564
2017-06-19,1.6198606764195278,1.4887755525301967,1.646197354747284
2017-06-20,1.6072010245575152,1.4782312836433886,1.6343881908360889
2017-06-21,1.6642275996336255,1.4891156375699937,1.6438355692017006
2017-06-22,1.6523810372213943,1.5045918793297937,1.6674538970240906
2017-06-23,1.6609755902665648,1.5071429337949478,1.7005196032120926
2017-06-26,1.6577235692851,1.4984694302460788,1.697213037316958
2017-06-27,1.6437863215745954,1.4911564879448385,1.6849314123760035
2017-06-28,1.6718931514957758,1.4981292091518574,1.7052431743032597
2017-06-29,1.635423940427966,1.4761905523161658,1.6617855455833725
2017-06-30,1.6364691901618857,1.472789106680087,1.6617855455833725
2017-07-03,1.6375146141118375,1.464285705174927,1.6136041568256965
2017-07-05,1.6825783782248167,1.4880952634029807,1.6381672177609823
2017-07-06,1.6515679477716128,1.4770408074326666,1.63533297118564
2017-07-07,1.6542392138034658,1.4952380866537085,1.6679263580538497
2017-07-10,1.6702671468122448,1.5051020664133004,1.668398677373642
2017-07-11,1.693495951068431,1.5025510119481464,1.6693434104865377
2017-07-12,1.7305459170858515,1.537415026146514,1.711856495040151
2017-07-13,1.7365854526500684,1.5232993456343427,1.67831832782239
2017-07-14,1.763414698337159,1.5306122709287802,1.6839868682097308
2017-07-17,1.7564459873738905,1.518537457798256,1.6839868682097308
2017-07-18,1.7857143271942932,1.5181972537108375,1.6735947094945676
2017-07-19,1.7787456162310245,1.5231292435906332,1.7128010392064246
2017-07-20,1.7666667193186232,1.5397959615611558,1.699574870099197
2017-07-21,1.764111527621638,1.5253401960091875,1.6887104393008976
2017-07-24,1.768408809951424,1.5249999919217683,1.7198866320264525
2017-07-25,1.7704994836352954,1.5413265058048724,1.7949929145016532
2017-07-26,1.8094076262347876,1.5488095501498222,1.834671705243269
2017-07-27,1.7903600183591175,1.5392857744776494,1.7935758620689657
2017-07-28,1.8299651760735234,1.5411565398155873,1.7543693434104863
2017-07-31,1.7996515749047985,1.544217764357445,1.6920170051960322
2017-08-01,1.7970963948222158,1.5513605876081729,1.7142182805857347
2017-08-02,1.7643438737362105,1.5287415055908415,1.6296646197449218
2017-08-03,1.7807202155800286,1.536564617968786,1.6551724610297591
2017-08-04,1.7808363015292985,1.538265281263015,1.6688711384034012
2017-08-07,1.844831587568678,1.53911567243394,1.6735947094945676
2017-08-08,1.8292683351746413,1.5350340737250692,1.6603685403873403
2017-08-09,1.8291522492253713,1.5326531383104276,1.6740670288143602
2017-08-10,1.7627178574382776,1.4903060967739132,1.6428908360888046
2017-08-11,1.761904767988496,1.5015306547879363,1.6750117619272555
2017-08-14,1.7957027246388557,1.5348639716813597,1.699574870099197
2017-08-15,1.832171935706665,1.5425169820155948,1.7179971185640055
2017-08-16,1.8524971394308278,1.5687074756582904,1.7694850732168164
2017-08-17,1.9038327736081946,1.5455782065574524,1.7435049598488424
2017-08-18,1.9454123564555716,1.543537475230229,1.716580066131318
2017-08-21,1.965737560179734,1.560544278240549,1.708549740198394
2017-08-22,2.026248676567914,1.5807822887888143,1.695796032120926
2017-08-23,2.041811928961949,1.5828231561704615,1.6887104393008976
2017-08-24,2.032520372416269,1.6011905374352133,1.6636750590458198
2017-08-25,1.9946574795506966,1.6003401292574855,1.636277704298536
2017-08-28,1.9547039130012522,1.5928572379737624,1.6381672177609823
2017-08-29,1.9443671067216517,1.5957483604719107,1.6348606991025039
2017-08-30,1.9889663644359197,1.6132653505657373,1.67831832782239
2017-08-31,1.9946574795506966,1.6239795854418295,1.6816248464808692
2017-09-01,1.9865272586882048,1.632823191034408,1.6485593764761457
2017-09-05,1.973519186376752,1.6357143135325565,1.6485593764761457
2017-09-06,1.9528455622031489,1.6295918644488407,1.6244685403873407
2017-09-07,1.9800232283396801,1.6450681062086414,1.6291923476617858
2017-09-08,1.962833959647711,1.6399660142851364,1.6225790269248934
2017-09-11,2.0216028111870568,1.6617347051315423,1.6546999999999996
2017-09-12,2.036120813847173,1.6471088375358645,1.5965989135569199
2017-09-13,2.0786295604792002,1.626020452823477,1.5975436939064716
2017-09-14,2.0569106865716766,1.6207483779038838,1.7264997165800662
2017-09-15,2.0522648211908208,1.6093537178461517,1.7076051960321206
2017-09-18,2.090360048556563,1.6282312861944095,1.7189418516769015
2017-09-19,2.0914054725065148,1.6215986330203849,1.7203589041095888
2017-09-20,2.0667828238509363,1.619217697605743,1.703826169107227
2017-09-21,2.0602787818880093,1.6132653505657373,1.660840812470477
2017-09-22,2.068989583484078,1.6146259118133661,1.6613130845536137
2017-09-25,1.9696864104456773,1.572619091371073,1.6169107227208313
2017-09-26,1.9398374898916957,1.5704081219457167,1.6032120453471896
2017-09-27,1.9859466779546264,1.5852040915851036,1.6202172413793106
2017-09-28,1.977235876358557,1.5748299247420057,1.6291923476617858
2017-09-29,2.005923472843751,1.5887755032104678,1.6603685403873403
2017-10-02,2.016376365072621,1.5976191088030463,1.7123287671232874
2017-10-03,2.0738676207634756,1.621768752070897,1.731223523854511
2017-10-04,2.075609885612309,1.6244897725253364,1.789796835144072
2017-10-05,2.077700385080148,1.6280613031983215,1.8020785073216816
2017-10-06,2.0813008265110526,1.6380952659540007,1.8266413793103446
2017-10-09,2.11486643704684,1.637244874783076,1.8700991969768546
2017-10-10,2.126829259624373,1.6222789221476008,1.8786017949929144
2017-10-11,2.1450639522662938,1.632823191034408,1.9078884742560227
2017-10-12,2.0967480045702205,1.6452380892047294,1.9050544166273027
2017-10-13,2.0725900249149833,1.6486395178340054,1.8724609825224372
2017-10-16,2.0854820228915676,1.6522109464661725,1.868209683514407
2017-10-17,2.0362370623980732,1.644898004164932,1.8776570618800186
2017-10-18,2.0860627778411795,1.6401361163288455,1.8804913084553614
2017-10-19,2.066550489350766,1.6528912185865854,1.901275389702409
2017-10-20,2.059465866654259,1.6819728517342318,2.369862919225319
2017-10-23,2.0108014985087452,1.6741497223494848,2.3145961265942367
2017-10-24,2.017421614806541,1.6778912530253618,2.32782234293812
2017-10-25,1.9770035418583867,1.6937074437705344,2.279640906943789
2017-10-26,1.9781650517576086,1.7015306922029028,2.2631081719414263
2017-10-27,2.0458768651771626,1.7125850121187924,2.2215398677373637
2017-10-30,2.108943161647925,1.7125850121187924,2.2820028814359943
2017-10-31,2.1473867978487062,1.7404761520489143,2.2848369863013698
2017-11-01,2.1612079712243433,1.7338435158816927,2.2999527161076996
2017-11-02,2.1464576340640567,1.7448979548452033,2.334907888521493
2017-11-03,2.1278746951887264,1.7467687201831412,2.408597165800661
2017-11-06,2.181649249283374,1.7418367303033455,2.459140340103921
2017-11-07,2.189430887094794,1.7469388222268505,2.447331176192726
2017-11-08,2.159117285926069,1.7862245031670834,2.500708502598016
2017-11-09,2.1501743240458615,1.7619047578555231,2.4718942843646667
2017-11-10,2.165040747155418,1.7897959147924476,2.475200850259801
2017-11-13,2.143321687417461,1.7989796054248233,2.4690599905526693
2017-11-14,2.111382081565205,1.806632734806679,2.4742560699102505
2017-11-15,2.1077816517487022,1.7930272413780144,2.451582522437412
2017-11-16,2.153658505311463,1.820238109187723,2.4766178554558334
2017-11-17,2.1501743240458615,1.829591901863808,2.473783608880491
2017-11-20,2.183507600081477,1.8260204902384438,2.404345866792631
2017-11-21,2.2171892965665343,1.850340218543201,2.466225743977326
2017-11-22,2.2048780535395602,1.8168367996060681,2.444024657534246
2017-11-24,2.220557566098898,1.8222789765693703,2.467170524326877
2017-11-27,2.1838560205309174,1.8125850988534877,2.4350495512517716
2017-11-28,2.1682927565224794,1.8105442314718405,2.4180443552196507
2017-11-29,2.089547133322813,1.7607142986516036,2.2007557864903164
2017-11-30,2.0566783520715064,1.7741496900365592,2.205479404818139
2017-12-01,2.0279907672007145,1.7658163905751088,2.220595087387813
2017-12-04,1.9695703361108088,1.698129246566824,2.091639064714218
2017-12-05,1.9623694648634022,1.7124150291227047,2.124232451582428
2017-12-06,2.0049942974446995,1.7503401318085055,2.1336796410014167
2017-12-07,2.0263647509027813,1.769897989283979,2.1502125649504014
2017-12-08,2.062950047919861,1.7591837374010841,2.1946149740198395
2017-12-11,2.082346076244972,1.7778912037056327,2.2253188946622573
2017-12-12,2.028339176035753,1.7630952340662454,2.14737831837506
2017-12-13,2.049593555158968,1.7676871389062438,2.1719414265470003
2017-12-14,1.9947735654999665,1.7727891117821273,2.145961265942371
2017-12-15,2.01567952417374,1.7938776325489392,2.2215398677373637
2017-12-18,2.0135888388754664,1.7870748943380084,2.211147897968824
2017-12-19,1.9893147848853607,1.7731293158695463,2.2139820028341988
2017-12-20,2.005110371779567,1.758333346230159,2.205479404818139
2017-12-21,2.0362370623980732,1.7622449789497445,2.192253188474256
2017-12-22,2.0475028698606925,1.74540814192871,2.185167595654228
2017-12-26,2.001509941963065,1.7438775976849934,2.19603221539915
2017-12-27,2.008943147710642,1.7457483630229313,2.17949924421351
2017-12-28,2.001161521513624,1.7481292984375731,2.1747756731223427
2017-12-29,2.0026712776462547,1.7386055227654,2.1502125649504014
2018-01-02,2.13298488113786,1.7756803703347002,2.222957061880019
2018-01-03,2.1370499915691052,1.7906463059633724,2.380727538970241
2018-01-04,2.156910700508959,1.814285745140914,2.4374113367973544
2018-01-05,2.214866450984122,1.838435371401962,2.450165281058101
2018-01-08,2.210569180268738,1.851360592710214,2.452054794520548
2018-01-09,2.216027960883344,1.85629258259001,2.4903165328294756
2018-01-10,2.2042972985899487,1.850340218543201,2.411431223429381
2018-01-11,2.192218401677547,1.8554421744122815,2.4581956069910254
2018-01-12,2.1810684943337635,1.8748299298440465,2.483230987246103
2018-01-16,2.118466878477744,1.8518707627869173,2.495040151157298
2018-01-17,2.135075566436134,1.8714286202623913,2.591875247992442
2018-01-18,2.141695682733929,1.9008503214430328,2.626357959376476
2018-01-19,2.1376307465187163,1.903571460945093,2.506849315068493
2018-01-22,2.1372823260692764,1.9198979748281968,2.4685875295229103
2018-01-23,2.233217229575313,1.9258503388750055,2.547472838923004
2018-01-24,2.270964036491615,1.919217685700981,2.492678318375059
2018-01-25,2.3034843972934818,1.9040816480285996,2.5077940481813887
2018-01-26,2.3835076163416398,1.9336734512529494,2.5436938119981103
2018-01-29,2.357839717952142,1.92687083208964,2.585734624468588
2018-01-30,2.3189315753526487,1.9086735528685974,2.5219649976381673
2018-01-31,2.372706129447297,1.937244998932738,2.550307132735002
2018-02-01,2.232520388676432,1.9173469373698455,2.5158241851676904
2018-02-02,2.175493639384289,1.8840136204764222,2.4903165328294756
2018-02-05,2.0967480045702205,1.8307823780745307,2.419933868682097
2018-02-06,2.1506388188301697,1.863435405840738,2.4572508266414737
2018-02-07,2.094076738538368,1.8715987223061008,2.4463864430798297
2018-02-08,2.017421614806541,1.7692177001567637,2.3079830420406235
2018-02-09,2.05191640074138,1.8193878370644185,2.37080769957487
2018-02-12,2.0608595368376195,1.8460885177906208,2.419461549362305
2018-02-13,2.081881581460664,1.831462650194943,2.446858715162967
2018-02-14,2.1691056833706313,1.8540816131646534,2.460557392536608
2018-02-15,2.1771196440678193,1.9238096075477826,2.4997637222484643
2018-02-16,2.133333301587301,1.9193878047514927,2.514407179971658
2018-02-20,2.1740999575865256,1.9447278902164606,2.563060840812471
2018-02-21,2.1930314911273285,1.9469388596418173,2.619272602739726
2018-02-22,2.192218401677547,1.9217687401661347,2.475673122342938
2018-02-23,2.244947706038274,1.9551020570595583,2.516296646197449
2018-02-26,2.255400772483177,1.9838436051674082,2.492678318375059
2018-02-27,2.1865272865627707,1.9807823636187474,2.499291450165328
2018-02-28,2.161904800508822,1.9770408499496743,2.564478082191781
2018-03-01,2.113705101363649,2.0311224835224913,2.5597543221539913
2018-03-02,2.0878048684739805,2.0734693890045817,2.7477561643835617
2018-03-05,2.109175496148095,2.083333368764173,2.767123382144544
2018-03-06,2.176190468668768,2.117006889745015,2.7935757675956543
2018-03-07,2.1957027571591805,2.1314626552969838,2.8233349078885217
2018-03-08,2.173983709035626,2.1489796453908103,2.824279688238073
2018-03-09,2.2131243603513213,2.166836839572055,2.893717430325933
2018-03-12,2.2385599242406484,2.1561224686415383,2.9192252716107694
2018-03-13,2.1882695514116035,2.1552721965182347,2.82616920170052
2018-03-14,2.2364692505567767,2.176700683277223,2.8332546055739254
2018-03-15,2.3119628643893813,2.1636054959796853,2.813415257439773
2018-03-16,2.326132446600057,2.1423469922167855,2.7992441190363726
2018-03-19,2.259349634363522,2.125510291250175,2.766650921114785
2018-03-20,2.310685268540889,2.12789124367162,2.794520547945205
2018-03-21,2.268292770459763,2.069727875335508,2.75484175720359
2018-03-22,2.1445992832659533,2.0074830443449496,2.716579971658007
2018-03-23,2.104529630767239,1.9460884684708926,2.615021303731696
2018-03-26,2.2125436054017094,2.0232993711445473,2.674539395370808
2018-03-27,2.112543591464427,1.935544216590888,2.5512516769012756
2018-03-28,2.0779327311947204,1.9197278727844875,2.4638639584317428
2018-03-29,2.131707285289368,1.9778912411205993,2.547000377893245
2018-04-02,2.0628339735849934,1.9608844381102795,2.5403872933396316
2018-04-03,2.0286875964851934,1.981122448658545,2.513462399622107
2018-04-04,1.9984902554817716,2.031972874693416,2.650448795465281
2018-04-05,2.0042974565458174,2.0244898473552695,2.643835663675012
2018-04-06,1.9456446909557419,1.9744897954845206,2.578649031648559
2018-04-09,1.972938431427141,1.993027278792981,2.640529145016533
2018-04-10,2.0569106865716766,2.032142857689504,2.692017099669343
2018-04-11,2.036701568796784,2.0265307147369174,2.770902220122815
2018-04-12,2.0432055991453093,2.064625919466427,2.8644307510628244
2018-04-13,1.9981416608162978,2.023979660271763,2.8460085025980155
2018-04-16,2.029036016934634,2.030782415489497,2.866320264525272
2018-04-17,2.075493625447007,2.0977891173093384,2.9315068965517246
2018-04-18,2.1217188994592076,2.116666685657597,2.9319792158715168
2018-04-19,2.1067363904003806,2.1098639474466654,2.9414265470004723
2018-04-20,2.080255576777133,2.088775545727475,2.7494096362777514
2018-04-23,2.0391406629300968,2.072959201921075,2.786017949929145
2018-04-24,2.010336817894003,2.004761887836086,2.7024090222012287
2018-04-25,1.9770035418583867,1.9952381291707166,2.6060461974492206
2018-04-26,2.0197444603889534,2.054932041750545,2.6471422295701466
2018-04-27,2.057607527470558,2.0445578749074467,2.617855361360416
2018-04-30,2.073635274648902,2.057653062204984,2.644307982994804
2018-05-01,2.0847851819926873,2.093707535607271,2.656589607935758
2018-05-02,2.107433231299262,2.088775545727475,2.667453991497402
2018-05-03,2.1190476334273547,2.1158164305410954,2.762872083136513
2018-05-04,2.1938444063610776,2.12789124367162,2.833727066603685
2018-05-07,2.268873525409373,2.159353795227105,2.9574870571563534
2018-05-08,2.280023258537125,2.1896258875786723,2.984411903637222
2018-05-09,2.269802526592393,2.206292486501573,3.0368446386395846
2018-05-10,2.275958322321912,2.2214285241739544,3.0840812942843656
2018-05-11,2.2573752092305512,2.2215987622720883,3.0642419933868683
2018-05-14,2.3070848271099837,2.1715987104013394,2.9513462446858756
2018-05-15,2.2835076140187605,2.1790817547462886,2.9192252716107694
2018-05-16,2.3009292172108995,2.1899660916660895,2.9178082191780823
2018-05-17,2.2766551516063913,2.143707570471217,2.911667406707605
2018-05-18,2.264808414978128,2.159183693183396,2.9948040623523853
2018-05-21,2.295470424981891,2.149149747434519,2.9045820500708546
2018-05-22,2.2749128867575577,2.133333403628119,2.9126121870571557
2018-05-23,2.285714373651902,2.1784013295646485,2.9730750590458195
2018-05-24,2.292334489949697,2.189455904582583,3.019366934341049
2018-05-25,2.313588869072912,2.176190496193716,2.9730750590458195
2018-05-29,2.2996516213624068,2.1578231149289646,2.96221062824752
2018-05-30,2.2994192868622365,2.1989796802547565,2.9957486065186587
2018-05-31,2.299767707311677,2.1994898673382632,3.0132263108171937
2018-06-01,2.373286884396908,2.2197279969341492,3.0236184222957014
2018-06-04,2.4268292898218187,2.2559523172781004,3.042985262163439
2018-06-05,2.4200929133587197,2.280952334710073,3.1492677373641937
2018-06-06,2.419279998124971,2.3052721990692553,3.2035899858290033
2018-06-07,2.3649245032502786,2.260374256128814,3.012753849787435
2018-06-08,2.3817655257088393,2.2709183889611966,3.036372177609825
2018-06-11,2.389082482905516,2.278571399295432,3.039678696268304
2018-06-12,2.428339220170481,2.317346893152158,3.127538923004251
2018-06-13,2.399767709634557,2.32142861090865,3.124232357109117
2018-06-14,2.4490128443440846,2.353911672685572,3.1407651393481344
2018-06-15,2.415795642643337,2.353911672685572,3.123287812942844
2018-06-18,2.4224159331571644,2.3775511118631147,3.1464336797354746
2018-06-19,2.3743321457452304,2.372789224027028,3.0722721303731695
2018-06-20,2.3952381044190036,2.362925244267436,3.095417997165801
2018-06-21,2.348548335622493,2.344898084096906,3.09825205479452
2018-06-22,2.346225315824049,2.2960883893892583,3.032121020311762
2018-06-25,2.2212544069977795,2.265136126958097,2.9466226263580544
2018-06-26,2.223228832130751,2.3040816038109115,2.987718469532357
2018-06-27,2.1488967281973688,2.265646314041604,2.8696268304204064
2018-06-28,2.187921130962163,2.297959137720393,2.9343410014170996
2018-06-29,2.1548200152106856,2.3197278285667995,2.9532357109116676
2018-07-02,2.1644599922058068,2.3882652276915857,2.992442040623524
2018-07-03,2.145760793165175,2.3442176589152663,2.9749645725082665
2018-07-05,2.170499527770024,2.3770409247796076,2.9948040623523853
2018-07-06,2.233101143626043,2.4047618436183984,3.0812471894189892
2018-07-09,2.238676010189919,2.410884309708917,3.059990505432216
2018-07-10,2.236353164607506,2.422619037799643,3.056211478507321
2018-07-11,2.176771223618379,2.470238137248948,3.085970807746812
2018-07-12,2.2087108294706344,2.51972800203619,3.2243742087860183
2018-07-13,2.2072008991219723,2.510374209360106,3.173830987246103
2018-07-16,2.2108015147689084,2.4993198894442172,3.15824284364667
2018-07-17,2.2376307604559993,2.5003402466044258,3.206424043457723
2018-07-18,2.215911700718041,2.514285689018464,3.222484695323571
2018-07-19,2.1758420482193275,2.50272119902587,3.2054794992914504
2018-07-20,2.174796798485408,2.4977890730916505,3.2059519603212094
2018-07-23,2.172357692737693,2.5095238181891806,3.136514029286727
2018-07-24,2.1951220022095708,2.482993239506688,3.046291828058574
2018-07-25,2.2994192868622365,2.53180267911229,3.1672179026924896
2018-07-26,2.2552845239322767,2.509694039280511,3.1568257912139823
2018-07-27,2.2000000278745646,2.447449089242331,3.487954463863958
2018-07-30,2.1465738826149563,2.347449002507636,3.357581577704299
2018-07-31,2.174564463985237,2.3324829308245394,3.4204064241851673
2018-08-01,2.1518003287293923,2.341496519413206,3.461974539442608
2018-08-02,2.120789898276188,2.4003401598697307,3.538970146433632
2018-08-03,2.100348434386723,2.39863937752788,3.5011810581010865
2018-08-06,2.0745644500479545,2.4270409766503573,3.5687294756731225
2018-08-07,2.0896632076576815,2.456462660824195,3.589041237600378
2018-08-08,2.0617887122366714,2.4688775589945156,3.598015965989607
2018-08-09,2.0579559363055964,2.4799321340124507,3.6991024090694373
2018-08-10,2.090708469006004,2.474659820997616,3.6877657061880007
2018-08-13,2.063646888818743,2.456632643820283,3.695323712801133
2018-08-14,2.003832787545477,2.492687236270191,3.7179971185640057
2018-08-15,1.9724739366428325,2.466666589569159,3.667453897024091
2018-08-16,1.9975610800827195,2.4784013346666893,3.6891827113840336
2018-08-17,2.0067363880775,2.4663266405837865,3.685403731695796
2018-08-20,2.0475028698606925,2.478061385681317,3.696268304204062
2018-08-21,2.0664344034014963,2.4750000250850346,3.7439774208786014
2018-08-22,2.0656214881677464,2.4908164879390564,3.781766556447803
2018-08-23,2.0003484320638427,2.514115723029179,3.9031647142182333
2018-08-24,2.0235772363200284,2.590136149492111,4.067548464808691
2018-08-27,2.098141674753581,2.5795917615576833,4.087860226735947
2018-08-28,2.069570338433689,2.601870877582838,4.140765422768069
2018-08-29,2.073170779864594,2.632653157017911,4.226263627775153
2018-08-30,2.0278746812514443,2.587414992983248,4.217761029759094
2018-08-31,2.032636458365539,2.5965985645680023,4.251771469059991
2018-09-04,1.979558721940969,2.6056124082587155,4.3410487482286255
2018-09-05,1.9074332150390991,2.528061165443217,4.138403448275861
2018-09-06,1.8567944101462115,2.5311225260394985,4.094473311289561
2018-09-07,1.885830415466444,2.558333257794783,4.1100615021256495
2018-09-10,1.8160279283630185,2.573469550569211,4.154936183278223
2018-09-11,1.8288038403903335,2.599319704070063,4.274444874822861
2018-09-12,1.8752614489027053,2.6423468986793686,4.2314597071327364
2018-09-13,1.9225319726488268,2.690135981124761,4.4128482758620695
2018-09-14,1.913356664654045,2.678401491129277,4.448748228625414
2018-09-17,1.845412342518289,2.634693888345134,4.303731743032593
2018-09-18,1.81939602367935,2.6530612696098856,4.364667076051016
2018-09-19,1.888850276163769,2.600340078237076,4.247992442135097
2018-09-20,1.926597083080072,2.644557868104725,4.313651393481341
2018-09-21,1.9120790804199554,2.644898072192144,4.283892394898441
2018-09-24,1.8950058976772564,2.7003401649717715,4.367973594709494
2018-09-25,1.907665549539269,2.7018707092154877,4.453471846953234
2018-09-26,1.9210220423001636,2.692687154637537,4.457250873878129
2018-09-27,1.9317074432452368,2.7284012878979813,4.529522862541332
2018-09-28,1.9135888365525862,2.7045918657243515,4.541332026452526
2018-10-01,1.8815331447510606,2.7187075462365233,4.52149272555503
2018-10-02,1.860975606526727,2.6744897563688728,4.421350873878129
2018-10-03,1.885830415466444,2.705782460982695,4.388285403873406
2018-10-04,1.813356662331165,2.6343536842577153,4.046764194615021
2018-10-05,1.7959350591390255,2.637245061857909,4.032120973075106
2018-10-08,1.7554007260255682,2.528061165443217,3.8304202172886157
2018-10-09,1.7066202719307846,2.5255102470324875,3.8398677846008495
2018-10-10,1.6061555889931607,2.3437074888385627,3.7151630609352857
2018-10-11,1.6480835922899788,2.368027336190941,3.7005194142654703
2018-10-12,1.7106852081459973,2.4955783587683396,3.859707085498347
2018-10-15,1.67433225724349,2.4141156362944836,3.768540340103921
2018-10-16,1.7375146280491205,2.5074830698551542,3.9130843646669815
2018-10-17,1.7205575196412894,2.5001700255130954,3.9504013698630134
2018-10-18,1.6494774366893714,2.429251673966865,3.8682096835144066
2018-10-19,1.6600464148675125,2.389285839953841,3.315068493150685
2018-10-22,1.7282230715034395,2.4311224393048034,3.4312706188001894
2018-10-23,1.7032520023984201,2.3921769794587924,3.422768020784128
2018-10-24,1.621486692717461,2.2663264841211985,3.1705244685876237
2018-10-25,1.6794426174086554,2.394557914873434,3.3268776570618797
2018-10-26,1.659349573968631,2.3047620119857486,3.25555021256495
2018-10-29,1.5491290139170506,2.2277212113558025,3.25602267359471
2018-10-30,1.583391465351718,2.247789119860359,3.3698628247520075
2018-10-31,1.6524971231706647,2.334013730170301,3.585734718941899
2018-11-01,1.7566783218740607,2.373979564183326,3.625413320736892
2018-11-02,1.7141695636276322,2.3263604647340212,3.612659565422768
2018-11-05,1.6799071121929638,2.3034014337313167,3.524326924893717
2018-11-06,1.7124274729948306,2.278061212211925,3.405290316485593
2018-11-07,1.7711963245341769,2.4113944797856193,3.6660368918280573
2018-11-08,1.730429831136581,2.412755058040052,3.5876238545111003
2018-11-09,1.6823462179406783,2.328571434159378,3.461974539442608
2018-11-12,1.6587689932350518,2.2193877928467307,3.3443553613604164
2018-11-13,1.7070847783294953,2.2476191538710735,3.4487483230987244
2018-11-14,1.7472706793791095,2.1998300714256818,3.4199339631554087
2018-11-15,1.814401912065085,2.2532314158712823,3.578176665092111
2018-11-16,1.7897794376255385,2.2542517900382957,3.5876238545111003
2018-11-19,1.7367015385993385,2.0579932662924025,3.273972508266415
2018-11-20,1.6954703762014025,2.0522108852416823,3.3169580066131314
2018-11-21,1.7353078684159784,2.1018707160182095,3.4071798299480403
2018-11-23,1.7459930951450193,2.07534015434252,3.457723051487955
2018-11-26,1.8119628179317728,2.149830036561735,3.598015965989607
2018-11-27,1.8171894382622407,2.1690476729429875,3.5266888993859236
2018-11-28,1.8506387886327245,2.3918367583645703,3.811997968823807
2018-11-29,1.8150987529639662,2.3761905336086824,3.9631555030703836
2018-11-30,1.8682927379394365,2.4278911127192364,4.059518280585735
2018-12-03,1.9017422625259528,2.451530551896778,4.232404251299008
2018-12-04,1.839024386504632,2.368027336190941,4.049126169107227
2018-12-06,1.809872306849531,2.4159864016324217,4.021728814359944
2018-12-07,1.7777003664971047,2.312074818232565,3.800661265942371
2018-12-10,1.7587688329563025,2.334523917253808,3.923476523382144
2018-12-11,1.763414698337159,2.3263604647340212,3.9196978271138394
2018-12-12,1.759581922406084,2.3824829656884856,3.970241048653756
2018-12-13,1.7593495879059136,2.4003401598697307,3.979688238072744
2018-12-14,1.7305459170858515,2.330612165486601,3.929617477562589
2018-12-17,1.6722415719452162,2.225000071853742,3.7718468587624
2018-12-18,1.6355401889788659,2.2503402933731342,3.737364336324988
2018-12-19,1.592799096232267,2.2306123508607545,3.8290032120925845
2018-12-20,1.5692218831410425,2.1722789995285545,3.8852149267831844
2018-12-21,1.533101080908271,2.090306226025616,3.832309730751063
2018-12-24,1.5318234850597787,2.0634354432557047,3.7156355219650448
2018-12-26,1.602787493676829,2.2251700378430277,4.03023145961266
2018-12-27,1.6080139397912647,2.2993197159748253,4.136513934813415
2018-12-28,1.6154471455388417,2.2904761103822464,4.137930940009447
2018-12-31,1.5919861809985174,2.3294218253303027,4.203117760982524
2019-01-02,1.5876887360671015,2.3052721990692553,4.205479404818139
2019-01-03,1.516840987615354,2.217687010504881,3.990552810581011
2019-01-04,1.6231126974009915,2.346258662351338,4.113840151157298
2019-01-07,1.6620210142165162,2.418707541134481,4.379310297590931
2019-01-08,1.7048780070819507,2.4782313516706007,4.478979688238072
2019-01-09,1.7644599480710788,2.4828232565105997,4.525743882853094
2019-01-10,1.7617886820392261,2.500680195589798,4.511100614076523
2019-01-11,1.7574914113238422,2.5093538351930924,4.518186206896552
2019-01-14,1.7336818521180453,2.483843630677613,4.426546953235711
2019-01-15,1.752381051158677,2.5372449751232145,4.505432073689183
2019-01-16,1.798373979056306,2.526190400105278,4.455361360415683
2019-01-17,1.8114983115330614,2.54795934605373,4.389229948039679
2019-01-18,1.8236934686107653,2.5937074420698547,4.282947472838922
2019-01-22,1.7671312141029316,2.533163257366722,4.319319886632026
2019-01-23,1.7657375439195713,2.546768750795387,4.423712895606991
2019-01-24,1.8102207272989719,2.4977890730916505,4.408124704770902
2019-01-25,1.8491290441144965,2.5465987677992983,4.528105857345301
2019-01-28,1.845760762967729,2.505612321524019,4.4742560699102505
2019-01-29,1.8220674639272352,2.4690475419906046,4.403401086443079
2019-01-30,1.937514644309283,2.53673480504651,4.487954747283892
2019-01-31,1.9569106726343939,2.5845238704851,4.648087009919697
2019-02-01,1.9508711370701768,2.6508503001845294,4.6754843174303256
2019-02-04,1.9361207999098904,2.6823129877944383,4.826641473783658
2019-02-05,1.9957027408990187,2.7039116956447566,4.854510958904108
2019-02-06,1.9921022994681135,2.689285845055882,4.890883372697213
2019-02-07,1.9391406606072168,2.634863871341222,4.834671610769957
2019-02-08,1.9437863517720406,2.664455793613193,4.928672461029759
2019-02-11,1.9448316015059604,2.719557937407448,4.939537080774679
2019-02-12,1.9594658643313794,2.7685373430023352,5.012754038734059
2019-02-13,1.9674796508125356,2.7278911008144737,4.971658006613132
2019-02-14,1.955633088400304,2.7120748930624976,4.9508737836561165
2019-02-15,1.9297328438962327,2.70493206981177,4.95512527161077
2019-02-19,1.9765388728580453,2.731462648494263,4.908361076995749
2019-02-20,1.9826946685875653,2.696258430208476,4.918280727444497
2019-02-21,1.9937283157660466,2.714796049571361,4.867265044874823
2019-02-22,2.0548200012734026,2.743367359581077,4.971658006613132
2019-02-25,2.1283391899730355,2.7442177507520027,5.0425129900803025
2019-02-26,2.131707285289368,2.7721088906821243,5.001416957959377
2019-02-27,2.1437863680322033,2.7741496220093467,5.022673689182806
2019-02-28,2.1257840098904532,2.7831632105980124,5.076995890410959
2019-03-01,2.1356563213857447,2.7981292822811104,5.240906802078413
2019-03-04,2.174796798485408,2.6955782771356853,4.946150165328294
2019-03-05,2.1486643936971976,2.6695578855366984,4.9329239489844126
2019-03-06,2.139024416702077,2.666496524940417,4.888993859234766
2019-03-07,2.059465866654259,2.6462586504465757,4.922531837505904
2019-03-08,2.032868792865709,2.637074840766579,4.92442135096835
2019-03-11,2.09535433438686,2.681122392536095,5.172886254133206
2019-03-12,2.097909514469443,2.6918367634666116,5.240434671705243
2019-03-13,2.098722429703192,2.7178571550655986,5.128956164383561
2019-03-14,2.0947735794372493,2.732483005654472,5.2187058573453005
2019-03-15,2.1018583647353855,2.7467686691627327,5.208785876239962
2019-03-18,2.1118467621799484,2.754251696500879,5.253660888049126
2019-03-19,2.1154471919964504,2.7879250984340995,5.310344733112896
2019-03-20,2.1054588061662907,2.7807822751833724,5.329711950873878
2019-03-21,2.1080139862488734,2.839285711552478,5.455833726972131
2019-03-22,2.047154461025655,2.746598686166645,5.188001983939536
2019-03-25,2.0763067148967873,2.7360545533342613,5.189419036372224
2019-03-26,2.0682927541995992,2.7108842978041543,5.269249078885215
2019-03-27,2.0560975971218953,2.638095197926789,5.053849692961738
2019-03-28,2.064227643768354,2.639115572093803,5.12328762399622
