Date,BRK-B,SPY
2014-03-03,,
2014-03-04,,
2014-03-05,,
2014-03-06,,
2014-03-07,,
2014-03-10,,
2014-03-11,,
2014-03-12,,
2014-03-13,,
2014-03-14,,
2014-03-17,,
2014-03-18,,
2014-03-19,,
2014-03-20,,
2014-03-21,,
2014-03-24,,
2014-03-25,,
2014-03-26,,
2014-03-27,,
2014-03-28,,
2014-03-31,,
2014-04-01,1.0,1.0
2014-04-02,0.9967168801261259,1.0033464605031182
2014-04-03,0.9954356260915027,1.0020185618986273
2014-04-04,0.9921525062176288,0.9901726529196407
2014-04-07,0.9859065179189584,0.9792297935881493
2014-04-08,0.9859865467485556,0.9832669115199978
2014-04-09,0.9930333518505767,0.9938379979539116
2014-04-10,0.9790999354364174,0.9729615514421333
2014-04-11,0.9745355535202327,0.964196646418894
2014-04-14,0.9792601212186127,0.9717926053418131
2014-04-15,0.9911114667947982,0.9784859662535035
2014-04-16,1.0089686341039867,0.9887383441184463
2014-04-17,1.0184177054392467,0.9901194947445372
2014-04-21,1.012972477890114,0.9935721836167712
2014-04-22,1.0181774908274541,0.9980876782013004
2014-04-23,1.018577835167629,0.9957503197526114
2014-04-24,1.0165759132745653,0.9977690634788264
2014-04-25,1.019058336460402,0.9895883177065233
2014-04-28,1.0225816789537556,0.9927223918562827
2014-04-29,1.0289078161973368,0.9973439388477456
2014-04-30,1.0317905917310362,1.000318796550062
2014-05-01,1.0334721420597086,1.0004250307845834
2014-05-02,1.0257046690992473,0.9989906340022984
2014-05-05,1.0138533315307492,1.0009029558009979
2014-05-06,0.9983183936175142,0.992191214818268
2014-05-07,1.0205797570606925,0.998034602141882
2014-05-08,1.014333768762022,0.9969719841225805
2014-05-09,1.0196989034200568,0.9984593689831928
2014-05-12,1.019298559079882,1.0081806577912122
2014-05-13,1.0241031556078593,1.0090836135922105
2014-05-14,1.0212203880818476,1.0043026683257164
2014-05-15,1.0118514096376858,0.9954846872430588
2014-05-16,1.0158552534238128,0.998937651789377
2014-05-19,1.0180172970375712,1.0026028149960606
2014-05-20,1.009449079342947,0.9962815906371228
2014-05-21,1.0142537399324247,1.0046745350697908
2014-05-22,1.0168161919478584,1.0071183037151832
2014-05-23,1.0153748081848528,1.0111556034746196
2014-05-27,1.02114029519075,1.0173704117714477
2014-05-28,1.02065984995179,1.0166268542454808
2014-05-29,1.0258648628891303,1.0218859063559769
2014-05-30,1.0277065909923109,1.02353260151053
2014-06-02,1.0240230627167617,1.0247013657832622
2014-06-03,1.0164157835461833,1.024170012783066
2014-06-04,1.0188181138409218,1.0262417328567965
2014-06-05,1.0265855227398828,1.0329348239598084
2014-06-06,1.0301889581243342,1.037875173366739
2014-06-09,1.024903916357397,1.0389377913860411
2014-06-10,1.0269859311415581,1.0390437616772903
2014-06-11,1.026745708522078,1.0354313108748499
2014-06-12,1.0192184661887842,1.0281008964803928
2014-06-13,1.0132927934006917,1.031235240438831
2014-06-16,1.0101698032552,1.032084762390641
2014-06-17,1.009208856723467,1.0349533858584357
2014-06-18,1.018337612548149,1.0425497025711246
2014-06-19,1.0189782435693044,1.043718290881675
2014-06-20,1.0148943068920797,1.0458358373729364
2014-06-23,1.014333768762022,1.0455156096637959
2014-06-24,1.0152146224026575,1.0392171196187394
2014-06-25,1.0180172970375712,1.0439144711180957
2014-06-26,1.017777074418091,1.0431670658857546
2014-06-27,1.019538781699362,1.0451952939735651
2014-06-30,1.0134529231290739,1.0446615244260733
2014-07-01,1.0188981506782062,1.0516536280645135
2014-07-02,1.0228219576270488,1.0527210850438127
2014-07-03,1.0353940271154878,1.0578984203171096
2014-07-07,1.0305893665260095,1.0542158075274042
2014-07-08,1.026745708522078,1.047436975918637
2014-07-09,1.0309897749276848,1.0521340634747207
2014-07-10,1.0285874446329462,1.0479707454661291
2014-07-11,1.0300288924574525,1.0494121279470294
2014-07-14,1.0328315110385533,1.054696149091114
2014-07-15,1.0289078161973368,1.0527210850438127
2014-07-16,1.0258648628891303,1.0566175153459552
2014-07-17,1.013132607618496,1.0446083603855638
2014-07-18,1.027226153761038,1.0552830826791157
2014-07-21,1.0296284840557768,1.053308200459402
2014-07-22,1.0283472220134662,1.0578984203171096
2014-07-23,1.0260250486713258,1.0602470579416485
2014-07-24,1.0277867479449092,1.0603005739065212
2014-07-25,1.0213805738640434,1.0553366045093946
2014-07-28,1.0279468136117906,1.0557635122239168
2014-07-29,1.0198590972099395,1.0512266323689001
2014-07-30,1.0229019944643336,1.0513869221856522
2014-07-31,1.0044042521878025,1.0306237835881011
2014-08-01,1.0076073432320787,1.027474764383706
2014-08-04,1.0387572398804588,1.0348940514107536
2014-08-05,1.024903916357397,1.0248590630905365
2014-08-06,1.0338725504613842,1.0251793787807677
2014-08-07,1.032591288419073,1.0196285637767304
2014-08-08,1.0482062551619051,1.0314244408420425
2014-08-11,1.0566143511358346,1.0344135280194555
2014-08-12,1.0655028923487242,1.0329724153472342
2014-08-13,1.0656630781309198,1.0399644368699894
2014-08-14,1.0834401525490107,1.0448747964557463
2014-08-15,1.075752716425834,1.0446615244260733
2014-08-18,1.0812780448737518,1.053415062292372
2014-08-19,1.0802370054509205,1.058912625274809
2014-08-20,1.080317162403519,1.0617415985976517
2014-08-21,1.095531720744676,1.0648371898182651
2014-08-22,1.0870435879334621,1.0631827992509644
2014-08-25,1.0908872459373935,1.0685736822280192
2014-08-26,1.091047431719589,1.0692675714954871
2014-08-27,1.093209539394848,1.068840751762056
2014-08-28,1.0899263634671608,1.0682533665377882
2014-08-29,1.099055119291843,1.071295793717892
2014-09-02,1.1047406335219565,1.0707619361893093
2014-09-03,1.1028987772957743,1.0701750026013075
2014-09-04,1.1046604765693577,1.0686269342496193
2014-09-05,1.105621479154904,1.073430613829994
2014-09-08,1.1073030294835768,1.070655250318521
2014-09-09,1.0961723437581439,1.0638767764995232
2014-09-10,1.1028187404584902,1.0678798868070478
2014-09-11,1.1044202539498778,1.0691074576409172
2014-09-12,1.0977738572495321,1.0628623955796421
2014-09-15,1.1053811364201103,1.0620617383257012
2014-09-16,1.1105862054112636,1.0700680469218407
2014-09-17,1.1179532699700496,1.0715093414216499
2014-09-18,1.1313260922003385,1.0772204521078454
2014-09-19,1.1255605491406282,1.0762507303896893
2014-09-22,1.1151505312736354,1.0679390452925484
2014-09-23,1.1113068732697036,1.0618257261167412
2014-09-24,1.1206758517138657,1.070137587176064
2014-09-25,1.0977738572495321,1.0528700135690305
2014-09-26,1.110506056466353,1.0612359302105832
2014-09-29,1.1077034378852522,1.0593052555563285
2014-09-30,1.1061819532234614,1.0565171875753343
2014-10-01,1.0940102360828852,1.0421992269629434
2014-10-02,1.1021781094373344,1.0423598745694647
2014-10-03,1.1170724163294141,1.053835793734315
2014-10-06,1.114349834585598,1.0526022284554544
2014-10-07,1.094811052886236,1.0363539568439846
2014-10-08,1.1205958148765809,1.0544792053172487
2014-10-09,1.0977738572495321,1.0335655252078142
2014-10-10,1.0951313123430009,1.0217682169834243
2014-10-13,1.09208847114242,1.0049833956219907
2014-10-14,1.1001761875442708,1.006538531787979
2014-10-15,1.0861627342928266,0.9997279272745958
2014-10-16,1.078635491959533,0.9988702582737713
2014-10-17,1.0977738572495321,1.0106677483257498
2014-10-20,1.0988949335096474,1.0204809539121027
2014-10-21,1.1128283499238072,1.0406976126272336
2014-10-22,1.1022581462746186,1.0332971183611963
2014-10-23,1.110506056466353,1.0453094054484227
2014-10-24,1.1162715995260633,1.0533530356233092
2014-10-27,1.117312638948894,1.0519050310989697
2014-10-28,1.1247598524525908,1.0639707520353838
2014-10-29,1.1209962232782564,1.062362006058026
2014-10-30,1.117392667778491,1.0691721648005488
2014-10-31,1.122357522157852,1.0813988031521629
2014-11-03,1.1275624710336916,1.0819887750205024
2014-11-04,1.1385329629692416,1.0782351028364046
2014-11-05,1.1444586918111472,1.0850453495600183
2014-11-06,1.147421496174443,1.08938882351568
2014-11-07,1.1499840202590654,1.090407767721474
2014-11-10,1.1615151063784859,1.0938397869027594
2014-11-11,1.1607142895751352,1.0949122529388324
2014-11-12,1.1652787275451324,1.0937326552611109
2014-11-13,1.1714445588912044,1.0949658627502021
2014-11-14,1.1652787275451324,1.0952339997881415
2014-11-17,1.1640775023401067,1.095931021182445
2014-11-18,1.1676009088949608,1.1022588675848217
2014-11-19,1.1663196468526495,1.100489292173355
2014-11-20,1.1668802410365207,1.1024195210567493
2014-11-21,1.1747277428265792,1.1083184889681683
2014-11-24,1.179292180796577,1.111428579472557
2014-11-25,1.1836162840394686,1.110624426436605
2014-11-26,1.1866592373476754,1.1134663799030542
2014-11-28,1.1906630811338026,1.1111070085854293
2014-12-01,1.1893017902618943,1.1033850314133553
2014-12-02,1.2001120964152487,1.110517030851684
2014-12-03,1.1989910281628209,1.1148072527857458
2014-12-04,1.2015535442397551,1.1135738693344723
2014-12-05,1.2065983073333997,1.1153967847486304
2014-12-08,1.2166880657436272,1.1079431264420834
2014-12-09,1.2048367281751298,1.1071924131207256
2014-12-10,1.1937860792869812,1.0894427911168192
2014-12-11,1.2021941752609107,1.0949658627502021
2014-12-12,1.1728059778861146,1.0772695866143926
2014-12-15,1.1700832680192965,1.0698696319657122
2014-12-16,1.163356842489354,1.0612894520408622
2014-12-17,1.1887411960780234,1.0820957306999694
2014-12-18,1.2225336456406226,1.1088547630440473
2014-12-19,1.2136451124354206,1.1135724381753944
2014-12-22,1.2163676941792365,1.1186949084404247
2014-12-23,1.215166589089524,1.120204487997561
2014-12-24,1.2134849186455372,1.1203126050274272
2014-12-26,1.211963562106748,1.1239253197731403
2014-12-29,1.217568919384263,1.1254348113491852
2014-12-30,1.21788917083334,1.119395953503284
2014-12-31,1.2023542409277925,1.1082880592415396
2015-01-02,1.1945067391377338,1.1076950373620502
2015-01-05,1.177130073121318,1.0876903133640112
2015-01-06,1.1758488110790073,1.0774456309118159
2015-01-07,1.1921845657955932,1.0908715512438825
2015-01-08,1.2121236277736296,1.1102293796077898
2015-01-09,1.1969090694324727,1.1013323739093133
2015-01-12,1.1873799052061156,1.0927048484267632
2015-01-13,1.19018264390253,1.089631721711352
2015-01-14,1.1836964329843793,1.0830531878540581
2015-01-15,1.1817745479286004,1.0731318652378383
2015-01-16,1.1948271187098125,1.087205044859212
2015-01-20,1.19018264390253,1.0895235167003947
2015-01-21,1.1785714008305108,1.0950235020955335
2015-01-22,1.2023542409277925,1.111307840088854
2015-01-23,1.1941063307360582,1.1052146627174497
2015-01-26,1.1987508055433407,1.107802790736741
2015-01-27,1.1823350219971573,1.0931903808748347
2015-01-28,1.1593529987032267,1.0791708110648306
2015-01-29,1.1714445588912044,1.0891463710908684
2015-01-30,1.152386350553804,1.0754501611168394
2015-02-02,1.1749679654460592,1.0887687738450753
2015-02-03,1.1874599340357122,1.1045137056356815
2015-02-04,1.181374139526925,1.1003079690104793
2015-02-05,1.1985105829238607,1.111415417501363
2015-02-06,1.2025944635472725,1.108342026842679
2015-02-09,1.1941864876886568,1.1033811837069811
2015-02-10,1.200512504816924,1.1151361612958512
2015-02-11,1.1985906197611456,1.1157830627953893
2015-02-12,1.199471465394093,1.1265132718302495
2015-02-13,1.187860342437388,1.1311505733023846
2015-02-17,1.1945067391377338,1.132929814903035
2015-02-18,1.1905028953516066,1.1330379319329014
2015-02-19,1.1809737311252495,1.1322289458023573
2015-02-20,1.1909033037532821,1.1390229981398452
2015-02-23,1.180092877484614,1.1388613592797001
2015-02-24,1.1927450398641506,1.1420963887985291
2015-02-25,1.1913837489922425,1.1411258635197434
2015-02-26,1.187860342437388,1.1397777409951648
2015-02-27,1.1804132570566925,1.135895634014616
2015-03-02,1.1777707041424734,1.1430671897513995
2015-03-03,1.1685617913651936,1.1383758268316284
2015-03-04,1.1604740669556548,1.1335771621734332
2015-03-05,1.1696028307880244,1.134817079687055
2015-03-06,1.163356842489354,1.1188566352816611
2015-03-09,1.1701634249718953,1.123493754926208
2015-03-10,1.146620799486406,1.1052683605099105
2015-03-11,1.1486227213794693,1.1026801386441223
2015-03-12,1.1664798326348453,1.1166997964352174
2015-03-13,1.1528667877850765,1.1098518703430875
2015-03-16,1.168962199766869,1.1246800684938658
2015-03-17,1.159112776083747,1.1213370979073523
2015-03-18,1.1691223855490642,1.134817079687055
2015-03-19,1.1601538155065778,1.1296409057641577
2015-03-20,1.1653587643824173,1.1396108232695676
2015-03-23,1.1655989870018975,1.1373903564982073
2015-03-24,1.1554291837466968,1.1309990522676892
2015-03-25,1.1495836118573897,1.1144258958146693
2015-03-26,1.1453395454517827,1.1117718934199412
2015-03-27,1.1522261567639211,1.1143175148415303
2015-03-30,1.168962199766869,1.1279119658858598
2015-03-31,1.1556695264814907,1.1180545468686416
2015-04-01,1.1487027582167542,1.1141006590487557
2015-04-02,1.1495836118573897,1.1181087842784596
2015-04-06,1.1511851253487777,1.125637167858185
2015-04-07,1.145579768071263,1.122658286487313
2015-04-08,1.1473414673448465,1.1264492802501573
2015-04-09,1.150304271708142,1.1314323180823784
2015-04-10,1.1491031666184297,1.1376065846925334
2015-04-13,1.1487829151693527,1.132461556075804
2015-04-14,1.1430974009392392,1.1346279672649346
2015-04-15,1.1427771494901624,1.1397190282805245
2015-04-16,1.1378924520633995,1.1393941493043807
2015-04-17,1.126681617393056,1.12628701965697
2015-04-20,1.1378122951108016,1.1365777924699683
2015-04-21,1.1302050159402226,1.1352238514625799
2015-04-22,1.1370115984227638,1.1408025036837686
2015-04-23,1.1405348848623045,1.1436729161004107
2015-04-24,1.1378122951108016,1.146326742532957
2015-04-27,1.1298046075385475,1.1415606484746015
2015-04-28,1.141255664828371,1.1451896573183435
2015-04-29,1.140374819195423,1.1404772669178544
2015-04-30,1.1307656181317813,1.129049227062655
2015-05-01,1.1479820983660018,1.1412898250806875
2015-05-04,1.1703234906387767,1.144539447729789
2015-05-05,1.1575912994296436,1.1314323180823784
2015-05-06,1.1513453111309733,1.1267743410538893
2015-05-07,1.163597065108834,1.1312699695081005
2015-05-08,1.1876201278255956,1.1461643880932726
2015-05-11,1.1704836764209723,1.1406942106917204
2015-05-12,1.1594330275328235,1.1372817936974804
2015-05-13,1.1551889691349047,1.1374986494902553
2015-05-14,1.1673606862754808,1.149359861313647
2015-05-15,1.1631966567071585,1.150605509328987
2015-05-18,1.1677610946771566,1.1541803687440022
2015-05-19,1.173446480784268,1.1538010705304518
2015-05-20,1.168641940310104,1.152988688329801
2015-05-21,1.1632768056520693,1.1563467799331322
2015-05-22,1.1579116709940342,1.153584484546356
2015-05-26,1.1501442060412606,1.1411816200697307
2015-05-27,1.159112776083747,1.1520138637083748
2015-05-28,1.1590327392464619,1.1507137143399446
2015-05-29,1.1450993228323028,1.1435647990705444
2015-06-01,1.147902061528717,1.145893476718268
2015-06-02,1.1453395454517827,1.1447563035225634
2015-06-03,1.146620799486406,1.1477893343221623
2015-06-04,1.1320467520510906,1.1380942638792226
2015-06-05,1.1271620626320165,1.1361445266552792
2015-06-08,1.1172326021116095,1.1288325530974683
2015-06-09,1.118113455752245,1.1289953474426069
2015-06-10,1.127962879435367,1.1425897105058456
2015-06-11,1.131966723221494,1.146326742532957
2015-06-12,1.1233984334576814,1.1370112401122452
2015-06-15,1.1162715995260633,1.132515881466713
2015-06-16,1.1187540867734005,1.1387442975055952
2015-06-17,1.1208360374960609,1.1405855599099026
2015-06-18,1.1424567699180834,1.152067919290605
2015-06-19,1.128763696238718,1.1473333341935934
2015-06-22,1.133328014093402,1.1532111807777976
2015-06-23,1.131726500602014,1.1540819179033193
2015-06-24,1.1217969199662936,1.145700516589773
2015-06-25,1.1166720079277386,1.1419996447910092
2015-06-26,1.1193145608419575,1.14238063810691
2015-06-29,1.0931293904499373,1.1182704172731988
2015-06-30,1.0899263634671608,1.1205563126491354
2015-07-01,1.1012172269671021,1.1296997064598884
2015-07-02,1.1001761875442708,1.1283390554279704
2015-07-06,1.0961723437581439,1.1248013357641142
2015-07-07,1.1085842835182,1.132094252617643
2015-07-08,1.0962523805954285,1.1131543872240197
2015-07-09,1.1070628068640966,1.1146237828842522
2015-07-10,1.118914152440282,1.1292096987069948
2015-07-13,1.1322069378332862,1.1416186456097026
2015-07-14,1.1300448301580275,1.146843508268287
2015-07-15,1.1419763326868113,1.1463538583051627
2015-07-16,1.1524663793834011,1.1552795047814204
2015-07-17,1.1521461279343241,1.1563679012603465
2015-07-20,1.157190891027968,1.1571842191484627
2015-07-21,1.1499039834217806,1.1525037834801775
2015-07-22,1.1492633524006246,1.1499457215323399
2015-07-23,1.1385329629692416,1.1436866998046467
2015-07-24,1.1310858695808585,1.1317133472828331
2015-07-27,1.1268418031752514,1.1251823349454206
2015-07-28,1.146861022105886,1.1391695042523606
2015-07-29,1.1444586918111472,1.1471156748401883
2015-07-30,1.14389821774259,1.1473879293931804
2015-07-31,1.1430173641019543,1.145374024626963
2015-08-03,1.1397341881742675,1.1414554876093885
2015-08-04,1.1425368067553683,1.1392237416621789
2015-08-05,1.1491031666184297,1.143469216413424
2015-08-06,1.147902061528717,1.1339447354402732
2015-08-07,1.149503575020105,1.1316045146734275
2015-08-10,1.1484625355972744,1.1463538583051627
2015-08-11,1.1434978093409145,1.135631790453911
2015-08-12,1.1338886082772723,1.1370467668767386
2015-08-13,1.1366912268583733,1.1358497196159942
2015-08-14,1.1416560732300465,1.1394418526518497
2015-08-17,1.139654151336983,1.1459726831616746
2015-08-18,1.131966723221494,1.1425440659159025
2015-08-19,1.1248398812821878,1.1335638242400576
2015-08-20,1.1081838751165247,1.1103243405318681
2015-08-21,1.0747918339556013,1.075601142534177
2015-08-24,1.0375561347907463,1.0316259058093211
2015-08-25,1.0229019944643336,1.0189992936878023
2015-08-26,1.0618994569642723,1.059545649223614
2015-08-27,1.0908872459373935,1.083928218456814
2015-08-28,1.0869635510961773,1.0843635430290295
2015-08-31,1.073350386131095,1.075111316608871
2015-09-01,1.0442825683283765,1.0437080909405403
2015-09-02,1.0587764588110935,1.063518869421867
2015-09-03,1.0582158646272228,1.0648250191006947
2015-09-04,1.0381166088593035,1.0481709552365115
2015-09-08,1.064221630306413,1.0746759920366555
2015-09-09,1.045723888029882,1.0599811556234169
2015-09-10,1.0462844902214399,1.065913503560712
2015-09-11,1.0519698763285519,1.0707574608844865
2015-09-14,1.0482062551619051,1.0666209947048286
2015-09-15,1.0590967182678586,1.0800640126955543
2015-09-16,1.0616592343447926,1.089261825743713
2015-09-17,1.052770693131903,1.08686700977728
2015-09-18,1.0337925136240997,1.0687774757615027
2015-09-21,1.0488468861830609,1.0746860160156086
2015-09-22,1.0353940271154878,1.0607903118507362
2015-09-23,1.0342729588630593,1.0591489014270417
2015-09-24,1.0316304059488401,1.0554833804305892
2015-09-25,1.0381166088593035,1.055155187500022
2015-09-28,1.029948735504854,1.0280200770503203
2015-09-29,1.0314702201666452,1.0289500606424336
2015-09-30,1.0442024113757784,1.0481525202652713
2015-10-01,1.0400385019227698,1.051106972219912
2015-10-02,1.0396380935210943,1.0668081363505142
2015-10-05,1.0600577208534046,1.0857915875765538
2015-10-06,1.0505285486193596,1.08207147724592
2015-10-07,1.0624599310328298,1.0909343814735752
2015-10-08,1.0710282127889543,1.1007819583394287
2015-10-09,1.065262669729244,1.1014382503540654
2015-10-12,1.06822547409254,1.1024779639627107
2015-10-13,1.0585362361916133,1.0955297980810503
2015-10-14,1.0504483996744487,1.0902777258037633
2015-10-15,1.07142862119063,1.1070185155619194
2015-10-16,1.0715086580279147,1.1120517554045903
2015-10-19,1.0699871733661235,1.1125987749043678
2015-10-20,1.0743113967243287,1.111176279030974
2015-10-21,1.0667841463833474,1.1042829781575803
2015-10-22,1.0993753707409197,1.1226649085307523
2015-10-23,1.10329918569745,1.1353026121351266
2015-10-26,1.0970531973987796,1.1324031131698424
2015-10-27,1.0860827054632298,1.1301054048661052
2015-10-28,1.106342147013344,1.1430711254388644
2015-10-29,1.1041800313303978,1.1427976156889756
2015-10-30,1.089205695608721,1.1375457252392764
2015-11-02,1.1082639119538094,1.1510038701122254
2015-11-03,1.104580439732073,1.1543408403883415
2015-11-04,1.1004964470010357,1.15094909308505
2015-11-05,1.0936099477965233,1.1496907406001886
2015-11-06,1.0916880627407444,1.1490891259008238
2015-11-09,1.073030134682018,1.138366254488942
2015-11-10,1.0788757145790127,1.1409921557232463
2015-11-11,1.0807175708051948,1.1365063752858064
2015-11-12,1.0632607478361806,1.1206407979579942
2015-11-13,1.0566945080884331,1.108058135324068
2015-11-16,1.067424777404503,1.1249081096159932
2015-11-17,1.0657431069605166,1.1240874923852369
2015-11-18,1.090807209100109,1.141922315277541
2015-11-19,1.0940903930354835,1.1409377364858406
2015-11-20,1.0940903930354835,1.1450953239927135
2015-11-23,1.0889654729892406,1.1437825522704461
2015-11-24,1.0853619174894755,1.1453143265241055
2015-11-25,1.0820788616771027,1.1451500071733915
2015-11-27,1.0780750178909757,1.1464630487043377
2015-11-30,1.0737507945327704,1.14170340072724
2015-12-01,1.0924887594287818,1.1525903275465628
2015-12-02,1.0831999299295303,1.1408281003158052
2015-12-03,1.0622998653659481,1.1248534264353147
2015-12-04,1.0928891678304573,1.1467913296159955
2015-12-07,1.0858424828437496,1.1398435215241047
2015-12-08,1.067905222643463,1.1321841986195416
2015-12-09,1.0546925861953695,1.123376247381243
2015-12-10,1.0546925861953695,1.1262757463465265
2015-12-11,1.0434817515250259,1.1044473854893844
2015-12-14,1.0571749453197055,1.1100273808885595
2015-12-15,1.0800769397840393,1.1216802417579608
2015-12-16,1.0880846273562932,1.1380926567579628
2015-12-17,1.0727899120625377,1.1207502523004416
2015-12-18,1.0372357632263556,1.1007817765118408
2015-12-21,1.0505285486193596,1.1098621641307194
2015-12-22,1.0661435153621919,1.1199333068138775
2015-12-23,1.0742312397717304,1.1338018952065438
2015-12-24,1.0721492810413822,1.1319304670188806
2015-12-28,1.0659833295799963,1.1293438581397583
2015-12-29,1.0741512029344458,1.1413965989325665
2015-12-30,1.0671044058401118,1.1333064267606106
2015-12-31,1.057335010986587,1.121969500123115
2016-01-04,1.0470051500721926,1.1062851579770872
2016-01-05,1.0510089938583196,1.108156222509575
2016-01-06,1.051649624879475,1.0941775580414193
2016-01-07,1.03683535482468,1.0679265167852086
2016-01-08,1.0276265621627134,1.0562042974891719
2016-01-11,1.0278667847821936,1.0572501815049906
2016-01-12,1.0313901833293604,1.0657801535539844
2016-01-13,1.0109705559970503,1.0391990424372686
2016-01-14,1.0255446034323654,1.0562594264407108
2016-01-15,1.0100897023564148,1.0335855731657204
2016-01-19,1.0230621802465287,1.0349614390609534
2016-01-20,0.999599655659825,1.0216983189394313
2016-01-21,1.0059257368495933,1.0274216883242875
2016-01-22,1.0172966371868184,1.0484996877844355
2016-01-25,0.9939942343208096,1.032649952918386
2016-01-26,1.0080877804633517,1.0467385233652557
2016-01-27,1.0024824231858362,1.0353465557573127
2016-01-28,1.0090487269950847,1.0407401250903419
2016-01-29,1.0391576482821343,1.0661104932231682
2016-02-01,1.0302691150769323,1.0657252005646274
2016-02-02,1.006566303809248,1.0465186234267372
2016-02-03,1.0108904631059528,1.0527923262657928
2016-02-04,1.0204997202234076,1.0544434028786713
2016-02-05,1.0134529231290739,1.0343558006930327
2016-02-08,1.0152146224026575,1.0204324411385977
2016-02-09,1.0227418647359512,1.0204875759555425
2016-02-10,1.0136131089112692,1.0196069966786552
2016-02-11,1.0016816063824856,1.0063440466539093
2016-02-12,1.0255446034323654,1.027091706444873
2016-02-16,1.0294682982735817,1.0444273011659606
2016-02-17,1.0430813431233503,1.0614876030537181
2016-02-18,1.0478860037128284,1.0571399177365073
2016-02-19,1.0494074803669315,1.0566447190992518
2016-02-22,1.0569347227002255,1.0719438565678296
2016-02-23,1.0469251132349084,1.058405883518432
2016-02-24,1.0492472945847364,1.063248761607492
2016-02-25,1.0594971266695337,1.0761263251272
2016-02-26,1.0563741285163546,1.0736499800165615
2016-02-29,1.0743914255539257,1.0652299139462815
2016-03-01,1.0965727521598194,1.0902702063531968
2016-03-02,1.0948910897235202,1.0951682192592016
2016-03-03,1.0957719353564688,1.0994608636059646
2016-03-04,1.1048206623515533,1.1030380457217785
2016-03-07,1.1108264280307436,1.1039183610553933
2016-03-08,1.1034593714796455,1.0918660660334454
2016-03-09,1.114109611966118,1.0972594535388867
2016-03-10,1.1100256112273927,1.0981397688725012
2016-03-11,1.1262812089913805,1.1158606562521303
2016-03-14,1.1188341156029975,1.1144300133297218
2016-03-15,1.1242792870983174,1.1126137199590032
2016-03-16,1.119714969243633,1.1190526395558997
2016-03-17,1.1402946622428247,1.1261521446446672
2016-03-18,1.1383728973023595,1.1305753646610925
2016-03-21,1.1381326746828795,1.1321794535060408
2016-03-22,1.1385329629692416,1.131571040801055
2016-03-23,1.128763696238718,1.1241032468659082
2016-03-24,1.1219571137561766,1.1236053618726787
2016-03-28,1.131406121029935,1.1242692671843788
2016-03-29,1.136290818456698,1.1346686907791947
2016-03-30,1.1407752275970986,1.139647429268775
2016-03-31,1.136130752789816,1.1368815559843037
2016-04-01,1.1514253399605698,1.1446259038150834
2016-04-04,1.146861022105886,1.1409198352665515
2016-04-05,1.130685461179183,1.1295242017798226
2016-04-06,1.13468930496531,1.1418600246652055
2016-04-07,1.1275624710336916,1.1281965729840102
2016-04-08,1.1295643929267551,1.1312391761262959
2016-04-11,1.1290039108505103,1.1285838305535807
2016-04-12,1.1402946622428247,1.139094145515328
2016-04-13,1.1534272618536336,1.150600230463535
2016-04-14,1.1508648658920129,1.1506554473961645
2016-04-15,1.1487027582167542,1.1493830413983879
2016-04-18,1.1561499717204509,1.157459429866108
2016-04-19,1.1687219771473887,1.1611104515787856
2016-04-20,1.1698430453998172,1.1622168372580914
2016-04-21,1.1599936297243825,1.1559660505605045
2016-04-22,1.1700032391896997,1.1559660505605045
2016-04-25,1.170563713258257,1.153974516452992
2016-04-26,1.1772902589035135,1.15568932070269
2016-04-27,1.1819347337107962,1.1580681123797725
2016-04-28,1.1696829797329351,1.1475577094369342
2016-04-29,1.164958355980742,1.141362321499564
2016-05-02,1.1762492194806826,1.1504341162985674
2016-05-03,1.1597534071049025,1.1404217743111404
2016-05-04,1.1550288954603352,1.1340603660552995
2016-05-05,1.1521461279343241,1.1338390349577028
2016-05-06,1.1580717366609161,1.1379879416636098
2016-05-09,1.14437866298155,1.1389281251968577
2016-05-10,1.1593529987032267,1.1530893738901917
2016-05-11,1.1440582834094715,1.1423025050328115
2016-05-12,1.1475816899643265,1.142634369707571
2016-05-13,1.132286974670571,1.1326773384992705
2016-05-16,1.1358905301703361,1.1438512009829485
2016-05-17,1.1237988418593572,1.1331753114735907
2016-05-18,1.1328475688544417,1.1335071702829436
2016-05-19,1.1274022772438084,1.129579512558949
2016-05-20,1.1357303443881408,1.1367155356658334
2016-05-23,1.1329276056917266,1.1351664819259275
2016-05-24,1.1507848370624165,1.1498809263916174
2016-05-25,1.153747641425712,1.1576807609637052
2016-05-26,1.1454997312339779,1.158012713619555
2016-05-27,1.147902061528717,1.162991276146954
2016-05-31,1.125400355350745,1.1607786807505234
2016-06-01,1.1370115984227638,1.163157384446515
2016-06-02,1.1379724889006846,1.166697608638758
2016-06-03,1.1302050159402226,1.1632126072445508
2016-06-06,1.135650307550856,1.1691314412862883
2016-06-07,1.1323671316231692,1.170956773247742
2016-06-08,1.1413357016656556,1.174773903259981
2016-06-09,1.1389333713709169,1.1731696384528516
2016-06-10,1.13516975020427,1.162050910786118
2016-06-13,1.1286035024488346,1.1530893738901917
2016-06-14,1.1314862779825334,1.150821379733544
2016-06-15,1.1246796954999925,1.1492171090610084
2016-06-16,1.1370115984227638,1.1526467996760892
2016-06-17,1.126921840012536,1.1483566657231183
2016-06-20,1.1344490823458298,1.1557520570858857
2016-06-21,1.1493433892379097,1.1590328250411543
2016-06-22,1.1526265651655965,1.1571422463027121
2016-06-23,1.168962199766869,1.172211190045139
2016-06-24,1.1187540867734005,1.1301182031821235
2016-06-27,1.1090647287571602,1.1098780065924816
2016-06-28,1.1233184046280846,1.129895710734127
2016-06-29,1.1380525177302816,1.1491350402994451
2016-06-30,1.1594330275328235,1.1648155347390994
2016-07-01,1.1527867589554794,1.167262347530236
2016-07-05,1.1389333713709169,1.1588659952966487
2016-07-06,1.1411755158834604,1.1658167595531923
2016-07-07,1.1363709754092959,1.1650937837370825
2016-07-08,1.150304271708142,1.1824423586017765
2016-07-11,1.1525464162206853,1.1866128324057585
2016-07-12,1.1584721450625917,1.1952316770873426
2016-07-13,1.1685617913651936,1.1950650291704241
2016-07-14,1.1669602778738055,1.2017373567359908
2016-07-15,1.1688821629295842,1.2001250328609376
2016-07-18,1.173686823519062,1.2033499504197227
2016-07-19,1.1764894421001624,1.2021266789284935
2016-07-20,1.1704836764209723,1.2071310140501113
2016-07-21,1.1559097491009707,1.2025715758433955
2016-07-22,1.1579116709940342,1.2079654149851036
2016-07-25,1.1542280786569845,1.2046846470298347
2016-07-26,1.1558295921483726,1.2052405291581654
2016-07-27,1.15462848705866,1.203961765060222
2016-07-28,1.1564702231695279,1.2053517724494605
2016-07-29,1.1552691180798156,1.2072980197567993
2016-08-01,1.1525464162206853,1.2062971527324757
2016-08-02,1.1475816899643265,1.1985680197650106
2016-08-03,1.1501442060412606,1.2020710103595975
2016-08-04,1.1460602053025353,1.2033499504197227
2016-08-05,1.1663196468526495,1.2131920665925362
2016-08-08,1.1655989870018975,1.2124693605851047
2016-08-09,1.1788917723949015,1.2131920665925362
2016-08-10,1.1746477059892946,1.2101894655195653
2016-08-11,1.1830558019632238,1.2158055273005912
2016-08-12,1.1828956161810285,1.2147490796884624
2016-08-15,1.1833760614199884,1.2182521582641401
2016-08-16,1.1790519581770968,1.2119688830823976
2016-08-17,1.1937860792869812,1.2142486901668463
2016-08-18,1.1916239716117225,1.2169733061851062
2016-08-19,1.1911435263727623,1.2151938006411827
2016-08-22,1.1887411960780234,1.2151383080344684
2016-08-23,1.191303712154958,1.2175848568823324
2016-08-24,1.1884209446289462,1.2113571564229892
2016-08-25,1.1902626727321266,1.210523113277766
2016-08-26,1.1844171008428193,1.2082433061933175
2016-08-29,1.1955477785605646,1.2141930215979502
2016-08-30,1.2029948719489478,1.2121911995682124
2016-08-31,1.205076942786922,1.208743607733843
2016-09-01,1.203955874534494,1.2087994522649208
2016-09-02,1.20691867889779,1.2142486901668463
2016-09-06,1.2045963854403359,1.2179186864681213
2016-09-07,1.1977899230731082,1.2178073493303292
2016-09-08,1.1993914365644964,1.2150270647431733
2016-09-09,1.1740871118054237,1.185945619005042
2016-09-12,1.1929052256463457,1.2029608980358986
2016-09-13,1.1709641216599325,1.1856675459692405
2016-09-14,1.1673606862754808,1.1852227370354291
2016-09-15,1.174407491377502,1.1970665813914834
2016-09-16,1.161194734814095,1.19243957370698
2016-09-19,1.1630365830325888,1.1926634151983702
2016-09-20,1.1604740669556548,1.19271907790186
2016-09-21,1.1728059778861146,1.2061317600124535
2016-09-22,1.1733664519546712,1.213732012412607
2016-09-23,1.1611146979768103,1.2070818795435634
2016-09-26,1.1545483381137491,1.197301966001995
2016-09-27,1.1638372797206267,1.2047346789435092
2016-09-28,1.163356842489354,1.2107144662850007
2016-09-29,1.1498238264691822,1.1997607735485205
2016-09-30,1.1568706315712034,1.2088142213573747
2016-10-03,1.1511851253487777,1.2059081883297424
2016-10-04,1.1464606137042106,1.1997607735485205
2016-10-05,1.154308115494269,1.2050700335348727
2016-10-06,1.1520659709817256,1.2059081883297424
2016-10-07,1.1572710399728787,1.2017726195572112
2016-10-10,1.1627162114681986,1.2080319990746735
2016-10-11,1.152706602002881,1.1927748403172527
2016-10-12,1.1603940381260576,1.1943399066156972
2016-10-13,1.146861022105886,1.1904278156793806
2016-10-14,1.1545483381137491,1.1910424985034416
2016-10-17,1.1515054969131686,1.1869070177120011
2016-10-18,1.1555093406992953,1.1943399066156972
2016-10-19,1.1599936297243825,1.1975252678760275
2016-10-20,1.1570308173533987,1.1952899381657167
2016-10-21,1.1499039834217806,1.195848770593294
2016-10-24,1.1517457195326486,1.2009342829347536
2016-10-25,1.1484625355972744,1.196910497070875
2016-10-26,1.1526265651655965,1.1945074519397425
2016-10-27,1.156710445789008,1.1913220026983216
2016-10-28,1.1531070104045564,1.1878011108844455
2016-10-31,1.1555093406992953,1.1878571372431113
2016-11-01,1.1501442060412606,1.1792506451066853
2016-11-02,1.146620799486406,1.172153104928947
2016-11-03,1.1502242348708573,1.166788000411517
2016-11-04,1.1446989144306274,1.1655027081166311
2016-11-07,1.1764094132705654,1.191210125943172
2016-11-08,1.1834560902495852,1.1965751424795112
2016-11-09,1.211402967922877,1.2092614468384812
2016-11-10,1.249679706510563,1.2122790868125846
2016-11-11,1.2565663178227011,1.209484836693605
2016-11-14,1.2646540422322397,1.2104347802625337
2016-11-15,1.2608905411809068,1.2198796970025079
2016-11-16,1.2578475798650122,1.2175883467989372
2016-11-17,1.2683376265616015,1.2238476383353085
2016-11-18,1.2632127145230472,1.221109144766316
2016-11-21,1.270900150646224,1.2303304077078945
2016-11-22,1.2704997422445485,1.2327335466855236
2016-11-23,1.2660954900567465,1.2334041620217537
2016-11-25,1.2666559641253032,1.2379867744478041
2016-11-28,1.2569667262243764,1.232174714257946
2016-11-29,1.2626521203391763,1.234577759389078
2016-11-30,1.2607303473910236,1.2316158818303682
2016-12-01,1.2821908940308506,1.2270890200888984
2016-12-02,1.2763453141338554,1.2277036090664633
2016-12-05,1.282911682004605,1.2350806534390812
2016-12-06,1.2919602808766886,1.2389927443753985
2016-12-07,1.318786082289864,1.2551997587206565
2016-12-08,1.3141416154902692,1.2582734250534253
2016-12-09,1.3201473811694597,1.2658738592811665
2016-12-12,1.330237019464374,1.2644208398346473
2016-12-13,1.334240863250501,1.272859610684846
2016-12-14,1.3217488946608478,1.2623532372759696
2016-12-15,1.3271140293188828,1.2675505325260814
2016-12-16,1.3193465643661086,1.265070961442111
2016-12-19,1.324071188118302,1.2678254734350485
2016-12-20,1.3321589125278406,1.2727162366991653
2016-12-21,1.328875728592466,1.2691748511565233
2016-12-22,1.3295163596136215,1.266982303717999
2016-12-23,1.323830965498822,1.268837525788724
2016-12-27,1.3208680410202118,1.2719855654703078
2016-12-28,1.3112588399565703,1.261473103769943
2016-12-29,1.3056534826790553,1.261192074569488
2016-12-30,1.3050928884951845,1.2565823405058254
2017-01-03,1.3118994709777254,1.266195336321797
2017-01-04,1.313901392870789,1.2737281130906595
2017-01-05,1.3076554045721187,1.2727162366991653
2017-01-06,1.308536258212754,1.2772697625765745
2017-01-09,1.2974055724873215,1.2730535562015584
2017-01-10,1.293001320299519,1.2730535562015584
2017-01-11,1.2990871228159941,1.2766513258926355
2017-01-12,1.2925208830682464,1.2734471718712954
2017-01-13,1.296444569901775,1.276370302557587
2017-01-17,1.2783472360269192,1.2718730669821159
2017-01-18,1.2851538185094604,1.2746837812959007
2017-01-19,1.2765055079237386,1.2699618126873193
2017-01-20,1.282911682004605,1.2746276669561438
2017-01-23,1.2717008473342615,1.2713107446379337
2017-01-24,1.2869955546203287,1.279462134052917
2017-01-25,1.3152626837426973,1.2905365603076946
2017-01-26,1.320627818400732,1.289187452394898
2017-01-27,1.3164637888324098,1.2871636996119098
2017-01-30,1.3196669359304998,1.2791811048524626
2017-01-31,1.3143818301020616,1.2790686063642704
2017-02-01,1.3101377717041425,1.2795746325411088
2017-02-02,1.3052530742773802,1.280417802258158
2017-02-03,1.3127803166106735,1.2892436547157455
2017-02-06,1.3086162870423517,1.2869387906166174
2017-02-07,1.3046924800935091,1.2869950809185555
2017-02-08,1.304212034854549,1.2886814262180606
2017-02-09,1.3135810132987105,1.2963266956097086
2017-02-10,1.3133407986869186,1.3014423678691183
2017-02-13,1.3280750319044292,1.308525496744172
2017-02-14,1.3368834161647196,1.3137534915295912
2017-02-15,1.3395259690789392,1.3206117993904436
2017-02-16,1.343209553408301,1.3194875124918488
2017-02-17,1.349855950108647,1.3215673796145937
2017-02-21,1.3526585686897474,1.3294374758858494
2017-02-22,1.3581838971376656,1.328256980801001
2017-02-23,1.3625079923728696,1.3291565405318915
2017-02-24,1.3630685865567407,1.330842967947081
2017-02-27,1.3663517704921146,1.3329229230509168
2017-02-28,1.3726777876203826,1.3293252413409304
2017-03-01,1.4196028448014775,1.3479323505180734
2017-03-02,1.4084721590760445,1.339443999390467
2017-03-03,1.4067904966397462,1.3402871691075164
2017-03-06,1.4045483521272024,1.3362960535553805
2017-03-07,1.403747655439165,1.3323043045393905
2017-03-08,1.4011051025249461,1.3298310915555867
2017-03-09,1.4043081295077222,1.3315175189707762
2017-03-10,1.4011851393622312,1.336183461220692
2017-03-13,1.4044683152899176,1.336858106090884
2017-03-14,1.3991832174691674,1.3317422520038866
2017-03-15,1.3987027722302072,1.343266502114655
2017-03-16,1.393978268593328,1.3406244006288184
2017-03-17,1.3838886222907256,1.338270220195555
2017-03-20,1.3778828566115355,1.3368021677133095
2017-03-21,1.35706282087755,1.319638229965914
2017-03-22,1.3557015300056419,1.3227435753568015
2017-03-23,1.3604260336425216,1.321332000869488
2017-03-24,1.350576617967087,1.3203723031302852
2017-03-27,1.3408072231135626,1.3190171069260008
2017-03-28,1.3477738792706728,1.328615245668427
2017-03-29,1.334000640631021,1.3298574917482535
2017-03-30,1.3401666001000945,1.334091957132328
2017-03-31,1.3347213084894611,1.330986793569028
2017-04-03,1.3362427851435645,1.3286719876066317
2017-04-04,1.3361627563139675,1.3295187410867826
2017-04-05,1.3279148461222334,1.3255665542346533
2017-04-06,1.3330397581607885,1.329293022665454
2017-04-07,1.3306374278660493,1.3279379203076664
2017-04-10,1.332078875690556,1.3287283776204726
2017-04-11,1.3268738066994024,1.32714746299486
2017-04-12,1.322149303062523,1.321332000869488
2017-04-13,1.304452257474029,1.31275003199579
2017-04-17,1.316063500546048,1.3243810500930313
2017-04-18,1.3107783947176102,1.32042868727872
2017-04-19,1.3033311892216008,1.318000937057272
2017-04-20,1.3211082636396925,1.3287283776204726
2017-04-21,1.308536258212754,1.3244937304088107
2017-04-24,1.3275144377205579,1.3390604956807737
2017-04-25,1.3415278909720025,1.3468520131070711
2017-04-26,1.3423287077753532,1.3460051716458294
2017-04-27,1.3336803891819438,1.3471342036579257
2017-04-28,1.3229501198658744,1.3441983626367067
2017-05-01,1.3247918479690546,1.3475859044438545
2017-05-02,1.3296765453958168,1.3480941653404006
2017-05-03,1.3351217168911365,1.3464566026230802
2017-05-04,1.3319987187379574,1.3480376052297838
2017-05-05,1.3336803891819438,1.3533448064586098
2017-05-08,1.321428635204083,1.3531190880372814
2017-05-09,1.30893666661443,1.3518770237850426
2017-05-10,1.3110186173370906,1.3543046801599945
2017-05-11,1.3074151819526387,1.3515381792770746
2017-05-12,1.3078155903543145,1.3492797574631137
2017-05-15,1.3116592483582459,1.3567324303814428
2017-05-16,1.3101377717041425,1.3554902722827067
2017-05-17,1.2913196578632204,1.3314384943549573
2017-05-18,1.2942024253892317,1.3368021677133095
2017-05-19,1.3071749593331587,1.3454969928649687
2017-05-22,1.3223094888447184,1.3523285427433847
2017-05-23,1.3251121074258192,1.355321031856311
2017-05-24,1.320707855238017,1.3584827613956336
2017-05-25,1.3236707797166263,1.3649756485936693
2017-05-26,1.3267937698621182,1.3646935460239058
2017-05-30,1.322149303062523,1.3635076840925144
2017-05-31,1.3235105939344312,1.3631688395845465
2017-06-01,1.3345612428225793,1.3740091364257085
2017-06-02,1.3315983103362814,1.378582446317751
2017-06-05,1.333440166562464,1.3775662764490226
2017-06-06,1.3303171764169723,1.373162388810964
2017-06-07,1.3332799807802684,1.3757030832914645
2017-06-08,1.3368033793274354,1.3763805904798125
2017-06-09,1.361306887283157,1.3742915088041507
2017-06-12,1.365310731069284,1.3740091364257085
2017-06-13,1.3730781960220575,1.380728005988345
2017-06-14,1.3729180102398626,1.3789776749741542
2017-06-15,1.3657111394709593,1.3763241183502868
2017-06-16,1.3651505452870885,1.376624743872381
2017-06-19,1.3737188270432132,1.3880854481739175
2017-06-20,1.3657111394709593,1.3787239433734932
2017-06-21,1.3582639259672626,1.3783834037631744
2017-06-22,1.3478540282155833,1.3777593245586082
2017-06-23,1.3390455238399788,1.3794048524973552
2017-06-26,1.3412076315152375,1.3803124595653573
2017-06-27,1.3400865632628094,1.3691923887206365
2017-06-28,1.3604260336425216,1.3814472220791716
2017-06-29,1.3557015300056419,1.369305878462452
2017-06-30,1.356262004074199,1.371859101450292
2017-07-03,1.3757207489362768,1.374185180723132
2017-07-05,1.376121157337952,1.3773623949344476
2017-07-06,1.3629084007745451,1.3647670219655939
2017-07-07,1.3704356431078388,1.3736177613410854
2017-07-10,1.3633088091762207,1.3750928816376307
2017-07-11,1.3552210847666817,1.3740716968467226
2017-07-12,1.3606662562620015,1.3843975565187596
2017-07-13,1.3588245201511335,1.3867236357915995
2017-07-14,1.35706282087755,1.3931913662630522
2017-07-17,1.3625881493254677,1.3930213222760266
2017-07-18,1.3637892544151804,1.393758879491596
2017-07-19,1.370916088346799,1.401304630538659
2017-07-20,1.3719571277696299,1.4019287038778196
2017-07-21,1.372037156599227,1.4006804633530014
2017-07-24,1.3722773792187068,1.4003402815324524
2017-07-25,1.3848495047609586,1.4037441936879078
2017-07-26,1.3854901357821137,1.403800935626113
2017-07-27,1.385730358401594,1.4024961291252724
2017-07-28,1.3933376375721724,1.4008508709952037
2017-07-31,1.4011051025249461,1.4000564779949325
2017-08-01,1.4116751860588206,1.4031770382491338
2017-08-02,1.4241672827714755,1.4038576775643175
2017-08-03,1.433296038596157,1.4011344927051361
2017-08-04,1.44074313198454,1.4036875397307944
2017-08-07,1.425688639310265,1.406297240713567
2017-08-08,1.4127962623189363,1.4028364047923185
2017-08-09,1.4258488331001482,1.4027798446817015
2017-08-10,1.4122357882503793,1.382978996332831
2017-08-11,1.4040679068882425,1.3850217178390105
2017-08-14,1.4196828736310743,1.3987514896665036
2017-08-15,1.421124321455581,1.398581357698387
2017-08-16,1.4296924830963917,1.4010209208476356
2017-08-17,1.4186419623312447,1.3791777967634455
2017-08-18,1.4218449893140215,1.3770219433052198
2017-08-21,1.428090969605004,1.3780998700343325
2017-08-22,1.4449871983901474,1.3925107269478696
2017-08-23,1.4412235772235003,1.3875179349453737
2017-08-24,1.4288116374634439,1.3842841606234408
2017-08-25,1.4381807360229195,1.3875179349453737
2017-08-28,1.430973745138703,1.3875747707300754
2017-08-29,1.4303331141175477,1.3891632869219392
2017-08-30,1.44418650170211,1.3957444132887111
2017-08-31,1.4506727126202603,1.4041414811018378
2017-09-01,1.4472293429026903,1.4061271028800435
2017-09-05,1.417200514506739,1.3960282168262312
2017-09-06,1.4156790298449473,1.40079385924832
2017-09-07,1.3932576007348878,1.4006239032423846
2017-09-08,1.4053491689305533,1.3989785512658193
2017-09-11,1.424327348438357,1.413899821679925
2017-09-12,1.4304132710701458,1.4186655579485112
2017-09-13,1.4327354444122862,1.4193463732258758
2017-09-14,1.4299328258311856,1.4188925257013298
2017-09-15,1.4405029093650599,1.4208027007614121
2017-09-18,1.4531550717445967,1.4238246342127492
2017-09-19,1.4654868625597421,1.4252499982697053
2017-09-20,1.4719731855855185,1.425763092260843
2017-09-21,1.4666880877647681,1.421943006083951
2017-09-22,1.4562780698977755,1.4222280648183676
2017-09-25,1.4615631677185255,1.419320242841888
2017-09-26,1.4562780698977755,1.4201754952954166
2017-09-27,1.4675689333977162,1.4257060863793658
2017-09-28,1.4670884961664434,1.427416585421017
2017-09-29,1.4679693417993915,1.4324340825138284
2017-10-02,1.4847053848023393,1.4386488908106567
2017-10-03,1.4867873355249999,1.4417278360088777
2017-10-04,1.4880685975673111,1.4434384288970254
2017-10-05,1.4983984584817054,1.4519909534323125
2017-10-06,1.5008808256137285,1.4503372784445507
2017-10-09,1.5014414197975996,1.4479426443057055
2017-10-10,1.5054452635837265,1.4517627304825973
2017-10-11,1.5011211683485226,1.4540435229552635
2017-10-12,1.4918322187339574,1.4518766659952733
2017-10-13,1.5004003803747687,1.453644446592487
2017-10-16,1.5051250121346493,1.4555828166594895
2017-10-17,1.500560566156964,1.45660928031585
2017-10-18,1.5042441584940136,1.4580347323538967
2017-10-19,1.499119246455459,1.458433808716674
2017-10-20,1.5137732026050574,1.4659599575766913
2017-10-23,1.5165759413014717,1.46025815528991
2017-10-24,1.5196989394546507,1.462824000631587
2017-10-25,1.5111307778138399,1.4555828166594895
2017-10-26,1.5103299610104892,1.4574644447882874
2017-10-27,1.5101697672206065,1.4693809673908056
2017-10-30,1.5042441584940136,1.4639073880537399
2017-10-31,1.4969571307725125,1.4661879986988182
2017-11-01,1.4987988668833807,1.4681264567469126
2017-11-02,1.5103299610104892,1.468696838159018
2017-11-03,1.4995996836867316,1.4736003938737476
2017-11-06,1.4948750599345386,1.4758810103842324
2017-11-07,1.4918322187339574,1.4748546347089628
2017-11-08,1.4782191738841888,1.4773632043604834
2017-11-09,1.4773383202435533,1.472003824479366
2017-11-10,1.4708519972177772,1.4715475604075234
2017-11-13,1.4766175402774868,1.472916088679778
2017-11-14,1.4681294074662732,1.4694950788656633
2017-11-15,1.4558776614960998,1.4621398713997993
2017-11-16,1.4577995465518787,1.4745694938588614
2017-11-17,1.4498718958169095,1.4702362198443344
2017-11-20,1.4544363337869075,1.4727449654580371
2017-11-21,1.4668481534316502,1.482380695587889
2017-11-22,1.4618834271752905,1.4810696248333786
2017-11-24,1.4602819136839025,1.484490546666403
2017-11-27,1.4693306326712992,1.4837492238601435
2017-11-28,1.5017616712466766,1.4988017913888567
2017-11-29,1.5202595336385214,1.497889257379766
2017-11-30,1.5455637382822807,1.5110034548414766
2017-12-01,1.5579756780423368,1.5078674099152813
2017-12-04,1.5771942002849342,1.5060427055522756
2017-12-05,1.5700673583456284,1.5006262259431835
2017-12-06,1.5695868009990424,1.5009113726586911
2017-12-07,1.5722293459055734,1.5056438989981769
2017-12-08,1.5730301627089245,1.5138540011278006
2017-12-11,1.5751121214392725,1.518415586073133
2017-12-12,1.59409042106239,1.5210951850998982
2017-12-13,1.5807174787167872,1.520924419667927
2017-12-14,1.5747918699901953,1.5147092535813294
2017-12-15,1.583760440032682,1.527323243349011
2017-12-18,1.5962524086223353,1.5370081079854105
2017-12-19,1.5848014794555125,1.5311054683297989
2017-12-20,1.583840468862279,1.5303030221270097
2017-12-21,1.5926489732378837,1.5334549974960583
2017-12-22,1.5848815082851095,1.5330538623757548
2017-12-26,1.582078889704009,1.5312200255755166
2017-12-27,1.5910474597464954,1.531965014260562
2017-12-28,1.5980141159036059,1.5351169896296106
2017-12-29,1.5872838385798487,1.529328737122941
2018-01-02,1.5792761510075946,1.5402746406001768
2018-01-03,1.5998558440067865,1.5500169627543199
2018-01-04,1.6070628348910032,1.5565500338492584
2018-01-05,1.6129084147879982,1.5669229634049109
2018-01-08,1.6234786184371863,1.5697883667647794
2018-01-09,1.6257207629497294,1.5733416532163134
2018-01-10,1.6464606497388048,1.5709344905701277
2018-01-11,1.6551089603245264,1.5823960864133852
2018-01-12,1.6828956522156222,1.5927117402788813
2018-01-16,1.6839365635154522,1.5872675172991355
2018-01-17,1.7149264025046376,1.6023966107806868
2018-01-18,1.7071589295441765,1.5997034040118674
2018-01-19,1.7076393747831367,1.6069814637918514
2018-01-22,1.7294202929873548,1.6200476001163227
2018-01-23,1.7261371170596675,1.6234863293221382
2018-01-24,1.7265375254613433,1.6228558978828116
2018-01-25,1.7224536448379315,1.6235432530879312
2018-01-26,1.739189679833192,1.6423407240186858
2018-01-29,1.7253364203716306,1.6314519202694242
2018-01-30,1.7169283243977012,1.6147181162098827
2018-01-31,1.7166881017782214,1.6155205624126716
2018-02-01,1.7396701250721522,1.6136865496502522
2018-02-02,1.6745675850712904,1.5785567617046232
2018-02-05,1.5759129382426234,1.512537293718068
2018-02-06,1.6114670870788055,1.5423377737194384
2018-02-07,1.6045003188140685,1.5339706898620797
2018-02-08,1.5328315390654594,1.4764333087494612
2018-02-09,1.5696669499439528,1.4986115176163364
2018-02-12,1.5926489732378837,1.5206177997008408
2018-02-13,1.5854421024689804,1.5244003824713983
2018-02-14,1.6058616096859768,1.5449738748948776
2018-02-15,1.6327674479364374,1.5646878155221875
2018-02-16,1.631886594295802,1.565146232198053
2018-02-20,1.6259609855692099,1.5553464525261662
2018-02-21,1.6097053878052223,1.5476099760703164
2018-02-22,1.6073830943477676,1.5496158276340162
2018-02-23,1.6236386921117554,1.5743157622582
2018-02-26,1.686579116429671,1.5925971830331636
2018-02-27,1.6788918084294953,1.5727110458148046
2018-02-28,1.6591928409479377,1.5567795061304635
2018-03-01,1.6137892684286335,1.5341427046255414
2018-03-02,1.6122677837668429,1.5420511958448526
2018-03-05,1.6274824622233135,1.5598740239817688
2018-03-06,1.6379725169275907,1.5638284514190122
2018-03-07,1.6359705950345276,1.5632554774974285
2018-03-08,1.6438981256541827,1.570820109286592
2018-03-09,1.7051570076511129,1.5981559691240337
2018-03-12,1.6961884376086265,1.5961502935225156
2018-03-13,1.674647742023889,1.5858348214846074
2018-03-14,1.657511290619265,1.5776968521186843
2018-03-15,1.6641576873196111,1.5759775784295706
2018-03-16,1.6572710760074727,1.5776868281397314
2018-03-19,1.6334882279025034,1.5563398880810144
2018-03-20,1.639574030418979,1.558986910642533
2018-03-21,1.6402146614401345,1.5559949611469637
2018-03-22,1.5825593349429694,1.5170994124153518
2018-03-23,1.5411596062097914,1.4847629771815767
2018-03-26,1.5962524086223353,1.5253848732820081
2018-03-27,1.5707078692514702,1.4994352669739277
2018-03-28,1.5748718988197923,1.4950045275069368
2018-03-29,1.5973734848824506,1.514107281092195
2018-04-02,1.5614990765895034,1.4814258309432782
2018-04-03,1.585201887857188,1.5004134876654618
2018-04-04,1.6024183680914084,1.5164662946200504
2018-04-05,1.6083440969333143,1.528434280295321
2018-04-06,1.5654228835383455,1.494371767501404
2018-04-09,1.5641416295037225,1.5017367291375423
2018-04-10,1.5839206258148772,1.5256148851805706
2018-04-11,1.5632607758630868,1.5176172515199913
2018-04-12,1.5865631787290961,1.530102900337719
2018-04-13,1.5775144517340112,1.5256148851805706
2018-04-16,1.5872838385798487,1.538157991516042
2018-04-17,1.5956919345537781,1.5546139923484608
2018-04-18,1.5976137075019308,1.5557647674208133
2018-04-19,1.6045804757666675,1.5471342036579254
2018-04-20,1.602578553873604,1.5340152610827145
2018-04-23,1.5968930396434906,1.5337852491841513
2018-04-24,1.5759129382426234,1.5131292363628435
2018-04-25,1.5759129382426234,1.51686904272702
2018-04-26,1.5777546743534914,1.5322893594847546
2018-04-27,1.5793561878448794,1.53372760983882
2018-04-30,1.551329281341991,1.5219325363341378
2018-05-01,1.562379930230139,1.524636840451219
2018-05-02,1.5479660685770193,1.5143951141636773
2018-05-03,1.5343530237272507,1.5110576922512942
2018-05-04,1.5666239886280584,1.5306207394423572
2018-05-07,1.5779948969729714,1.5357993299125503
2018-05-08,1.5714286492175364,1.5357993299125503
2018-05-09,1.6004964750279418,1.5506438162959522
2018-05-10,1.6111467155144146,1.565143188052309
2018-05-11,1.595932157173258,1.5699188544533509
2018-05-14,1.5949711545877114,1.5706670691117277
2018-05-15,1.5803972272677107,1.5598498585088099
2018-05-16,1.5841608484343574,1.5664088840255552
2018-05-17,1.5814382586828533,1.5650859123621526
2018-05-18,1.5699872094007177,1.5611731938273874
2018-05-21,1.5848014794555125,1.57291080394892
2018-05-22,1.5865631787290961,1.5685378856548475
2018-05-23,1.5691063557600822,1.5728533464311765
2018-05-24,1.5601377857175955,1.5696313850370442
2018-05-25,1.5546924941069626,1.5658914027106854
2018-05-29,1.5204195993054035,1.5478818786989452
2018-05-30,1.5542922058206008,1.5685378856548475
2018-05-31,1.5337123927060952,1.5589290953350199
2018-06-01,1.5393177499836102,1.5742344970572675
2018-06-04,1.5318706565952271,1.5817142857478024
2018-06-05,1.52762659018962,1.5828648848579738
2018-06-06,1.553411352179965,1.5960987424686726
2018-06-07,1.5660635145595012,1.5959261880878535
2018-06-08,1.5695868009990424,1.6006443969711515
2018-06-11,1.5641416295037225,1.6027730408106744
2018-06-12,1.5636611842647625,1.6048444030946356
2018-06-13,1.5578956412050518,1.5997234519697736
2018-06-14,1.5414798576588689,1.6037512673676142
2018-06-15,1.5355541288169632,1.6017053198881024
2018-06-18,1.5303491799411235,1.5984110380372756
2018-06-19,1.5242633774246486,1.5922844747745897
2018-06-20,1.5174567949421074,1.5950009496092414
2018-06-21,1.5123318829035524,1.5850021215173713
2018-06-22,1.5127322913052277,1.5878920422745624
2018-06-25,1.4952754683362142,1.5662762437329605
2018-06-26,1.4929532869863855,1.5697439715063264
2018-06-27,1.4807015410162125,1.5567397680044215
2018-06-28,1.4981582358622256,1.56564044544709
2018-06-29,1.4946348373150586,1.567894567918411
2018-07-02,1.504083972711819,1.5712466650767505
2018-07-03,1.489590074221414,1.5656982607546033
2018-07-05,1.5014414197975996,1.5784710211988682
2018-07-06,1.5019218650365593,1.5918221224112592
2018-07-09,1.5185778631945352,1.6061555676956427
2018-07-10,1.520659821924883,1.6119350514202553
2018-07-11,1.5207399788774814,1.600144811010165
2018-07-12,1.5211403872791571,1.6146515262549066
2018-07-13,1.5291480748514112,1.6159231286920535
2018-07-16,1.537476013872742,1.614478074466961
2018-07-17,1.5247438226636083,1.6210093566130517
2018-07-18,1.6050609129979398,1.624419269078905
2018-07-19,1.5814382586828533,1.6182928817784008
2018-07-20,1.575752752460428,1.616443296362897
2018-07-23,1.5843210342165523,1.619448671772933
2018-07-24,1.5892057316433152,1.6275979144492987
2018-07-25,1.5823991491607736,1.6414690073703526
2018-07-26,1.5811980440710611,1.6375967425411686
2018-07-27,1.5851217309045897,1.6264999397622801
2018-07-30,1.5942504867292717,1.618003981203016
2018-07-31,1.5844810998834342,1.6259794143016666
2018-08-01,1.5843210342165523,1.6232631212946032
2018-08-02,1.5860025845452252,1.6321063353541225
2018-08-03,1.6034593995065516,1.6390994302461865
2018-08-06,1.6500640851232564,1.6451101810662578
2018-08-07,1.6713645580885141,1.6505429489079728
2018-08-08,1.6731262573620975,1.6498493353145895
2018-08-09,1.6744075194044086,1.6475953888054504
2018-08-10,1.654628523093254,1.636556407199481
2018-08-13,1.6429372431839502,1.6304300198989765
2018-08-14,1.648222349012388,1.6408332032190756
2018-08-15,1.6375721085259156,1.628580434483473
2018-08-16,1.6620756164816368,1.6417580839079184
2018-08-17,1.6667200832812314,1.6475377553255248
2018-08-20,1.6692826073658538,1.6510632984064044
2018-08-21,1.669522821977646,1.6549355632355884
2018-08-22,1.660233880370769,1.6539530432014136
2018-08-23,1.6595132125123289,1.651756911999788
2018-08-24,1.6654388292466085,1.6616975669943748
2018-08-27,1.6856982707967236,1.6748175829388943
2018-08-28,1.6877803416346977,1.6756266511851234
2018-08-29,1.6917841854208246,1.6846427832806368
2018-08-30,1.679612468280248,1.6778227823867489
2018-08-31,1.6713645580885141,1.6778805976942623
2018-09-04,1.6820147985749867,1.674990671071665
2018-09-05,1.6997117240481678,1.670482607956611
2018-09-06,1.7046765704198403,1.6654545589983014
2018-09-07,1.7139653919114042,1.6622179164928061
2018-09-10,1.7225336816752164,1.6651076554224093
2018-09-11,1.7224536448379315,1.6705980626094565
2018-09-12,1.718369644099207,1.6710027756274548
2018-09-13,1.7207719743939456,1.680885973104298
2018-09-14,1.7326233199701304,1.6811748736796825
2018-09-17,1.7319826889489756,1.6722742021024195
2018-09-18,1.7480782210460817,1.68134850142981
2018-09-19,1.769298545066429,1.6831400955756195
2018-09-20,1.7751441249634237,1.6967799214012127
2018-09-21,1.7658552954641722,1.6952296183298166
2018-09-24,1.7467169301741736,1.6895981598578884
2018-09-25,1.7460762991530179,1.6880305010499665
2018-09-26,1.7305413692474703,1.68297971191237
2018-09-27,1.7352658728843493,1.6876821663149972
2018-09-28,1.7145259941029627,1.6878565096446634
2018-10-01,1.7198911287609977,1.6937203085813597
2018-10-02,1.7239750013767217,1.6927333132423623
2018-10-03,1.7328635425896108,1.693662311446258
2018-10-04,1.7534433557041167,1.6804250519000454
2018-10-05,1.757367170660646,1.6710196034774354
2018-10-08,1.778187086279318,1.6710196034774354
2018-10-09,1.7918001311290868,1.6685811136974944
2018-10-10,1.706438269693424,1.6157486035347988
2018-10-11,1.6430974289661455,1.5801593314094018
2018-10-12,1.6559898139651619,1.6021051998115095
2018-10-15,1.6418161749315225,1.5931060773935641
2018-10-16,1.6802530993014035,1.627940694644732
2018-10-17,1.6857784197416337,1.6282312082067827
2018-10-18,1.6712043723063186,1.604717675131347
2018-10-19,1.6802530993014035,1.6038468500247345
2018-10-22,1.6511051165383994,1.5966475509172968
2018-10-23,1.6335682647397884,1.5885194295681453
2018-10-24,1.6000160377966697,1.5403897374632516
2018-10-25,1.6173927038130853,1.5680250556069826
2018-10-26,1.5894459462551074,1.5404475527707655
2018-10-29,1.60185776589985,1.5319131054169488
2018-10-30,1.6283633158639486,1.554613810520873
2018-10-31,1.643818096824586,1.5712183820887393
2018-11-01,1.6484625716318686,1.5879389420614016
2018-11-02,1.654148077854294,1.5785336696009729
2018-11-05,1.7315824006626135,1.5872424602844557
2018-11-06,1.7497597713747546,1.5972862173867295
2018-11-07,1.7716208385238827,1.6314823499960525
2018-11-08,1.7810698538053293,1.6285213639790634
2018-11-09,1.7587284615325545,1.6126134560157308
2018-11-12,1.7250160407995523,1.5824816509569588
2018-11-13,1.745035259730187,1.5795206649399693
2018-11-14,1.729900738226315,1.568721895173698
2018-11-15,1.740711164494983,1.5850939444492087
2018-11-16,1.7489590746867165,1.5892162691348612
2018-11-19,1.7451954455123826,1.5623356058653592
2018-11-20,1.6872999044034247,1.5334225969929944
2018-11-21,1.6885010094931374,1.5386477294602574
2018-11-23,1.6581519216404208,1.528371631893216
2018-11-26,1.6866592733822696,1.553046145847545
2018-11-27,1.7018738317234265,1.5582714542769895
2018-11-28,1.7416720469652154,1.5941510640022551
2018-11-29,1.7432735604566034,1.5906675876136231
2018-11-30,1.7475977758071213,1.6003633677706963
2018-12-03,1.7681774768140008,1.6215542235088056
2018-12-04,1.6825752726435443,1.5690120509459786
2018-12-06,1.6652787635797266,1.566631734263321
2018-12-07,1.6406150698418094,1.5302296341664123
2018-12-10,1.6276425358978828,1.5331324412207132
2018-12-11,1.6197950341078244,1.533480770090277
2018-12-12,1.6213965475992125,1.5412023894725815
2018-12-13,1.620916102360252,1.5406797114079451
2018-12-14,1.6015375144507729,1.5122315652927032
2018-12-17,1.5848815082851095,1.4825640775082913
2018-12-18,1.5736707937300796,1.4809384156998624
2018-12-19,1.5628603674614114,1.4587603006794838
2018-12-20,1.5501281762522785,1.4350146969479598
2018-12-21,1.5382768306760932,1.4056118562848825
2018-12-24,1.5035233785279474,1.3684714775274591
2018-12-26,1.582078889704009,1.4376133005824705
2018-12-27,1.6024983969210054,1.4486504052585008
2018-12-28,1.6181935206164362,1.4467816634268122
2018-12-31,1.6350095924489811,1.4594537383106858
2019-01-02,1.6239590636761465,1.4609720866498785
2019-01-03,1.534753432128926,1.426109186410699
2019-01-04,1.5631005900808914,1.473877845176507
2019-01-07,1.5767937918832584,1.4854988392947952
2019-01-08,1.5719891312937813,1.4994555788751065
2019-01-09,1.5724695685250532,1.5064631730509461
2019-01-10,1.57415123896904,1.5117774420940726
2019-01-11,1.571828937503898,1.5123613374017355
2019-01-14,1.5677450648881741,1.5031345257860265
2019-01-15,1.5770340064950512,1.5203616515528837
2019-01-16,1.5888053232416395,1.5240407744259852
2019-01-17,1.5917681276049356,1.5356031496761304
2019-01-18,1.6374119227437198,1.556042036895985
2019-01-22,1.6073030575104834,1.5350192602338728
2019-01-23,1.6107463071127393,1.5382311976490515
2019-01-24,1.6097053878052223,1.539048682752973
2019-01-25,1.6235586552744712,1.5520711452639369
2019-01-28,1.6091447936213512,1.540274998389946
2019-01-29,1.6179532979969558,1.5382311976490515
2019-01-30,1.6492633884352188,1.562582445613902
2019-01-31,1.6459000475472465,1.576305859341228
2019-02-01,1.675128179255161,1.577064989520279
2019-02-04,1.6697630445971259,1.5881603611400894
2019-02-05,1.6641576873196111,1.5948176556699303
2019-02-06,1.6496636767215807,1.592715324041983
2019-02-07,1.6153907819200213,1.5775323568057888
2019-02-08,1.6089045710018712,1.579459271734761
2019-02-11,1.6259609855692099,1.5803352877257346
2019-02-12,1.6507847449740083,1.6006574650958485
2019-02-13,1.647982126392908,1.6058546723648695
2019-02-14,1.6237988778939512,1.6022924294382856
2019-02-15,1.6438981256541827,1.6197531450014013
2019-02-19,1.6471012727522727,1.6225562577489347
2019-02-20,1.650864901926607,1.6258263682613965
2019-02-21,1.6442185052262612,1.6200450955879362
2019-02-22,1.616832229744528,1.630089386442161
2019-02-25,1.6200352567273044,1.632308422054443
2019-02-26,1.6167520727919296,1.6311404613423404
2019-02-27,1.6198750629374212,1.630439862050342
2019-02-28,1.6119475323177657,1.6274029835443689
2019-03-01,1.6266016165903656,1.6375641660759228
2019-03-04,1.6160314129411775,1.6316076468002627
2019-03-05,1.6133088231896733,1.6293886111879805
2019-03-06,1.6069026491088072,1.6195193792429619
2019-03-07,1.595932157173258,1.6059715581767926
2019-03-08,1.59112749658378,1.6027596148962076
2019-03-11,1.6182735494460332,1.6260016089981897
2019-03-12,1.6215567333814074,1.6321331871830556
2019-03-13,1.6340487099787486,1.6429366082163313
2019-03-14,1.628603538483429,1.6418855333161522
2019-03-15,1.6360506318718122,1.6499973664326801
2019-03-18,1.6550288113796154,1.6559800160923281
2019-03-19,1.6427770574017548,1.6563906355742277
2019-03-20,1.6277226848427933,1.6514050052325289
2019-03-21,1.6370115143420443,1.670057131401167
2019-03-22,1.6059417666385754,1.6379146416841033
2019-03-25,1.597053225425686,1.6366829592005874
2019-03-26,1.6065022407071325,1.6488829216854504
2019-03-27,1.5952114973225053,1.6402607689148494
2019-03-28,1.6068226202792109,1.6464780817400644
